tournament_year,matchup,round_name,team,player,time_minute,player_x,player_y,xg,shot_type,situation,body_part,is_goal
2018,Argentina vs Croatia,,Croatia,Ivan Rakitić,90,21.4,50.3,,save,fast-break,right-foot,false
2018,Argentina vs Croatia,,Croatia,Luka Modrić,80,23.6,59.3,,goal,assisted,right-foot,true
2018,Argentina vs Croatia,,Croatia,Mario Mandžukić,33,4,42.9,,miss,assisted,head,false
2018,Argentina vs Croatia,,Croatia,Ante Rebić,45,20.4,42.3,,miss,assisted,right-foot,false
2018,Argentina vs Croatia,,Argentina,Sergio Agüero,53,9.8,32.6,,save,assisted,left-foot,false
2018,Argentina vs Croatia,,Argentina,Maxi Meza,64,7,41.5,,save,assisted,left-foot,false
2018,Argentina vs Croatia,,Argentina,Gonzalo Higuaín,84,19.2,29.3,,save,regular,right-foot,false
2018,Argentina vs Croatia,,Croatia,Ivan Rakitić,90,7.5,52.4,,goal,fast-break,right-foot,true
2018,Argentina vs Croatia,,Argentina,Marcos Acuña,49,21.9,31.2,,block,set-piece,left-foot,false
2018,Argentina vs Croatia,,Argentina,Nicolás Otamendi,64,11.4,52.4,,miss,corner,head,false
2018,Argentina vs Croatia,,Croatia,Mario Mandžukić,66,4.5,58.2,,miss,assisted,right-foot,false
2018,Argentina vs Croatia,,Argentina,Paulo Dybala,71,12.4,75.2,,miss,regular,left-foot,false
2018,Argentina vs Croatia,,Croatia,Mario Mandžukić,89,19.7,62.7,,block,assisted,left-foot,false
2018,Argentina vs Croatia,,Argentina,Maxi Meza,90,12.5,38.6,,block,assisted,left-foot,false
2018,Argentina vs Croatia,,Argentina,Maxi Meza,13,14.5,52.4,,block,regular,right-foot,false
2018,Argentina vs Croatia,,Croatia,Luka Modrić,89,25.4,68.8,,miss,regular,right-foot,false
2018,Argentina vs Croatia,,Croatia,Ante Rebić,53,11.4,38.2,,goal,regular,right-foot,true
2018,Argentina vs Croatia,,Croatia,Ivan Perišić,5,10.7,31.6,,save,assisted,left-foot,false
2018,Argentina vs Croatia,,Croatia,Ivan Rakitić,86,25.9,47.8,,post,free-kick,right-foot,false
2018,Argentina vs Croatia,,Croatia,Ivan Rakitić,80,16.5,32.8,,block,assisted,right-foot,false
2018,Argentina vs Croatia,,Croatia,Marcelo Brozovic,21,27.5,48,,block,assisted,right-foot,false
2018,Argentina vs Croatia,,Argentina,Enzo Pérez,30,14.2,41,,miss,regular,left-foot,false
2018,Argentina vs Croatia,,Argentina,Lionel Messi,64,2.1,42.9,,block,assisted,left-foot,false
2018,Argentina vs Croatia,,Croatia,Mateo Kovačić,86,15.8,43.3,,miss,set-piece,head,false
2018,Argentina vs Iceland,,Argentina,Eduardo Salvio,70,20.4,67.8,,block,assisted,left-foot,false
2018,Argentina vs Iceland,,Argentina,Lionel Messi,64,15,69.7,,block,corner,left-foot,false
2018,Argentina vs Iceland,,Argentina,Marcos Rojo,4,9.4,50.5,,miss,set-piece,head,false
2018,Argentina vs Iceland,,Iceland,Jóhann Guðmundsson,9,20.4,69.3,,block,assisted,left-foot,false
2018,Argentina vs Iceland,,Argentina,Sergio Agüero,19,13.4,41.5,,goal,regular,left-foot,true
2018,Argentina vs Iceland,,Argentina,Nicolás Otamendi,48,9.4,51.5,,miss,corner,head,false
2018,Argentina vs Iceland,,Argentina,Javier Mascherano,88,24.4,65.3,,save,assisted,right-foot,false
2018,Argentina vs Iceland,,Argentina,Lionel Messi,90,27.5,40,,block,free-kick,left-foot,false
2018,Argentina vs Iceland,,Argentina,Sergio Agüero,57,11.7,64.5,,block,corner,right-foot,false
2018,Argentina vs Iceland,,Iceland,Alfreð Finnbogason,23,7.3,46.6,,goal,regular,right-foot,true
2018,Argentina vs Iceland,,Argentina,Nicolás Otamendi,13,30.1,63.5,,miss,assisted,right-foot,false
2018,Argentina vs Iceland,,Iceland,Alfreð Finnbogason,9,6.7,71.9,,miss,assisted,right-foot,false
2018,Argentina vs Iceland,,Argentina,Lionel Messi,66,27.9,68.6,,miss,free-kick,left-foot,false
2018,Argentina vs Iceland,,Argentina,Lucas Biglia,42,8.1,65.3,,miss,corner,head,false
2018,Argentina vs Iceland,,Argentina,Éver Banega,71,21.3,25,,save,assisted,right-foot,false
2018,Argentina vs Iceland,,Iceland,Gylfi Sigurðsson,45,6.5,30.5,,save,regular,right-foot,false
2018,Argentina vs Iceland,,Argentina,Lionel Messi,39,6.5,27.4,,block,assisted,left-foot,false
2018,Argentina vs Iceland,,Argentina,Éver Banega,59,19.4,47.3,,block,assisted,left-foot,false
2018,Argentina vs Iceland,,Argentina,Lionel Messi,73,29.2,66,,block,free-kick,left-foot,false
2018,Argentina vs Iceland,,Argentina,Lionel Messi,84,23.3,48.4,,block,assisted,left-foot,false
2018,Argentina vs Iceland,,Iceland,Gylfi Sigurðsson,45,17.9,36.9,,miss,set-piece,right-foot,false
2018,Argentina vs Iceland,,Argentina,Lionel Messi,90,14.1,66.9,,miss,assisted,right-foot,false
2018,Argentina vs Iceland,,Argentina,Lionel Messi,17,21.1,64.7,,save,assisted,left-foot,false
2018,Argentina vs Iceland,,Iceland,Birkir Bjarnason,10,11.2,44.3,,miss,regular,right-foot,false
2018,Argentina vs Iceland,,Argentina,Nicolás Otamendi,28,11.4,46.4,,save,corner,head,false
2018,Argentina vs Iceland,,Iceland,Hörður Magnússon,23,10.1,25.5,,miss,assisted,left-foot,false
2018,Argentina vs Iceland,,Argentina,Lionel Messi,21,22.9,31.6,,save,regular,left-foot,false
2018,Argentina vs Iceland,,Argentina,Nicolás Tagliafico,8,13.8,56.9,,miss,set-piece,head,false
2018,Argentina vs Iceland,,Argentina,Sergio Agüero,56,9.4,61.4,,block,regular,right-foot,false
2018,Argentina vs Iceland,,Argentina,Lionel Messi,64,11.5,50,,save,penalty,left-foot,false
2018,Argentina vs Iceland,,Argentina,Lucas Biglia,33,25.8,39.8,,miss,assisted,right-foot,false
2018,Argentina vs Iceland,,Argentina,Cristian Pavon,83,21.9,28.7,,block,assisted,right-foot,false
2018,Argentina vs Iceland,,Argentina,Marcos Rojo,19,25.4,26.4,,miss,assisted,left-foot,false
2018,Argentina vs Iceland,,Argentina,Lionel Messi,81,24.1,48.9,,miss,assisted,left-foot,false
2018,Argentina vs Iceland,,Iceland,Gylfi Sigurðsson,1,24.6,66.2,,miss,assisted,left-foot,false
2018,Australia vs Peru,,Australia,Tom Rogić,12,20.9,59.4,,block,assisted,left-foot,false
2018,Australia vs Peru,,Peru,Paolo Guerrero,50,7.8,40,,goal,regular,left-foot,true
2018,Australia vs Peru,,Peru,Andre Carrillo,18,12.2,66,,goal,assisted,right-foot,true
2018,Australia vs Peru,,Australia,Mathew Leckie,21,8.4,51.3,,miss,assisted,head,false
2018,Australia vs Peru,,Australia,Aaron Mooy,55,24.5,74.4,,block,free-kick,right-foot,false
2018,Australia vs Peru,,Australia,Tim Cahill,60,9,42.1,,block,corner,right-foot,false
2018,Australia vs Peru,,Australia,Daniel Arzani,67,23.6,37.5,,miss,regular,right-foot,false
2018,Australia vs Peru,,Australia,Trent Sainsbury,40,4.3,48.5,,miss,set-piece,head,false
2018,Australia vs Peru,,Australia,Mile Jedinak,5,22.2,69.1,,miss,regular,right-foot,false
2018,Australia vs Peru,,Australia,Mile Jedinak,52,7.3,56.3,,save,corner,head,false
2018,Australia vs Peru,,Peru,Paolo Guerrero,25,11,43.3,,save,set-piece,head,false
2018,Australia vs Peru,,Australia,Mile Jedinak,83,27.3,43.6,,miss,free-kick,right-foot,false
2018,Australia vs Peru,,Australia,Tim Cahill,59,7.8,59.6,,miss,corner,head,false
2018,Australia vs Peru,,Peru,Yoshimar Yotún,33,29.4,36.6,,miss,assisted,left-foot,false
2018,Australia vs Peru,,Australia,Mile Jedinak,59,7.4,42.5,,miss,throw-in-set-piece,head,false
2018,Australia vs Peru,,Australia,Aziz Behich,59,12.1,43.5,,block,corner,left-foot,false
2018,Australia vs Peru,,Australia,Tom Rogić,27,12.7,48.7,,save,assisted,left-foot,false
2018,Australia vs Peru,,Australia,Mathew Leckie,66,11,59,,block,set-piece,right-foot,false
2018,Belgium vs England,Match for 3rd place,Belgium,Thomas Meunier,4,7.4,48.9,,goal,assisted,right-foot,true
2018,Belgium vs England,Match for 3rd place,Belgium,Kevin De Bruyne,45,14.4,61.4,,block,assisted,right-foot,false
2018,Belgium vs England,Match for 3rd place,Belgium,Dries Mertens,76,14.8,35.1,,miss,fast-break,right-foot,false
2018,Belgium vs England,Match for 3rd place,England,Fabian Delph,14,26.4,38,,save,assisted,right-foot,false
2018,Belgium vs England,Match for 3rd place,Belgium,Kevin De Bruyne,85,13.1,35.5,,block,fast-break,right-foot,false
2018,Belgium vs England,Match for 3rd place,England,Harry Kane,23,14.8,50.1,,miss,assisted,right-foot,false
2018,Belgium vs England,Match for 3rd place,England,Eric Dier,69,24.4,65.5,,save,assisted,right-foot,false
2018,Belgium vs England,Match for 3rd place,Belgium,Eden Hazard,82,10.5,41.2,,goal,assisted,right-foot,true
2018,Belgium vs England,Match for 3rd place,England,Raheem Sterling,24,22.6,35.5,,miss,assisted,right-foot,false
2018,Belgium vs England,Match for 3rd place,Belgium,Kevin De Bruyne,12,11.8,35.1,,save,regular,right-foot,false
2018,Belgium vs England,Match for 3rd place,Belgium,Youri Tielemans,35,21.6,53.6,,miss,corner,right-foot,false
2018,Belgium vs England,Match for 3rd place,England,Harry Kane,66,19.7,59.2,,miss,corner,right-foot,false
2018,Belgium vs England,Match for 3rd place,England,Jesse Lingard,56,9.3,72.6,,block,assisted,right-foot,false
2018,Belgium vs England,Match for 3rd place,England,Marcus Rashford,80,23.1,30.5,,save,assisted,right-foot,false
2018,Belgium vs England,Match for 3rd place,England,Harry Maguire,74,10.3,44.2,,miss,set-piece,head,false
2018,Belgium vs England,Match for 3rd place,Belgium,Toby Alderweireld,35,8.1,39.8,,miss,corner,right-foot,false
2018,Belgium vs England,Match for 3rd place,Belgium,Thomas Meunier,80,11.7,66.8,,save,assisted,right-foot,false
2018,Belgium vs England,Match for 3rd place,England,Raheem Sterling,11,19.2,67.8,,block,assisted,left-foot,false
2018,Belgium vs England,Match for 3rd place,England,Ruben Loftus-Cheek,15,11,55.3,,save,assisted,head,false
2018,Belgium vs England,Match for 3rd place,England,Jesse Lingard,54,10.8,71.8,,miss,throw-in-set-piece,right-foot,false
2018,Belgium vs England,Match for 3rd place,Belgium,Youri Tielemans,30,23.5,49.3,,block,assisted,right-foot,false
2018,Belgium vs England,Match for 3rd place,England,Harry Maguire,20,10.3,45.4,,save,corner,head,false
2018,Belgium vs England,Match for 3rd place,England,Eric Dier,70,7.4,66.8,,save,assisted,right-foot,false
2018,Belgium vs England,Match for 3rd place,England,Eric Dier,73,9.6,54.6,,miss,assisted,head,false
2018,Belgium vs England,Match for 3rd place,Belgium,Romelu Lukaku,45,14.5,37.7,,block,fast-break,left-foot,false
2018,Belgium vs England,Match for 3rd place,England,Harry Maguire,70,10.5,47.5,,miss,corner,head,false
2018,Belgium vs England,Match for 3rd place,Belgium,Eden Hazard,34,12.4,63.1,,block,assisted,right-foot,false
2018,Belgium vs Japan,Round of 16,Belgium,Romelu Lukaku,68,7.8,55.3,,block,assisted,right-foot,false
2018,Belgium vs Japan,Round of 16,Japan,Keisuke Honda,90,30.9,51.1,,save,free-kick,left-foot,false
2018,Belgium vs Japan,Round of 16,Belgium,Yannick Carrasco,57,18.9,30.1,,miss,assisted,right-foot,false
2018,Belgium vs Japan,Round of 16,Japan,Genki Haraguchi,48,9.7,68.1,,goal,fast-break,right-foot,true
2018,Belgium vs Japan,Round of 16,Belgium,Axel Witsel,16,24,42.8,,block,assisted,left-foot,false
2018,Belgium vs Japan,Round of 16,Belgium,Thomas Meunier,66,19.8,69.7,,miss,assisted,right-foot,false
2018,Belgium vs Japan,Round of 16,Belgium,Eden Hazard,49,15.3,54.2,,post,assisted,right-foot,false
2018,Belgium vs Japan,Round of 16,Belgium,Eden Hazard,36,14.1,39.8,,block,assisted,right-foot,false
2018,Belgium vs Japan,Round of 16,Belgium,Nacer Chadli,90,9.6,44.5,,goal,fast-break,left-foot,true
2018,Belgium vs Japan,Round of 16,Belgium,Romelu Lukaku,21,19.2,61,,block,assisted,right-foot,false
2018,Belgium vs Japan,Round of 16,Japan,Shinji Kagawa,1,22.4,58.1,,miss,regular,left-foot,false
2018,Belgium vs Japan,Round of 16,Belgium,Jan Vertonghen,87,23.2,27,,save,assisted,left-foot,false
2018,Belgium vs Japan,Round of 16,Japan,Gaku Shibasaki,59,11.2,53.4,,miss,assisted,head,false
2018,Belgium vs Japan,Round of 16,Belgium,Kevin De Bruyne,27,17.9,55.9,,miss,assisted,right-foot,false
2018,Belgium vs Japan,Round of 16,Belgium,Romelu Lukaku,86,6.9,53,,save,assisted,head,false
2018,Belgium vs Japan,Round of 16,Belgium,Jan Vertonghen,69,5.5,25.9,,goal,corner,head,true
2018,Belgium vs Japan,Round of 16,Belgium,Thomas Meunier,86,31.5,50.5,,miss,corner,right-foot,false
2018,Belgium vs Japan,Round of 16,Japan,Takashi Inui,75,10.3,37.1,,block,assisted,right-foot,false
2018,Belgium vs Japan,Round of 16,Japan,Takashi Inui,31,8.7,54.4,,save,assisted,head,false
2018,Belgium vs Japan,Round of 16,Japan,Yuto Nagatomo,44,12.2,25,,block,assisted,right-foot,false
2018,Belgium vs Japan,Round of 16,Japan,Takashi Inui,52,23.6,41.5,,goal,assisted,right-foot,true
2018,Belgium vs Japan,Round of 16,Japan,Gen Shoji,10,35.5,46,,miss,regular,right-foot,false
2018,Belgium vs Japan,Round of 16,Belgium,Romelu Lukaku,62,4,55.3,,miss,assisted,head,false
2018,Belgium vs Japan,Round of 16,Belgium,Nacer Chadli,86,7.5,43.5,,save,assisted,head,false
2018,Belgium vs Japan,Round of 16,Belgium,Vincent Kompany,18,11,60.5,,block,corner,head,false
2018,Belgium vs Japan,Round of 16,Belgium,Dries Mertens,45,23.2,33.4,,save,assisted,right-foot,false
2018,Belgium vs Japan,Round of 16,Belgium,Eden Hazard,27,16.9,29.3,,save,regular,left-foot,false
2018,Belgium vs Japan,Round of 16,Belgium,Romelu Lukaku,17,12.9,52.1,,block,regular,left-foot,false
2018,Belgium vs Japan,Round of 16,Japan,Genki Haraguchi,64,9.3,59,,miss,regular,right-foot,false
2018,Belgium vs Japan,Round of 16,Belgium,Marouane Fellaini,74,6.7,48.9,,goal,corner,head,true
2018,Belgium vs Japan,Round of 16,Belgium,Romelu Lukaku,78,7.3,54.6,,miss,regular,head,false
2018,Belgium vs Japan,Round of 16,Belgium,Vincent Kompany,18,7.5,60.8,,miss,corner,right-foot,false
2018,Belgium vs Japan,Round of 16,Japan,Keisuke Honda,84,6.8,35.5,,block,assisted,left-foot,false
2018,Belgium vs Japan,Round of 16,Belgium,Axel Witsel,36,23.6,59.4,,miss,assisted,right-foot,false
2018,Belgium vs Japan,Round of 16,Belgium,Kevin De Bruyne,73,18.2,54,,block,assisted,right-foot,false
2018,Belgium vs Panama,,Panama,Fidel Escobar,89,22.2,26.6,,save,free-kick,right-foot,false
2018,Belgium vs Panama,,Belgium,Dries Mertens,40,17.8,64.7,,miss,set-piece,right-foot,false
2018,Belgium vs Panama,,Belgium,Dries Mertens,7,14.7,68,,save,assisted,right-foot,false
2018,Belgium vs Panama,,Panama,Yoel Bárcenas,4,24.8,58.1,,miss,set-piece,left-foot,false
2018,Belgium vs Panama,,Belgium,Dries Mertens,18,9.8,70.5,,miss,corner,right-foot,false
2018,Belgium vs Panama,,Belgium,Eden Hazard,38,11.1,68,,save,assisted,right-foot,false
2018,Belgium vs Panama,,Belgium,Yannick Carrasco,6,13.8,29.7,,save,assisted,right-foot,false
2018,Belgium vs Panama,,Belgium,Kevin De Bruyne,65,25.1,45.8,,block,free-kick,right-foot,false
2018,Belgium vs Panama,,Belgium,Romelu Lukaku,75,10.8,32.2,,goal,fast-break,left-foot,true
2018,Belgium vs Panama,,Belgium,Romelu Lukaku,1,7.6,43.6,,miss,assisted,left-foot,false
2018,Belgium vs Panama,,Belgium,Eden Hazard,12,1.7,35.3,,miss,regular,left-foot,false
2018,Belgium vs Panama,,Panama,Amir Murillo,54,9.1,63.7,,save,assisted,right-foot,false
2018,Belgium vs Panama,,Belgium,Romelu Lukaku,69,6.5,50.7,,goal,assisted,head,true
2018,Belgium vs Panama,,Belgium,Kevin De Bruyne,22,20.1,28.3,,miss,corner,right-foot,false
2018,Belgium vs Panama,,Belgium,Eden Hazard,83,23.1,33.2,,block,free-kick,right-foot,false
2018,Belgium vs Panama,,Belgium,Kevin De Bruyne,52,22.4,29.1,,miss,free-kick,right-foot,false
2018,Belgium vs Panama,,Panama,Róman Torres,55,11.8,51.8,,miss,corner,head,false
2018,Belgium vs Panama,,Belgium,Eden Hazard,26,15.4,70.1,,miss,assisted,right-foot,false
2018,Belgium vs Panama,,Panama,Armando Cooper,42,25.9,63.3,,miss,assisted,right-foot,false
2018,Belgium vs Panama,,Panama,Róman Torres,39,16.7,46.4,,block,corner,right-foot,false
2018,Belgium vs Panama,,Panama,Yoel Bárcenas,58,20.1,40.8,,miss,assisted,right-foot,false
2018,Belgium vs Panama,,Belgium,Dries Mertens,47,13.1,72.9,,goal,regular,right-foot,true
2018,Belgium vs Tunisia,,Tunisia,Ferjani Sassi,56,26.5,68,,miss,assisted,right-foot,false
2018,Belgium vs Tunisia,,Belgium,Thomas Meunier,80,10.7,72.4,,miss,regular,right-foot,false
2018,Belgium vs Tunisia,,Belgium,Michy Batshuayi,81,7.2,47.9,,save,assisted,left-foot,false
2018,Belgium vs Tunisia,,Belgium,Michy Batshuayi,90,18.1,45.8,,miss,assisted,left-foot,false
2018,Belgium vs Tunisia,,Tunisia,Anice Badri,61,12.5,54.3,,block,assisted,right-foot,false
2018,Belgium vs Tunisia,,Tunisia,Anice Badri,50,19.8,28.5,,save,assisted,left-foot,false
2018,Belgium vs Tunisia,,Tunisia,Dylan Bronn,18,8.7,47.6,,goal,set-piece,head,true
2018,Belgium vs Tunisia,,Belgium,Eden Hazard,64,23.8,37.4,,miss,assisted,right-foot,false
2018,Belgium vs Tunisia,,Belgium,Axel Witsel,28,19.4,46,,block,assisted,left-foot,false
2018,Belgium vs Tunisia,,Belgium,Eden Hazard,6,11.5,50,,goal,penalty,right-foot,true
2018,Belgium vs Tunisia,,Belgium,Axel Witsel,12,11.2,29.1,,block,assisted,right-foot,false
2018,Belgium vs Tunisia,,Tunisia,Wahbi Khazri,33,25.5,34.9,,save,assisted,right-foot,false
2018,Belgium vs Tunisia,,Belgium,Romelu Lukaku,45,7.7,60.2,,goal,assisted,right-foot,true
2018,Belgium vs Tunisia,,Tunisia,Wahbi Khazri,30,14.5,89.3,,miss,assisted,right-foot,false
2018,Belgium vs Tunisia,,Belgium,Yannick Carrasco,15,19.9,25.2,,save,assisted,right-foot,false
2018,Belgium vs Tunisia,,Tunisia,Fakhreddine Ben Youssef,39,23.4,43.7,,miss,assisted,right-foot,false
2018,Belgium vs Tunisia,,Belgium,Michy Batshuayi,81,7.7,68,,block,regular,left-foot,false
2018,Belgium vs Tunisia,,Tunisia,Fakhreddine Ben Youssef,54,9.9,49.7,,miss,assisted,head,false
2018,Belgium vs Tunisia,,Belgium,Romelu Lukaku,16,14.1,41.2,,goal,fast-break,left-foot,true
2018,Belgium vs Tunisia,,Belgium,Yannick Carrasco,19,11.9,39.8,,save,assisted,right-foot,false
2018,Belgium vs Tunisia,,Belgium,Axel Witsel,82,24.8,73.5,,miss,corner,right-foot,false
2018,Belgium vs Tunisia,,Belgium,Thomas Meunier,3,20.2,62.4,,save,assisted,left-foot,false
2018,Belgium vs Tunisia,,Tunisia,Anice Badri,67,21.1,41.3,,save,assisted,left-foot,false
2018,Belgium vs Tunisia,,Tunisia,Saif-Eddine Khaoui,42,3.8,29.8,,block,assisted,left-foot,false
2018,Belgium vs Tunisia,,Tunisia,Wahbi Khazri,66,19.8,20.1,,miss,corner,right-foot,false
2018,Belgium vs Tunisia,,Tunisia,Wahbi Khazri,90,48.7,51.3,,miss,assisted,right-foot,false
2018,Belgium vs Tunisia,,Belgium,Michy Batshuayi,76,5.6,34.9,,save,assisted,left-foot,false
2018,Belgium vs Tunisia,,Belgium,Michy Batshuayi,90,7.3,43.5,,goal,assisted,left-foot,true
2018,Belgium vs Tunisia,,Tunisia,Wahbi Khazri,90,8.8,55.3,,goal,assisted,right-foot,true
2018,Belgium vs Tunisia,,Belgium,Toby Alderweireld,21,19.4,69.9,,miss,regular,right-foot,false
2018,Belgium vs Tunisia,,Belgium,Yannick Carrasco,61,18.8,33.3,,miss,assisted,right-foot,false
2018,Belgium vs Tunisia,,Belgium,Toby Alderweireld,47,4.4,59,,miss,corner,right-foot,false
2018,Belgium vs Tunisia,,Tunisia,Saif-Eddine Khaoui,70,24.9,51.3,,miss,set-piece,left-foot,false
2018,Belgium vs Tunisia,,Tunisia,Ferjani Sassi,31,18.5,51.6,,miss,regular,right-foot,false
2018,Belgium vs Tunisia,,Belgium,Yannick Carrasco,79,14.9,31.3,,save,assisted,right-foot,false
2018,Belgium vs Tunisia,,Tunisia,Naïm Sliti,66,18.1,55.8,,block,corner,right-foot,false
2018,Belgium vs Tunisia,,Belgium,Eden Hazard,13,7.6,54.5,,save,assisted,left-foot,false
2018,Belgium vs Tunisia,,Belgium,Michy Batshuayi,80,5.1,48,,post,regular,left-foot,false
2018,Belgium vs Tunisia,,Belgium,Eden Hazard,51,11.7,46.2,,goal,assisted,left-foot,true
2018,Brazil vs Belgium,Quarterfinals,Belgium,Eden Hazard,8,12,36.7,,block,assisted,right-foot,false
2018,Brazil vs Belgium,Quarterfinals,Brazil,Philippe Coutinho,52,21.5,34.7,,block,assisted,right-foot,false
2018,Brazil vs Belgium,Quarterfinals,Brazil,Marcelo,26,19.9,25.6,,save,assisted,left-foot,false
2018,Brazil vs Belgium,Quarterfinals,Belgium,Kevin De Bruyne,41,21.4,24.6,,save,free-kick,right-foot,false
2018,Brazil vs Belgium,Quarterfinals,Brazil,Philippe Coutinho,64,21.8,45.2,,block,assisted,right-foot,false
2018,Brazil vs Belgium,Quarterfinals,Brazil,Douglas Costa,75,9.4,70.3,,save,assisted,right-foot,false
2018,Brazil vs Belgium,Quarterfinals,Brazil,Paulinho,10,10,45.8,,block,corner,right-foot,false
2018,Brazil vs Belgium,Quarterfinals,Brazil,Thiago Silva,8,3.6,47,,post,corner,right-foot,false
2018,Brazil vs Belgium,Quarterfinals,Brazil,Neymar,90,20,47.9,,save,assisted,right-foot,false
2018,Brazil vs Belgium,Quarterfinals,Brazil,Neymar,30,24.2,29.1,,block,corner,right-foot,false
2018,Brazil vs Belgium,Quarterfinals,Brazil,Neymar,75,11,58.3,,block,regular,right-foot,false
2018,Brazil vs Belgium,Quarterfinals,Belgium,Kevin De Bruyne,31,17.7,67.6,,goal,assisted,right-foot,true
2018,Brazil vs Belgium,Quarterfinals,Brazil,Marcelo,60,12.5,26.6,,block,assisted,left-foot,false
2018,Brazil vs Belgium,Quarterfinals,Belgium,Marouane Fellaini,13,19.3,47,,block,assisted,right-foot,false
2018,Brazil vs Belgium,Quarterfinals,Belgium,Nacer Chadli,8,24.9,29.7,,miss,regular,right-foot,false
2018,Brazil vs Belgium,Quarterfinals,Belgium,Eden Hazard,62,12,30.5,,miss,fast-break,left-foot,false
2018,Brazil vs Belgium,Quarterfinals,Brazil,Douglas Costa,70,25.2,66.6,,block,assisted,left-foot,false
2018,Brazil vs Belgium,Quarterfinals,Brazil,Roberto Firmino,51,4.4,42.9,,miss,assisted,right-foot,false
2018,Brazil vs Belgium,Quarterfinals,Belgium,Vincent Kompany,13,3.6,37.1,,miss,corner,head,false
2018,Brazil vs Belgium,Quarterfinals,Brazil,Philippe Coutinho,37,22.4,28.5,,save,corner,right-foot,false
2018,Brazil vs Belgium,Quarterfinals,Brazil,Philippe Coutinho,84,11.7,41.3,,miss,assisted,right-foot,false
2018,Brazil vs Belgium,Quarterfinals,Brazil,Fernandinho,30,16.2,53.2,,block,corner,right-foot,false
2018,Brazil vs Belgium,Quarterfinals,Brazil,Roberto Firmino,78,8,40,,miss,assisted,left-foot,false
2018,Brazil vs Belgium,Quarterfinals,Brazil,Douglas Costa,71,24.4,71.7,,save,assisted,left-foot,false
2018,Brazil vs Belgium,Quarterfinals,Brazil,Gabriel Jesus,36,10.4,54.6,,miss,assisted,head,false
2018,Brazil vs Belgium,Quarterfinals,Brazil,Paulinho,10,9,59.8,,block,assisted,right-foot,false
2018,Brazil vs Belgium,Quarterfinals,Brazil,Renato Augusto,76,10.6,52.5,,goal,assisted,head,true
2018,Brazil vs Belgium,Quarterfinals,Brazil,Douglas Costa,62,7.7,70.3,,save,assisted,right-foot,false
2018,Brazil vs Belgium,Quarterfinals,Brazil,Gabriel Jesus,15,3.1,46.2,,block,assisted,left-foot,false
2018,Brazil vs Belgium,Quarterfinals,Brazil,Renato Augusto,81,18.7,49.7,,miss,assisted,right-foot,false
2018,Brazil vs Belgium,Quarterfinals,Brazil,Philippe Coutinho,19,24.6,39.6,,save,assisted,right-foot,false
2018,Brazil vs Belgium,Quarterfinals,Brazil,Paulinho,55,4,61,,save,assisted,right-foot,false
2018,Brazil vs Belgium,Quarterfinals,Belgium,Fernandinho,13,3.1,42.3,,goal,corner,other,false
2018,Brazil vs Belgium,Quarterfinals,Brazil,Roberto Firmino,90,8.8,51.5,,miss,corner,head,false
2018,Brazil vs Belgium,Quarterfinals,Belgium,Kevin De Bruyne,2,25.2,53,,miss,regular,right-foot,false
2018,Brazil vs Belgium,Quarterfinals,Belgium,Vincent Kompany,42,4.8,38.8,,save,corner,right-foot,false
2018,Brazil vs Belgium,Quarterfinals,Brazil,Philippe Coutinho,90,23.8,44.3,,block,assisted,right-foot,false
2018,Brazil vs Costa Rica,,Brazil,Philippe Coutinho,85,26.4,33.2,,save,assisted,right-foot,false
2018,Brazil vs Costa Rica,,Brazil,Neymar,64,20,30.6,,save,assisted,left-foot,false
2018,Brazil vs Costa Rica,,Brazil,Willian,34,19.4,65.3,,miss,assisted,left-foot,false
2018,Brazil vs Costa Rica,,Brazil,Marcelo,26,21.8,26.6,,miss,regular,left-foot,false
2018,Brazil vs Costa Rica,,Brazil,Philippe Coutinho,3,20.9,64.1,,miss,regular,right-foot,false
2018,Brazil vs Costa Rica,,Brazil,Philippe Coutinho,30,26.2,30.3,,miss,assisted,right-foot,false
2018,Brazil vs Costa Rica,,Brazil,Philippe Coutinho,90,9,47.2,,goal,assisted,right-foot,true
2018,Brazil vs Costa Rica,,Costa Rica,Cristian Gamboa,7,27.5,72.1,,miss,regular,right-foot,false
2018,Brazil vs Costa Rica,,Brazil,Thiago Silva,70,11.5,53,,miss,corner,other,false
2018,Brazil vs Costa Rica,,Brazil,Neymar,72,20.8,49.7,,miss,regular,right-foot,false
2018,Brazil vs Costa Rica,,Brazil,Marcelo,41,21.5,28.5,,save,assisted,right-foot,false
2018,Brazil vs Costa Rica,,Brazil,Philippe Coutinho,50,14.4,49.7,,save,assisted,right-foot,false
2018,Brazil vs Costa Rica,,Brazil,Casemiro,70,9.3,49,,save,corner,head,false
2018,Brazil vs Costa Rica,,Brazil,Gabriel Jesus,61,12.5,34.9,,block,assisted,right-foot,false
2018,Brazil vs Costa Rica,,Brazil,Casemiro,87,23.3,56,,save,assisted,right-foot,false
2018,Brazil vs Costa Rica,,Brazil,Gabriel Jesus,49,7.8,49.5,,post,assisted,head,false
2018,Brazil vs Costa Rica,,Brazil,Roberto Firmino,90,8.8,38.4,,miss,assisted,right-foot,false
2018,Brazil vs Costa Rica,,Brazil,Philippe Coutinho,58,16,58.1,,save,assisted,right-foot,false
2018,Brazil vs Costa Rica,,Brazil,Neymar,90,5.1,49.4,,goal,assisted,left-foot,true
2018,Brazil vs Costa Rica,,Brazil,Marcelo,29,22.5,23.9,,miss,assisted,left-foot,false
2018,Brazil vs Costa Rica,,Brazil,Neymar,76,12.1,30.1,,block,assisted,right-foot,false
2018,Brazil vs Costa Rica,,Brazil,Thiago Silva,23,12,32,,miss,set-piece,head,false
2018,Brazil vs Costa Rica,,Brazil,Neymar,56,8.5,52,,save,assisted,right-foot,false
2018,Brazil vs Costa Rica,,Costa Rica,Bryan Oviedo,15,32.8,29.7,,miss,assisted,left-foot,false
2018,Brazil vs Costa Rica,,Costa Rica,Celso Borges,13,14.1,55.7,,miss,assisted,right-foot,false
2018,Brazil vs Mexico,Round of 16,Brazil,Philippe Coutinho,48,12.4,35.5,,save,corner,right-foot,false
2018,Brazil vs Mexico,Round of 16,Mexico,Hirving Lozano,90,8.5,75,,miss,regular,right-foot,false
2018,Brazil vs Mexico,Round of 16,Mexico,Carlos Salcedo,9,14.1,56.3,,miss,corner,head,false
2018,Brazil vs Mexico,Round of 16,Brazil,Gabriel Jesus,47,17.1,58.1,,block,assisted,right-foot,false
2018,Brazil vs Mexico,Round of 16,Brazil,Roberto Firmino,88,3.3,52.7,,goal,fast-break,right-foot,true
2018,Brazil vs Mexico,Round of 16,Mexico,Miguel Layún,53,22.8,68.8,,block,corner,right-foot,false
2018,Brazil vs Mexico,Round of 16,Mexico,Carlos Vela,30,17.9,25.3,,miss,assisted,left-foot,false
2018,Brazil vs Mexico,Round of 16,Brazil,Neymar,25,4.7,32.8,,save,assisted,right-foot,false
2018,Brazil vs Mexico,Round of 16,Brazil,Gabriel Jesus,33,9.9,34.8,,save,assisted,left-foot,false
2018,Brazil vs Mexico,Round of 16,Brazil,Philippe Coutinho,34,19.7,35.5,,block,assisted,left-foot,false
2018,Brazil vs Mexico,Round of 16,Mexico,Hirving Lozano,65,9.4,73.8,,miss,assisted,right-foot,false
2018,Brazil vs Mexico,Round of 16,Mexico,Raúl Jiménez,90,13,69.6,,block,assisted,right-foot,false
2018,Brazil vs Mexico,Round of 16,Brazil,Paulinho,59,12.7,53.1,,save,assisted,right-foot,false
2018,Brazil vs Mexico,Round of 16,Mexico,Jesús Gallardo,50,27.7,43.7,,miss,assisted,left-foot,false
2018,Brazil vs Mexico,Round of 16,Brazil,Philippe Coutinho,38,27.2,40.2,,block,assisted,right-foot,false
2018,Brazil vs Mexico,Round of 16,Brazil,Neymar,40,27.3,31.3,,miss,free-kick,right-foot,false
2018,Brazil vs Mexico,Round of 16,Brazil,Philippe Coutinho,33,5.4,37.3,,miss,regular,left-foot,false
2018,Brazil vs Mexico,Round of 16,Brazil,Thiago Silva,26,11.7,40.1,,miss,set-piece,right-foot,false
2018,Brazil vs Mexico,Round of 16,Mexico,Andrés Guardado,70,27.3,50.9,,block,regular,left-foot,false
2018,Brazil vs Mexico,Round of 16,Mexico,Hector Herrera,22,13.9,51.5,,block,assisted,left-foot,false
2018,Brazil vs Mexico,Round of 16,Brazil,Neymar,5,22.2,52.2,,save,assisted,right-foot,false
2018,Brazil vs Mexico,Round of 16,Brazil,Neymar,88,7.9,33.4,,save,fast-break,right-foot,false
2018,Brazil vs Mexico,Round of 16,Brazil,Neymar,51,2.3,50.6,,goal,assisted,right-foot,true
2018,Brazil vs Mexico,Round of 16,Mexico,Hirving Lozano,2,8.8,64.9,,block,regular,right-foot,false
2018,Brazil vs Mexico,Round of 16,Brazil,Neymar,56,22.3,69.4,,miss,assisted,right-foot,false
2018,Brazil vs Mexico,Round of 16,Brazil,Willian,63,13.4,68.4,,save,assisted,right-foot,false
2018,Brazil vs Mexico,Round of 16,Brazil,Gabriel Jesus,26,9.1,61.6,,miss,set-piece,left-foot,false
2018,Brazil vs Mexico,Round of 16,Mexico,Andrés Guardado,52,24.8,41,,block,assisted,left-foot,false
2018,Brazil vs Mexico,Round of 16,Brazil,Willian,75,22.2,64.1,,save,assisted,left-foot,false
2018,Brazil vs Mexico,Round of 16,Mexico,Hirving Lozano,61,24.5,49.1,,block,fast-break,right-foot,false
2018,Brazil vs Mexico,Round of 16,Brazil,Philippe Coutinho,27,16.9,37.1,,miss,assisted,right-foot,false
2018,Brazil vs Mexico,Round of 16,Mexico,Carlos Vela,61,23.1,69.9,,save,fast-break,left-foot,false
2018,Brazil vs Mexico,Round of 16,Brazil,Neymar,68,15.3,52.8,,block,assisted,left-foot,false
2018,Brazil vs Mexico,Round of 16,Mexico,Hirving Lozano,18,12,68.1,,block,assisted,left-foot,false
2018,Brazil vs Switzerland,,Brazil,Neymar,88,12.2,46,,save,assisted,head,false
2018,Brazil vs Switzerland,,Switzerland,Blerim Džemaili,3,10.1,54.5,,miss,assisted,right-foot,false
2018,Brazil vs Switzerland,,Brazil,Roberto Firmino,90,9.1,50.5,,save,set-piece,head,false
2018,Brazil vs Switzerland,,Switzerland,Blerim Džemaili,46,26.2,32.6,,miss,assisted,right-foot,false
2018,Brazil vs Switzerland,,Switzerland,Blerim Džemaili,73,19.4,51.9,,save,assisted,left-foot,false
2018,Brazil vs Switzerland,,Brazil,Miranda,90,14.2,48.5,,miss,corner,right-foot,false
2018,Brazil vs Switzerland,,Brazil,Neymar,58,5.7,32.6,,block,assisted,right-foot,false
2018,Brazil vs Switzerland,,Brazil,Renato Augusto,90,4.3,37.5,,save,set-piece,left-foot,false
2018,Brazil vs Switzerland,,Brazil,Neymar,78,25.4,25.8,,save,assisted,right-foot,false
2018,Brazil vs Switzerland,,Brazil,Philippe Coutinho,70,11.1,35.7,,miss,assisted,right-foot,false
2018,Brazil vs Switzerland,,Brazil,Thiago Silva,45,5.1,46.4,,miss,corner,head,false
2018,Brazil vs Switzerland,,Brazil,Casemiro,59,29.1,45.2,,miss,assisted,right-foot,false
2018,Brazil vs Switzerland,,Brazil,Willian,67,19.9,71.3,,miss,corner,left-foot,false
2018,Brazil vs Switzerland,,Brazil,Willian,67,19.2,63.7,,miss,corner,right-foot,false
2018,Brazil vs Switzerland,,Switzerland,Steven Zuber,50,3.2,52.1,,goal,corner,head,true
2018,Brazil vs Switzerland,,Brazil,Philippe Coutinho,20,20.4,29.1,,goal,regular,right-foot,true
2018,Brazil vs Switzerland,,Switzerland,Xherdan Shaqiri,89,21.9,66.6,,miss,regular,left-foot,false
2018,Brazil vs Switzerland,,Brazil,Philippe Coutinho,57,15.1,43.9,,block,regular,right-foot,false
2018,Brazil vs Switzerland,,Switzerland,Steven Zuber,40,14.7,29.9,,miss,assisted,right-foot,false
2018,Brazil vs Switzerland,,Brazil,Philippe Coutinho,57,23.4,41.5,,block,regular,right-foot,false
2018,Brazil vs Switzerland,,Brazil,Paulinho,11,4.1,47.2,,miss,regular,left-foot,false
2018,Brazil vs Switzerland,,Brazil,Roberto Firmino,82,5,68.8,,miss,regular,right-foot,false
2018,Brazil vs Switzerland,,Brazil,Fernandinho,66,23.9,54.4,,block,regular,right-foot,false
2018,Brazil vs Switzerland,,Brazil,Thiago Silva,59,11.8,47.8,,block,corner,head,false
2018,Brazil vs Switzerland,,Brazil,Gabriel Jesus,33,4.4,56.7,,miss,corner,head,false
2018,Brazil vs Switzerland,,Brazil,Neymar,16,27.8,49.5,,block,free-kick,right-foot,false
2018,Brazil vs Switzerland,,Brazil,Fernandinho,77,26.6,61.8,,miss,assisted,right-foot,false
2018,Colombia vs England,Round of 16,England,Eric Dier,115,8.8,54.8,,miss,corner,head,false
2018,Colombia vs England,Round of 16,England,Harry Kane,57,11.5,50,,goal,penalty,right-foot,true
2018,Colombia vs England,Round of 16,England,Danny Rose,112,7.1,27.6,,miss,assisted,left-foot,false
2018,Colombia vs England,Round of 16,England,Harry Kane,45,26.9,69.5,,miss,assisted,right-foot,false
2018,Colombia vs England,Round of 16,Colombia,Radamel Falcao,104,10.8,51.3,,miss,assisted,head,false
2018,Colombia vs England,Round of 16,Colombia,Juan Cuadrado,123,11.7,50,,goal,shootout,right-foot,true
2018,Colombia vs England,Round of 16,England,Eric Dier,128,11.6,49.9,,goal,shootout,right-foot,true
2018,Colombia vs England,Round of 16,England,Ashley Young,6,5,18.6,,save,free-kick,right-foot,false
2018,Colombia vs England,Round of 16,England,Marcus Rashford,124,11.5,50.4,,goal,shootout,right-foot,true
2018,Colombia vs England,Round of 16,England,Jesse Lingard,106,21.2,55,,block,assisted,left-foot,false
2018,Colombia vs England,Round of 16,England,Kieran Trippier,127,11.6,50.4,,goal,shootout,right-foot,true
2018,Colombia vs England,Round of 16,Colombia,Radamel Falcao,87,26.9,58.8,,save,assisted,right-foot,false
2018,Colombia vs England,Round of 16,Colombia,Matheus Uribe,126,11.6,49.7,,post,shootout,right-foot,false
2018,Colombia vs England,Round of 16,England,Jordan Henderson,125,11.2,50,,save,shootout,right-foot,false
2018,Colombia vs England,Round of 16,Colombia,Carlos Bacca,101,12.9,53.7,,block,assisted,head,false
2018,Colombia vs England,Round of 16,Colombia,Juan Fernando Quintero,59,34.2,55.9,,block,set-piece,left-foot,false
2018,Colombia vs England,Round of 16,Colombia,Yerry Mina,90,9.9,46.9,,goal,corner,head,true
2018,Colombia vs England,Round of 16,England,Harry Kane,122,11.4,50.3,,goal,shootout,right-foot,true
2018,Colombia vs England,Round of 16,England,Raheem Sterling,13,20.2,45.8,,block,assisted,right-foot,false
2018,Colombia vs England,Round of 16,England,Jamie Vardy,108,7.1,70.1,,block,assisted,right-foot,false
2018,Colombia vs England,Round of 16,Colombia,Juan Fernando Quintero,33,24.5,67.4,,miss,assisted,left-foot,false
2018,Colombia vs England,Round of 16,England,Harry Maguire,84,5.7,39.4,,miss,set-piece,head,false
2018,Colombia vs England,Round of 16,England,Jesse Lingard,45,12,55,,miss,regular,right-foot,false
2018,Colombia vs England,Round of 16,Colombia,Radamel Falcao,86,8,55.5,,miss,assisted,head,false
2018,Colombia vs England,Round of 16,Colombia,Carlos Bacca,128,11.6,50.1,,save,shootout,right-foot,false
2018,Colombia vs England,Round of 16,England,Raheem Sterling,8,8,69.6,,block,set-piece,right-foot,false
2018,Colombia vs England,Round of 16,Colombia,Johan Mojica,22,27.2,23.3,,miss,regular,left-foot,false
2018,Colombia vs England,Round of 16,Colombia,Radamel Falcao,121,11.5,49.7,,goal,shootout,right-foot,true
2018,Colombia vs England,Round of 16,Colombia,Juan Cuadrado,22,23.5,71.7,,block,assisted,right-foot,false
2018,Colombia vs England,Round of 16,Colombia,Matheus Uribe,90,30.8,49.5,,save,assisted,right-foot,false
2018,Colombia vs England,Round of 16,England,Dele Alli,63,3.4,41.2,,miss,set-piece,head,false
2018,Colombia vs England,Round of 16,Colombia,Juan Fernando Quintero,45,20.8,64.1,,save,assisted,left-foot,false
2018,Colombia vs England,Round of 16,Colombia,Davinson Sánchez,85,10.7,53.8,,miss,assisted,head,false
2018,Colombia vs England,Round of 16,Colombia,Juan Cuadrado,81,13.4,63.5,,miss,fast-break,right-foot,false
2018,Colombia vs England,Round of 16,England,Kieran Trippier,42,21.8,33.3,,miss,free-kick,right-foot,false
2018,Colombia vs England,Round of 16,England,Harry Kane,16,2.3,42.5,,miss,assisted,head,false
2018,Colombia vs England,Round of 16,Colombia,Davinson Sánchez,102,12.5,54.2,,miss,corner,head,false
2018,Colombia vs England,Round of 16,England,Raheem Sterling,31,18.1,55,,block,assisted,left-foot,false
2018,Colombia vs England,Round of 16,England,Harry Maguire,73,11.2,56.1,,miss,corner,head,false
2018,Colombia vs England,Round of 16,Colombia,Luis Muriel,124,11.6,49.7,,goal,shootout,right-foot,true
2018,Colombia vs Japan,,Colombia,Juan Cuadrado,26,18.9,72.3,,block,corner,right-foot,false
2018,Colombia vs Japan,,Japan,Yuya Osako,54,4.6,34.7,,save,assisted,left-foot,false
2018,Colombia vs Japan,,Japan,Maya Yoshida,59,10.4,46,,miss,set-piece,head,false
2018,Colombia vs Japan,,Japan,Takashi Inui,57,13.4,33.9,,save,assisted,right-foot,false
2018,Colombia vs Japan,,Colombia,James Rodríguez,78,9.3,67.6,,block,corner,left-foot,false
2018,Colombia vs Japan,,Japan,Shinji Kagawa,6,11.5,50,,goal,penalty,right-foot,true
2018,Colombia vs Japan,,Colombia,Juan Fernando Quintero,39,20.3,74.5,,goal,free-kick,left-foot,true
2018,Colombia vs Japan,,Colombia,Radamel Falcao,34,10.5,58.2,,save,assisted,right-foot,false
2018,Colombia vs Japan,,Colombia,Radamel Falcao,12,9.7,51.2,,save,set-piece,left-foot,false
2018,Colombia vs Japan,,Japan,Keisuke Honda,71,25.2,70.2,,save,assisted,left-foot,false
2018,Colombia vs Japan,,Colombia,Juan Fernando Quintero,16,24.4,56.1,,block,assisted,left-foot,false
2018,Colombia vs Japan,,Japan,Yuya Osako,73,4.3,47.4,,goal,corner,head,true
2018,Colombia vs Japan,,Japan,Hiroki Sakai,61,10.9,69.6,,miss,assisted,right-foot,false
2018,Colombia vs Japan,,Japan,Yuya Osako,82,13,52.6,,miss,assisted,head,false
2018,Colombia vs Japan,,Japan,Yuya Osako,3,14.2,56.3,,save,regular,left-foot,false
2018,Colombia vs Japan,,Japan,Hiroki Sakai,73,7.1,61.4,,block,assisted,right-foot,false
2018,Colombia vs Japan,,Colombia,Óscar Murillo,78,10.4,53.1,,miss,corner,head,false
2018,Colombia vs Japan,,Japan,Takashi Inui,15,11.1,37.5,,miss,assisted,right-foot,false
2018,Colombia vs Japan,,Colombia,Carlos Bacca,78,10.5,41.2,,block,corner,right-foot,false
2018,Colombia vs Japan,,Japan,Shinji Kagawa,3,17.5,49.1,,block,regular,left-foot,false
2018,Colombia vs Japan,,Japan,Takashi Inui,66,12.9,28.9,,block,assisted,right-foot,false
2018,Colombia vs Japan,,Japan,Yuya Osako,32,7.5,27.9,,miss,regular,right-foot,false
2018,Costa Rica vs Serbia,,Serbia,Aleksandar Mitrovic,1,8,52.8,,miss,corner,head,false
2018,Costa Rica vs Serbia,,Serbia,Aleksandar Mitrovic,50,12.2,46.2,,save,assisted,right-foot,false
2018,Costa Rica vs Serbia,,Serbia,Aleksandar Mitrovic,13,15.3,67.8,,save,assisted,right-foot,false
2018,Costa Rica vs Serbia,,Costa Rica,Marcos Ureña,39,22.8,49.9,,miss,assisted,left-foot,false
2018,Costa Rica vs Serbia,,Serbia,Filip Kostic,90,18.1,33.6,,miss,assisted,left-foot,false
2018,Costa Rica vs Serbia,,Costa Rica,Celso Borges,79,18.9,50.9,,block,regular,right-foot,false
2018,Costa Rica vs Serbia,,Costa Rica,Giancarlo González,3,8,55.7,,save,assisted,head,false
2018,Costa Rica vs Serbia,,Serbia,Aleksandar Mitrovic,54,7,49.1,,miss,corner,head,false
2018,Costa Rica vs Serbia,,Costa Rica,Óscar Duarte,90,9.5,41,,block,corner,head,false
2018,Costa Rica vs Serbia,,Costa Rica,Cristian Gamboa,90,30.1,44.1,,save,set-piece,right-foot,false
2018,Costa Rica vs Serbia,,Serbia,Aleksandar Kolarov,56,25.6,70.9,,goal,free-kick,left-foot,true
2018,Costa Rica vs Serbia,,Serbia,Sergej Milinkovic-Savic,75,24.8,46.4,,miss,assisted,right-foot,false
2018,Costa Rica vs Serbia,,Costa Rica,Bryan Ruiz,90,13.7,52.6,,block,set-piece,left-foot,false
2018,Costa Rica vs Serbia,,Costa Rica,Francisco Calvo,42,23.5,38.8,,miss,assisted,right-foot,false
2018,Costa Rica vs Serbia,,Serbia,Aleksandar Kolarov,7,25.5,23.9,,miss,assisted,left-foot,false
2018,Costa Rica vs Serbia,,Serbia,Sergej Milinkovic-Savic,66,11.8,55,,miss,assisted,head,false
2018,Costa Rica vs Serbia,,Costa Rica,Joel Campbell,79,17.4,71.4,,block,assisted,left-foot,false
2018,Costa Rica vs Serbia,,Costa Rica,Giancarlo González,12,4.7,53.4,,miss,corner,head,false
2018,Costa Rica vs Serbia,,Serbia,Nemanja Matić,77,19.9,45.4,,block,assisted,left-foot,false
2018,Costa Rica vs Serbia,,Costa Rica,Marcos Ureña,2,1.7,64.5,,save,assisted,right-foot,false
2018,Croatia vs Denmark,Round of 16,Denmark,Martin Braithwaite,27,8.8,61,,save,assisted,right-foot,false
2018,Croatia vs Denmark,Round of 16,Denmark,Nicolai Jørgensen,113,8.7,32.2,,miss,throw-in-set-piece,right-foot,false
2018,Croatia vs Denmark,Round of 16,Croatia,Ante Rebić,65,17.5,30.7,,block,corner,right-foot,false
2018,Croatia vs Denmark,Round of 16,Denmark,Christian Eriksen,74,18.1,37.1,,miss,assisted,right-foot,false
2018,Croatia vs Denmark,Round of 16,Croatia,Luka Modrić,116,11.5,49.9,,save,penalty,right-foot,false
2018,Croatia vs Denmark,Round of 16,Denmark,Nicolai Jørgensen,72,12.4,61.6,,save,assisted,right-foot,false
2018,Croatia vs Denmark,Round of 16,Croatia,Mateo Kovačić,106,21.5,32.6,,block,assisted,right-foot,false
2018,Croatia vs Denmark,Round of 16,Croatia,Ante Rebić,78,23.1,69.5,,save,assisted,left-foot,false
2018,Croatia vs Denmark,Round of 16,Croatia,Andrej Kramarić,120,22.1,32.8,,miss,assisted,right-foot,false
2018,Croatia vs Denmark,Round of 16,Croatia,Dejan Lovren,39,5.4,49.7,,miss,set-piece,head,false
2018,Croatia vs Denmark,Round of 16,Croatia,Ivan Perišić,19,15.5,31,,block,assisted,right-foot,false
2018,Croatia vs Denmark,Round of 16,Croatia,Ivan Rakitić,130,11.6,49.7,,goal,shootout,right-foot,true
2018,Croatia vs Denmark,Round of 16,Croatia,Luka Modrić,126,11.5,50,,goal,shootout,right-foot,true
2018,Croatia vs Denmark,Round of 16,Croatia,Josip Pivarić,128,11.7,50.1,,save,shootout,left-foot,false
2018,Croatia vs Denmark,Round of 16,Croatia,Ivan Rakitić,90,29.2,45.6,,miss,regular,right-foot,false
2018,Croatia vs Denmark,Round of 16,Croatia,Luka Modrić,77,23.9,64.1,,miss,regular,right-foot,false
2018,Croatia vs Denmark,Round of 16,Croatia,Milan Badelj,122,11.5,49.9,,save,shootout,right-foot,false
2018,Croatia vs Denmark,Round of 16,Denmark,Martin Braithwaite,90,20.9,66.2,,miss,corner,right-foot,false
2018,Croatia vs Denmark,Round of 16,Denmark,Lasse Schöne,93,26.4,52.8,,miss,throw-in-set-piece,right-foot,false
2018,Croatia vs Denmark,Round of 16,Croatia,Mario Mandžukić,4,7.1,47.4,,goal,regular,right-foot,true
2018,Croatia vs Denmark,Round of 16,Denmark,Simon Kjær,123,11.5,50,,goal,shootout,right-foot,true
2018,Croatia vs Denmark,Round of 16,Croatia,Ivan Perišić,84,8.3,37.3,,miss,set-piece,head,false
2018,Croatia vs Denmark,Round of 16,Croatia,Ivan Perišić,29,8.5,45.4,,miss,assisted,right-foot,false
2018,Croatia vs Denmark,Round of 16,Croatia,Ivan Perišić,12,18,68.7,,block,free-kick,left-foot,false
2018,Croatia vs Denmark,Round of 16,Denmark,Lasse Schöne,99,23.9,57.5,,miss,assisted,right-foot,false
2018,Croatia vs Denmark,Round of 16,Croatia,Josip Pivarić,86,21.1,37.1,,block,assisted,left-foot,false
2018,Croatia vs Denmark,Round of 16,Croatia,Ivan Rakitić,29,25.9,37.1,,save,assisted,right-foot,false
2018,Croatia vs Denmark,Round of 16,Denmark,Christian Eriksen,122,11.5,50,,save,shootout,right-foot,false
2018,Croatia vs Denmark,Round of 16,Croatia,Luka Modrić,119,24.9,43.1,,save,assisted,right-foot,false
2018,Croatia vs Denmark,Round of 16,Denmark,Lasse Schöne,87,22.8,68.1,,miss,regular,right-foot,false
2018,Croatia vs Denmark,Round of 16,Denmark,Christian Eriksen,34,25.9,69.3,,miss,assisted,left-foot,false
2018,Croatia vs Denmark,Round of 16,Croatia,Ante Rebić,32,22.8,32.2,,block,regular,right-foot,false
2018,Croatia vs Denmark,Round of 16,Denmark,Lasse Schöne,127,11.6,49.9,,save,shootout,right-foot,false
2018,Croatia vs Denmark,Round of 16,Croatia,Ivan Perišić,46,21.1,74.4,,miss,assisted,left-foot,false
2018,Croatia vs Denmark,Round of 16,Denmark,Thomas Delaney,92,31.1,59.4,,block,assisted,left-foot,false
2018,Croatia vs Denmark,Round of 16,Croatia,Andrej Kramarić,124,11.6,49.9,,goal,shootout,right-foot,true
2018,Croatia vs Denmark,Round of 16,Denmark,Martin Braithwaite,56,4.1,67.6,,miss,regular,right-foot,false
2018,Croatia vs Denmark,Round of 16,Denmark,Christian Eriksen,23,23.2,42.7,,block,regular,right-foot,false
2018,Croatia vs Denmark,Round of 16,Denmark,Nicolai Jørgensen,129,11.4,50.1,,save,shootout,right-foot,false
2018,Croatia vs Denmark,Round of 16,Croatia,Ivan Rakitić,44,13.8,37.5,,save,assisted,left-foot,false
2018,Croatia vs Denmark,Round of 16,Denmark,Pione Sisto,108,13.7,26.6,,miss,assisted,right-foot,false
2018,Croatia vs Denmark,Round of 16,Denmark,Zanka,1,4.6,42.5,,goal,throw-in-set-piece,left-foot,true
2018,Croatia vs Denmark,Round of 16,Denmark,Michael Krohn-Dehli,125,11.6,50,,goal,shootout,right-foot,true
2018,Croatia vs Denmark,Round of 16,Croatia,Ivan Perišić,64,11.2,26.8,,block,assisted,right-foot,false
2018,Croatia vs England,Semifinals,Croatia,Ante Rebić,21,19.5,51.8,,block,regular,left-foot,false
2018,Croatia vs England,Semifinals,Croatia,Ivan Perišić,65,16,46.6,,block,regular,right-foot,false
2018,Croatia vs England,Semifinals,Croatia,Šime Vrsaljko,43,27.8,71.7,,miss,assisted,right-foot,false
2018,Croatia vs England,Semifinals,Croatia,Ivan Rakitić,61,23.8,33.6,,miss,regular,left-foot,false
2018,Croatia vs England,Semifinals,Croatia,Dejan Lovren,90,30.8,69.9,,miss,assisted,right-foot,false
2018,Croatia vs England,Semifinals,England,Harry Kane,90,6.5,43.9,,miss,set-piece,head,false
2018,Croatia vs England,Semifinals,Croatia,Ivan Perišić,72,9.5,31.6,,post,regular,left-foot,false
2018,Croatia vs England,Semifinals,England,Harry Kane,67,1.7,74.2,,miss,assisted,right-foot,false
2018,Croatia vs England,Semifinals,Croatia,Ivan Perišić,84,6.4,27.4,,miss,regular,right-foot,false
2018,Croatia vs England,Semifinals,England,Harry Maguire,14,9.1,43.5,,miss,corner,head,false
2018,Croatia vs England,Semifinals,England,Eric Dier,98,26.1,60,,block,assisted,right-foot,false
2018,Croatia vs England,Semifinals,England,Jesse Lingard,77,5.7,69.5,,miss,assisted,right-foot,false
2018,Croatia vs England,Semifinals,Croatia,Ivan Perišić,114,12,30.1,,miss,assisted,left-foot,false
2018,Croatia vs England,Semifinals,Croatia,Ante Rebić,72,10.3,49.7,,save,regular,right-foot,false
2018,Croatia vs England,Semifinals,Croatia,Andrej Kramarić,120,12.4,65.2,,miss,assisted,right-foot,false
2018,Croatia vs England,Semifinals,Croatia,Marcelo Brozovic,108,8,30.5,,miss,corner,left-foot,false
2018,Croatia vs England,Semifinals,England,Jordan Henderson,78,23.5,59.8,,miss,regular,right-foot,false
2018,Croatia vs England,Semifinals,Croatia,Ivan Perišić,19,23.9,23.4,,miss,assisted,right-foot,false
2018,Croatia vs England,Semifinals,Croatia,Ivan Perišić,68,7.5,46,,goal,assisted,left-foot,true
2018,Croatia vs England,Semifinals,Croatia,Ante Rebić,32,19.2,65.8,,save,regular,left-foot,false
2018,Croatia vs England,Semifinals,Croatia,Marcelo Brozovic,116,25.9,24,,save,corner,right-foot,false
2018,Croatia vs England,Semifinals,England,Jesse Lingard,56,20.8,59.8,,block,assisted,right-foot,false
2018,Croatia vs England,Semifinals,England,Raheem Sterling,37,15.4,63.9,,block,assisted,left-foot,false
2018,Croatia vs England,Semifinals,England,Kieran Trippier,5,23.8,49.3,,goal,free-kick,right-foot,true
2018,Croatia vs England,Semifinals,Croatia,Mario Mandžukić,105,7.7,50.6,,save,assisted,right-foot,false
2018,Croatia vs England,Semifinals,Croatia,Andrej Kramarić,105,18.4,45.4,,block,assisted,left-foot,false
2018,Croatia vs England,Semifinals,Croatia,Mario Mandžukić,83,7.8,66.4,,save,assisted,right-foot,false
2018,Croatia vs England,Semifinals,Croatia,Luka Modrić,45,13.5,30.7,,block,set-piece,right-foot,false
2018,Croatia vs England,Semifinals,Croatia,Mario Mandžukić,109,6.1,39.6,,goal,assisted,left-foot,true
2018,Croatia vs England,Semifinals,Croatia,Ivan Perišić,23,28.9,41.5,,miss,assisted,right-foot,false
2018,Croatia vs England,Semifinals,England,John Stones,99,8.3,58.5,,save,corner,head,false
2018,Croatia vs England,Semifinals,Croatia,Marcelo Brozovic,73,22.4,61,,miss,corner,right-foot,false
2018,Croatia vs England,Semifinals,England,Jesse Lingard,36,18.1,49.5,,miss,assisted,right-foot,false
2018,Croatia vs Nigeria,,Croatia,Ivan Perišić,14,19.4,56.9,,miss,assisted,right-foot,false
2018,Croatia vs Nigeria,,Nigeria,Victor Moses,87,12.2,66.7,,block,assisted,right-foot,false
2018,Croatia vs Nigeria,,Croatia,Oghenekaro Etebo,32,2.6,46.6,,goal,corner,right-foot,false
2018,Croatia vs Nigeria,,Nigeria,Odion Ighalo,34,13.7,43.3,,block,assisted,left-foot,false
2018,Croatia vs Nigeria,,Croatia,Ivan Rakitić,50,29.1,51.8,,miss,regular,right-foot,false
2018,Croatia vs Nigeria,,Nigeria,Oghenekaro Etebo,22,27.6,49.1,,miss,corner,right-foot,false
2018,Croatia vs Nigeria,,Nigeria,Alex Iwobi,52,9.4,28.5,,block,set-piece,right-foot,false
2018,Croatia vs Nigeria,,Nigeria,Kelechi Iheanacho,77,11.1,66.8,,miss,assisted,left-foot,false
2018,Croatia vs Nigeria,,Nigeria,Leon Balogun,47,5.1,56.9,,block,corner,head,false
2018,Croatia vs Nigeria,,Croatia,Mateo Kovačić,90,8.5,64.1,,save,assisted,right-foot,false
2018,Croatia vs Nigeria,,Croatia,Mario Mandžukić,63,10.8,54,,miss,corner,head,false
2018,Croatia vs Nigeria,,Nigeria,Victor Moses,45,28.1,62.7,,miss,assisted,right-foot,false
2018,Croatia vs Nigeria,,Croatia,Andrej Kramarić,39,12.4,48.2,,miss,assisted,head,false
2018,Croatia vs Nigeria,,Nigeria,Odion Ighalo,21,10.3,74.4,,miss,assisted,right-foot,false
2018,Croatia vs Nigeria,,Nigeria,Alex Iwobi,13,29.1,46.6,,miss,set-piece,right-foot,false
2018,Croatia vs Nigeria,,Nigeria,Leon Balogun,82,12.8,53.2,,save,assisted,head,false
2018,Croatia vs Nigeria,,Croatia,Šime Vrsaljko,42,14.5,74.8,,miss,assisted,right-foot,false
2018,Croatia vs Nigeria,,Croatia,Mario Mandžukić,32,5.8,52.6,,miss,corner,head,false
2018,Croatia vs Nigeria,,Croatia,Luka Modrić,71,11.5,50,,goal,penalty,right-foot,true
2018,Croatia vs Nigeria,,Nigeria,Oghenekaro Etebo,87,30.8,35.9,,miss,assisted,right-foot,false
2018,Croatia vs Nigeria,,Nigeria,Odion Ighalo,59,12.1,44.7,,save,assisted,head,false
2018,Croatia vs Nigeria,,Croatia,Ante Rebić,32,19.7,32,,block,assisted,right-foot,false
2018,Croatia vs Nigeria,,Croatia,Dejan Lovren,74,12.7,56.5,,block,corner,head,false
2018,Croatia vs Nigeria,,Nigeria,Alex Iwobi,45,15.5,40,,block,set-piece,right-foot,false
2018,Croatia vs Nigeria,,Croatia,Andrej Kramarić,16,29.1,45.1,,miss,assisted,right-foot,false
2018,Croatia vs Nigeria,,Nigeria,Victor Moses,49,9.7,69.7,,miss,assisted,left-foot,false
2018,Denmark vs Australia,,Australia,Mile Jedinak,38,11.5,49.9,,goal,penalty,right-foot,true
2018,Denmark vs Australia,,Australia,Robbie Kruse,30,10.3,56.9,,block,assisted,right-foot,false
2018,Denmark vs Australia,,Denmark,Andreas Cornelius,83,12.4,45.6,,save,assisted,other,false
2018,Denmark vs Australia,,Denmark,Martin Braithwaite,90,12.8,34,,save,corner,left-foot,false
2018,Denmark vs Australia,,Denmark,Christian Eriksen,90,22.2,57.3,,miss,regular,right-foot,false
2018,Denmark vs Australia,,Australia,Tom Rogić,23,25.6,43,,miss,regular,left-foot,false
2018,Denmark vs Australia,,Australia,Daniel Arzani,88,6.5,28.7,,save,assisted,right-foot,false
2018,Denmark vs Australia,,Australia,Tom Rogić,72,24.4,60.8,,save,assisted,left-foot,false
2018,Denmark vs Australia,,Australia,Mathew Leckie,79,12.2,54.6,,miss,assisted,other,false
2018,Denmark vs Australia,,Denmark,Christian Eriksen,7,14.5,48.2,,goal,assisted,left-foot,true
2018,Denmark vs Australia,,Denmark,Jens Stryger Larsen,43,12,43.4,,save,assisted,head,false
2018,Denmark vs Australia,,Denmark,Pione Sisto,51,12.8,46.2,,miss,assisted,right-foot,false
2018,Denmark vs Australia,,Denmark,Thomas Delaney,2,6.4,51.3,,miss,corner,head,false
2018,Denmark vs Australia,,Australia,Mathew Leckie,36,10.4,52.8,,block,corner,head,false
2018,Denmark vs Australia,,Australia,Aaron Mooy,30,25.7,49.4,,block,regular,left-foot,false
2018,Denmark vs Australia,,Denmark,Nicolai Jørgensen,24,6.4,52,,miss,assisted,head,false
2018,Denmark vs Australia,,Australia,Mathew Leckie,88,12,44.6,,save,assisted,left-foot,false
2018,Denmark vs Australia,,Australia,Mathew Leckie,76,14.2,71.3,,block,assisted,left-foot,false
2018,Denmark vs Australia,,Denmark,Pione Sisto,72,22.3,30.6,,miss,assisted,right-foot,false
2018,Denmark vs Australia,,Australia,Mathew Leckie,5,8.7,51.3,,miss,corner,head,false
2018,Denmark vs Australia,,Australia,Tom Rogić,5,19.1,66.6,,block,assisted,left-foot,false
2018,Denmark vs Australia,,Denmark,Pione Sisto,22,28.3,50.3,,save,assisted,left-foot,false
2018,Denmark vs Australia,,Australia,Aaron Mooy,71,23.9,36.6,,miss,assisted,right-foot,false
2018,Denmark vs France,,France,Ousmane Dembélé,45,23.5,74.8,,miss,assisted,left-foot,false
2018,Denmark vs France,,Denmark,Viktor Fischer,63,26.8,39,,block,corner,left-foot,false
2018,Denmark vs France,,France,Raphaël Varane,16,9.7,44.7,,miss,corner,head,false
2018,Denmark vs France,,France,Antoine Griezmann,51,25.4,72.1,,save,assisted,left-foot,false
2018,Denmark vs France,,France,Olivier Giroud,79,16.9,68.2,,miss,assisted,left-foot,false
2018,Denmark vs France,,France,Antoine Griezmann,39,19.4,71.9,,save,assisted,left-foot,false
2018,Denmark vs France,,Denmark,Christian Eriksen,45,25.2,65.8,,block,regular,right-foot,false
2018,Denmark vs France,,France,Nabil Fekir,82,22.8,65.5,,save,assisted,left-foot,false
2018,Denmark vs France,,Denmark,Christian Eriksen,29,11.4,58.1,,save,assisted,right-foot,false
2018,Denmark vs France,,France,Olivier Giroud,15,13.4,32.8,,miss,assisted,left-foot,false
2018,Denmark vs France,,France,Thomas Lemar,55,25.1,50.9,,block,assisted,left-foot,false
2018,Denmark vs France,,France,Nabil Fekir,70,19.5,23.9,,miss,assisted,left-foot,false
2018,Denmark vs France,,France,Olivier Giroud,74,11.5,40,,miss,assisted,head,false
2018,Denmark vs France,,Denmark,Christian Eriksen,54,29.1,51.5,,save,free-kick,right-foot,false
2018,Denmark vs France,,Denmark,Christian Eriksen,59,19.1,48,,miss,assisted,right-foot,false
2018,Denmark vs France,,France,Ousmane Dembélé,33,23.1,75.8,,miss,assisted,right-foot,false
2018,Egypt vs Uruguay,,Uruguay,Edinson Cavani,8,23.1,41.5,,save,assisted,right-foot,false
2018,Egypt vs Uruguay,,Egypt,Abdallah El-Said,43,13.4,55.7,,miss,assisted,right-foot,false
2018,Egypt vs Uruguay,,Egypt,Tarek Hamed,45,28.5,45,,block,regular,right-foot,false
2018,Egypt vs Uruguay,,Egypt,Ahmed Fathi,72,24.2,76.9,,save,assisted,right-foot,false
2018,Egypt vs Uruguay,,Egypt,Mahmoud Trézéguet,56,27.9,25.6,,miss,regular,right-foot,false
2018,Egypt vs Uruguay,,Egypt,Mahmoud Trézéguet,12,11.8,59.3,,save,assisted,right-foot,false
2018,Egypt vs Uruguay,,Uruguay,Edinson Cavani,70,10.1,61.4,,miss,corner,left-foot,false
2018,Egypt vs Uruguay,,Uruguay,Luis Suárez,14,11.2,64.3,,miss,assisted,right-foot,false
2018,Egypt vs Uruguay,,Egypt,Marwan Mohsen,26,18.5,62.5,,save,assisted,right-foot,false
2018,Egypt vs Uruguay,,Uruguay,Martín Cáceres,88,10.5,52.4,,miss,set-piece,right-foot,false
2018,Egypt vs Uruguay,,Uruguay,José María Giménez,89,8.6,47,,goal,set-piece,head,true
2018,Egypt vs Uruguay,,Uruguay,Carlos Sánchez,68,25.4,63.1,,block,assisted,right-foot,false
2018,Egypt vs Uruguay,,Uruguay,Luis Suárez,32,29.3,43.9,,block,free-kick,right-foot,false
2018,Egypt vs Uruguay,,Uruguay,José María Giménez,85,8.3,44.3,,block,corner,head,false
2018,Egypt vs Uruguay,,Uruguay,Edinson Cavani,83,19.1,47,,save,assisted,right-foot,false
2018,Egypt vs Uruguay,,Egypt,Mohamed Elneny,81,13.4,60.2,,miss,regular,right-foot,false
2018,Egypt vs Uruguay,,Uruguay,Luis Suárez,46,5.3,63.7,,save,regular,right-foot,false
2018,Egypt vs Uruguay,,Uruguay,Matias Vecino,83,8.3,52.4,,miss,corner,head,false
2018,Egypt vs Uruguay,,Uruguay,Matias Vecino,29,33.3,73.2,,miss,assisted,right-foot,false
2018,Egypt vs Uruguay,,Uruguay,Edinson Cavani,88,21.9,32.8,,save,free-kick,right-foot,false
2018,Egypt vs Uruguay,,Uruguay,Luis Suárez,24,3.7,41.5,,miss,corner,right-foot,false
2018,Egypt vs Uruguay,,Egypt,Mohamed Elneny,90,15.7,60.6,,block,regular,right-foot,false
2018,Egypt vs Uruguay,,Uruguay,Edinson Cavani,23,17.2,28.8,,block,regular,left-foot,false
2018,England vs Belgium,,Belgium,Dries Mertens,89,18.7,61.2,,save,assisted,right-foot,false
2018,England vs Belgium,,England,Marcus Rashford,66,15,42.5,,save,assisted,right-foot,false
2018,England vs Belgium,,England,Ruben Loftus-Cheek,34,8.1,48.7,,miss,corner,head,false
2018,England vs Belgium,,Belgium,Thorgan Hazard,40,11.4,31.8,,miss,assisted,right-foot,false
2018,England vs Belgium,,Belgium,Youri Tielemans,27,24.9,58.8,,block,corner,right-foot,false
2018,England vs Belgium,,Belgium,Marouane Fellaini,27,13.5,39.6,,block,corner,right-foot,false
2018,England vs Belgium,,England,Fabian Delph,70,21.8,37.7,,block,regular,left-foot,false
2018,England vs Belgium,,England,Trent Alexander-Arnold,54,26.8,51.1,,block,free-kick,right-foot,false
2018,England vs Belgium,,Belgium,Thorgan Hazard,37,20.9,41.8,,miss,set-piece,right-foot,false
2018,England vs Belgium,,England,Danny Welbeck,87,4.7,34,,miss,set-piece,right-foot,false
2018,England vs Belgium,,Belgium,Adnan Januzaj,43,15,78.1,,block,assisted,left-foot,false
2018,England vs Belgium,,England,Jamie Vardy,14,8.1,53.4,,miss,assisted,head,false
2018,England vs Belgium,,England,Marcus Rashford,81,26.5,68.2,,miss,free-kick,right-foot,false
2018,England vs Belgium,,Belgium,Marouane Fellaini,90,6.3,36.1,,miss,assisted,left-foot,false
2018,England vs Belgium,,Belgium,Michy Batshuayi,27,10.6,69.7,,block,assisted,right-foot,false
2018,England vs Belgium,,England,Marcus Rashford,12,27.3,26.8,,block,corner,right-foot,false
2018,England vs Belgium,,Belgium,Michy Batshuayi,10,3.8,48.2,,save,regular,right-foot,false
2018,England vs Belgium,,England,Marcus Rashford,48,12.5,31.4,,miss,assisted,right-foot,false
2018,England vs Belgium,,England,Danny Welbeck,83,11.8,40.6,,save,corner,left-foot,false
2018,England vs Belgium,,Belgium,Thorgan Hazard,89,9.4,32.8,,block,assisted,right-foot,false
2018,England vs Belgium,,Belgium,Adnan Januzaj,55,10.1,67.4,,block,assisted,left-foot,false
2018,England vs Belgium,,Belgium,Adnan Januzaj,35,27.1,47.8,,block,assisted,left-foot,false
2018,England vs Belgium,,England,Fabian Delph,67,29.5,60.6,,miss,assisted,left-foot,false
2018,England vs Belgium,,Belgium,Youri Tielemans,6,26.2,64.5,,save,assisted,right-foot,false
2018,England vs Belgium,,Belgium,Adnan Januzaj,51,13,69.7,,goal,assisted,left-foot,true
2018,England vs Panama,,Panama,José Luis Rodríguez,90,26,21.8,,miss,assisted,left-foot,false
2018,England vs Panama,,Panama,Amir Murillo,66,5.6,63.4,,save,assisted,right-foot,false
2018,England vs Panama,,England,Jesse Lingard,36,20.8,41.9,,goal,assisted,right-foot,true
2018,England vs Panama,,Panama,Yoel Bárcenas,16,22.6,66.4,,miss,assisted,left-foot,false
2018,England vs Panama,,England,Harry Kane,45,11.5,50.1,,goal,penalty,right-foot,true
2018,England vs Panama,,England,Jordan Henderson,73,15,54.8,,miss,set-piece,right-foot,false
2018,England vs Panama,,England,Raheem Sterling,82,25.1,38.8,,miss,regular,right-foot,false
2018,England vs Panama,,Panama,Róman Torres,76,4,42.1,,miss,corner,right-foot,false
2018,England vs Panama,,Panama,Blas Pérez,90,15,50,,block,assisted,left-foot,false
2018,England vs Panama,,England,Raheem Sterling,40,4.3,49,,save,set-piece,head,false
2018,England vs Panama,,Panama,Felipe Baloy,78,12.2,52.4,,goal,set-piece,right-foot,true
2018,England vs Panama,,Panama,Aníbal Godoy,5,17.2,41.9,,miss,assisted,left-foot,false
2018,England vs Panama,,England,Jesse Lingard,42,18.1,49.3,,block,assisted,right-foot,false
2018,England vs Panama,,England,John Stones,8,10.4,53.2,,goal,corner,head,true
2018,England vs Panama,,England,John Stones,40,2.4,43.9,,goal,set-piece,head,true
2018,England vs Panama,,England,Harry Kane,62,14.1,59.8,,goal,assisted,right-foot,true
2018,England vs Panama,,Panama,Yoel Bárcenas,4,28.1,47.8,,miss,set-piece,right-foot,false
2018,England vs Panama,,England,Ruben Loftus-Cheek,62,22.3,65.5,,block,assisted,left-foot,false
2018,England vs Panama,,England,Harry Kane,22,11.6,50.1,,goal,penalty,right-foot,true
2018,France vs Argentina,Round of 16,France,Kylian Mbappé,68,12.8,60.8,,goal,assisted,right-foot,true
2018,France vs Argentina,Round of 16,Argentina,Éver Banega,22,23.8,31,,block,regular,right-foot,false
2018,France vs Argentina,Round of 16,Argentina,Lionel Messi,66,25.5,23.3,,block,free-kick,left-foot,false
2018,France vs Argentina,Round of 16,France,Kylian Mbappé,64,7.6,32.5,,goal,regular,left-foot,true
2018,France vs Argentina,Round of 16,Argentina,Ángel Di María,41,28.1,45.2,,goal,assisted,left-foot,true
2018,France vs Argentina,Round of 16,Argentina,Lionel Messi,85,13.2,58.5,,save,assisted,right-foot,false
2018,France vs Argentina,Round of 16,Argentina,Lionel Messi,48,13.5,71.4,,block,set-piece,left-foot,false
2018,France vs Argentina,Round of 16,Argentina,Sergio Agüero,86,14,59.4,,block,assisted,right-foot,false
2018,France vs Argentina,Round of 16,Argentina,Ángel Di María,90,8.8,41.9,,miss,assisted,right-foot,false
2018,France vs Argentina,Round of 16,Argentina,Sergio Agüero,90,9.4,43.3,,goal,assisted,head,true
2018,France vs Argentina,Round of 16,France,Antoine Griezmann,9,23.2,67,,post,free-kick,left-foot,false
2018,France vs Argentina,Round of 16,France,Blaise Matuidi,64,11.4,41.9,,block,assisted,left-foot,false
2018,France vs Argentina,Round of 16,France,Paul Pogba,21,18.2,43.4,,miss,free-kick,right-foot,false
2018,France vs Argentina,Round of 16,France,Antoine Griezmann,13,11.5,50,,goal,penalty,left-foot,true
2018,France vs Argentina,Round of 16,France,Benjamin Pavard,57,20.8,71.5,,goal,assisted,right-foot,true
2018,France vs Argentina,Round of 16,France,Olivier Giroud,70,9.4,27.1,,miss,assisted,left-foot,false
2018,France vs Argentina,Round of 16,Argentina,Gabriel Mercado,48,9.4,55.5,,goal,set-piece,left-foot,true
2018,France vs Argentina,Round of 16,France,Antoine Griezmann,56,3.1,56.1,,miss,regular,right-foot,false
2018,France vs Argentina,Round of 16,Argentina,Lionel Messi,67,23.9,30,,block,set-piece,left-foot,false
2018,France vs Australia,,France,Benjamin Pavard,72,24.8,55.5,,miss,corner,right-foot,false
2018,France vs Australia,,France,Kylian Mbappé,2,5.3,69,,save,assisted,right-foot,false
2018,France vs Australia,,France,Antoine Griezmann,8,12,38,,save,set-piece,head,false
2018,France vs Australia,,France,Nabil Fekir,88,21.1,85.4,,block,free-kick,left-foot,false
2018,France vs Australia,,Australia,Mathew Leckie,12,11.1,45.2,,miss,set-piece,head,false
2018,France vs Australia,,Australia,Mathew Leckie,17,15.1,47.2,,miss,set-piece,head,false
2018,France vs Australia,,France,Antoine Griezmann,59,15.1,47.2,,miss,assisted,left-foot,false
2018,France vs Australia,,Australia,Josh Risdon,90,22.1,57.1,,block,throw-in-set-piece,left-foot,false
2018,France vs Australia,,France,Lucas Hernández,33,12.2,28.3,,miss,assisted,left-foot,false
2018,France vs Australia,,France,Lucas Hernández,84,20.1,38.6,,miss,corner,right-foot,false
2018,France vs Australia,,France,Antoine Griezmann,58,11.5,50,,goal,penalty,left-foot,true
2018,France vs Australia,,France,Aziz Behich,80,13.3,53.1,,goal,regular,left-foot,false
2018,France vs Australia,,France,Antoine Griezmann,59,15.1,54.2,,miss,regular,right-foot,false
2018,France vs Australia,,France,Paul Pogba,5,26.3,35.1,,save,free-kick,right-foot,false
2018,France vs Australia,,Australia,Mathew Leckie,45,12.1,49.5,,block,assisted,left-foot,false
2018,France vs Australia,,Australia,Aziz Behich,45,18.1,26.4,,miss,assisted,right-foot,false
2018,France vs Australia,,France,Antoine Griezmann,6,24.2,49.9,,save,assisted,right-foot,false
2018,France vs Australia,,Australia,Mile Jedinak,62,11.5,50,,goal,penalty,right-foot,true
2018,France vs Australia,,France,Samuel Umtiti,69,30.3,42.7,,block,regular,left-foot,false
2018,France vs Belgium,Semifinals,France,Blaise Matuidi,18,28.6,51.1,,save,assisted,left-foot,false
2018,France vs Belgium,Semifinals,France,Blaise Matuidi,56,19.8,38.2,,block,fast-break,left-foot,false
2018,France vs Belgium,Semifinals,France,Olivier Giroud,31,12.5,52.8,,miss,set-piece,head,false
2018,France vs Belgium,Semifinals,France,Samuel Umtiti,51,2.8,59.6,,goal,corner,head,true
2018,France vs Belgium,Semifinals,France,Olivier Giroud,67,20.1,40.6,,miss,assisted,left-foot,false
2018,France vs Belgium,Semifinals,France,Antoine Griezmann,90,15.9,53.9,,save,assisted,right-foot,false
2018,France vs Belgium,Semifinals,Belgium,Kevin De Bruyne,61,12.4,48.7,,save,regular,right-foot,false
2018,France vs Belgium,Semifinals,France,Corentin Tolisso,90,12.8,33.6,,save,assisted,left-foot,false
2018,France vs Belgium,Semifinals,France,Olivier Giroud,34,10.7,46.2,,miss,assisted,left-foot,false
2018,France vs Belgium,Semifinals,Belgium,Toby Alderweireld,58,23.6,77.5,,miss,assisted,right-foot,false
2018,France vs Belgium,Semifinals,France,Antoine Griezmann,1,13.4,61.5,,block,assisted,left-foot,false
2018,France vs Belgium,Semifinals,Belgium,Toby Alderweireld,22,13.4,52.5,,save,corner,left-foot,false
2018,France vs Belgium,Semifinals,France,Benjamin Pavard,39,6,66.4,,save,assisted,right-foot,false
2018,France vs Belgium,Semifinals,France,Olivier Giroud,56,8.4,41.9,,block,assisted,left-foot,false
2018,France vs Belgium,Semifinals,France,Antoine Griezmann,33,21.8,37.1,,miss,regular,right-foot,false
2018,France vs Belgium,Semifinals,France,Olivier Giroud,51,13.2,41.5,,block,assisted,right-foot,false
2018,France vs Belgium,Semifinals,Belgium,Kevin De Bruyne,76,23.5,43.1,,miss,assisted,left-foot,false
2018,France vs Belgium,Semifinals,Belgium,Axel Witsel,81,25.5,37.5,,save,regular,right-foot,false
2018,France vs Belgium,Semifinals,Belgium,Marouane Fellaini,65,12.5,51.3,,miss,assisted,head,false
2018,France vs Belgium,Semifinals,France,Antoine Griezmann,37,24.9,34.5,,miss,assisted,left-foot,false
2018,France vs Belgium,Semifinals,France,Antoine Griezmann,39,22.2,61.2,,block,assisted,left-foot,false
2018,France vs Belgium,Semifinals,Belgium,Eden Hazard,19,11.6,23.9,,block,assisted,right-foot,false
2018,France vs Belgium,Semifinals,Belgium,Romelu Lukaku,48,8.7,52.4,,miss,assisted,head,false
2018,France vs Belgium,Semifinals,France,Paul Pogba,79,11.4,51.3,,miss,set-piece,head,false
2018,France vs Belgium,Semifinals,France,Antoine Griezmann,45,24.9,71.1,,block,free-kick,left-foot,false
2018,France vs Belgium,Semifinals,France,Blaise Matuidi,42,13.6,38.5,,miss,assisted,head,false
2018,France vs Belgium,Semifinals,France,Olivier Giroud,23,15,56.7,,miss,assisted,left-foot,false
2018,France vs Belgium,Semifinals,Belgium,Eden Hazard,16,11,28.5,,miss,assisted,left-foot,false
2018,France vs Croatia,Final,Croatia,Ante Rebić,40,12.5,53.1,,save,assisted,left-foot,false
2018,France vs Croatia,Final,Croatia,Domagoj Vida,45,6.1,49.7,,miss,corner,head,false
2018,France vs Croatia,Final,Croatia,Domagoj Vida,21,10,60.2,,miss,set-piece,head,false
2018,France vs Croatia,Final,France,Antoine Griezmann,47,25.1,56.4,,save,assisted,left-foot,false
2018,France vs Croatia,Final,Croatia,Šime Vrsaljko,50,27.8,62.9,,miss,corner,right-foot,false
2018,France vs Croatia,Final,France,Mario Mandžukić,18,7.8,50.5,,goal,set-piece,head,false
2018,France vs Croatia,Final,France,Kylian Mbappé,52,4.9,67.6,,save,assisted,right-foot,false
2018,France vs Croatia,Final,Croatia,Dejan Lovren,43,7.5,32,,miss,set-piece,right-foot,false
2018,France vs Croatia,Final,Croatia,Ante Rebić,48,10.5,31.2,,save,assisted,left-foot,false
2018,France vs Croatia,Final,Croatia,Ante Rebić,64,22.5,34.9,,block,assisted,right-foot,false
2018,France vs Croatia,Final,Croatia,Ivan Rakitić,89,26.1,32.5,,miss,assisted,right-foot,false
2018,France vs Croatia,Final,France,Paul Pogba,59,18,48.8,,goal,regular,left-foot,true
2018,France vs Croatia,Final,France,Kylian Mbappé,65,26.5,46.4,,goal,assisted,right-foot,true
2018,France vs Croatia,Final,Croatia,Ivan Perišić,43,5,40.2,,miss,set-piece,head,false
2018,France vs Croatia,Final,Croatia,Ivan Rakitić,78,18.4,36.1,,miss,assisted,left-foot,false
2018,France vs Croatia,Final,Croatia,Ivan Rakitić,24,12.8,34,,miss,assisted,left-foot,false
2018,France vs Croatia,Final,Croatia,Ivan Perišić,28,14.8,38,,goal,set-piece,left-foot,true
2018,France vs Croatia,Final,France,Nabil Fekir,87,24.9,76.7,,save,assisted,left-foot,false
2018,France vs Croatia,Final,France,Paul Pogba,59,19.5,50.7,,block,assisted,right-foot,false
2018,France vs Croatia,Final,Croatia,Šime Vrsaljko,76,32.3,62.5,,miss,assisted,right-foot,false
2018,France vs Croatia,Final,France,Antoine Griezmann,38,11.5,50,,goal,penalty,left-foot,true
2018,France vs Croatia,Final,Croatia,Mario Mandžukić,69,6.4,54.8,,goal,regular,right-foot,true
2018,France vs Peru,,Peru,Andre Carrillo,61,27.6,48.2,,miss,assisted,right-foot,false
2018,France vs Peru,,France,Antoine Griezmann,11,6.4,69.7,,miss,regular,right-foot,false
2018,France vs Peru,,Peru,Jefferson Farfán,74,3.1,31.6,,miss,assisted,left-foot,false
2018,France vs Peru,,France,Ousmane Dembélé,82,14.7,50.5,,miss,set-piece,left-foot,false
2018,France vs Peru,,France,Raphaël Varane,14,6.5,45.6,,miss,corner,head,false
2018,France vs Peru,,Peru,Luis Advincula,68,21.5,74.6,,miss,assisted,left-foot,false
2018,France vs Peru,,Peru,Christian Cueva,58,16.9,37.3,,block,assisted,right-foot,false
2018,France vs Peru,,France,Kylian Mbappé,34,2.6,50.3,,goal,regular,right-foot,true
2018,France vs Peru,,Peru,Edison Flores,24,22.5,29.3,,miss,corner,left-foot,false
2018,France vs Peru,,France,Kylian Mbappé,33,8.8,47.8,,save,assisted,right-foot,false
2018,France vs Peru,,Peru,Yoshimar Yotún,6,47.3,44.7,,miss,assisted,left-foot,false
2018,France vs Peru,,Peru,Pedro Aquino,50,26.8,52,,post,assisted,right-foot,false
2018,France vs Peru,,Peru,Paolo Guerrero,88,28.4,51.2,,save,free-kick,right-foot,false
2018,France vs Peru,,Peru,Paolo Guerrero,31,10.3,37.3,,save,assisted,left-foot,false
2018,France vs Peru,,France,Antoine Griezmann,16,17.5,65.3,,save,assisted,right-foot,false
2018,France vs Peru,,France,Lucas Hernández,43,11,34,,save,assisted,left-foot,false
2018,France vs Peru,,France,Olivier Giroud,34,11.4,36.7,,block,assisted,left-foot,false
2018,France vs Peru,,France,Blaise Matuidi,90,24.5,45,,miss,set-piece,left-foot,false
2018,France vs Peru,,Peru,Edison Flores,2,23.4,50.7,,block,assisted,left-foot,false
2018,France vs Peru,,France,Paul Pogba,12,29.8,78.5,,miss,assisted,right-foot,false
2018,France vs Peru,,France,Olivier Giroud,90,13.8,35.9,,block,assisted,left-foot,false
2018,France vs Peru,,France,Lucas Hernández,43,7.4,34.2,,miss,assisted,left-foot,false
2018,Germany vs Mexico,,Germany,Toni Kroos,55,17.7,43.7,,block,corner,right-foot,false
2018,Germany vs Mexico,,Germany,Julian Draxler,61,20.9,38.4,,block,assisted,right-foot,false
2018,Germany vs Mexico,,Mexico,Andrés Guardado,57,16.2,36.3,,miss,assisted,left-foot,false
2018,Germany vs Mexico,,Germany,Jérôme Boateng,90,22.9,74,,save,assisted,left-foot,false
2018,Germany vs Mexico,,Germany,Timo Werner,68,6.3,39.6,,miss,corner,right-foot,false
2018,Germany vs Mexico,,Germany,Mats Hummels,7,17.2,50.7,,save,corner,left-foot,false
2018,Germany vs Mexico,,Germany,Julian Draxler,55,14.1,30.5,,block,assisted,right-foot,false
2018,Germany vs Mexico,,Germany,Joshua Kimmich,53,25.2,50.5,,miss,assisted,left-foot,false
2018,Germany vs Mexico,,Mexico,Hector Herrera,10,26.2,47.4,,save,assisted,right-foot,false
2018,Germany vs Mexico,,Germany,Julian Draxler,16,25.4,40.4,,save,corner,right-foot,false
2018,Germany vs Mexico,,Mexico,Hirving Lozano,35,9.3,39.2,,goal,fast-break,right-foot,true
2018,Germany vs Mexico,,Germany,Marvin Plattenhardt,48,24.1,35.1,,save,assisted,left-foot,false
2018,Germany vs Mexico,,Germany,Julian Draxler,67,15.2,39,,block,assisted,right-foot,false
2018,Germany vs Mexico,,Germany,Toni Kroos,84,21.5,37.7,,save,assisted,left-foot,false
2018,Germany vs Mexico,,Germany,Mario Gómez,87,7.1,50.3,,miss,assisted,head,false
2018,Germany vs Mexico,,Germany,Julian Draxler,77,14,48,,block,assisted,left-foot,false
2018,Germany vs Mexico,,Mexico,Miguel Layún,9,25.1,46,,miss,free-kick,right-foot,false
2018,Germany vs Mexico,,Mexico,Javier Hernández,2,6.7,49.3,,miss,corner,head,false
2018,Germany vs Mexico,,Mexico,Carlos Vela,45,17.5,38.2,,miss,assisted,left-foot,false
2018,Germany vs Mexico,,Germany,Timo Werner,3,7.4,71.3,,miss,assisted,right-foot,false
2018,Germany vs Mexico,,Germany,Toni Kroos,22,21.6,35.9,,save,assisted,left-foot,false
2018,Germany vs Mexico,,Mexico,Hirving Lozano,1,9.1,36.3,,block,assisted,right-foot,false
2018,Germany vs Mexico,,Germany,Sami Khedira,37,12.7,61.4,,block,assisted,right-foot,false
2018,Germany vs Mexico,,Germany,Mario Gómez,89,3.1,43.5,,save,regular,right-foot,false
2018,Germany vs Mexico,,Germany,Julian Brandt,89,21.8,38,,post,assisted,right-foot,false
2018,Germany vs Mexico,,Germany,Toni Kroos,16,27.3,38.4,,block,assisted,right-foot,false
2018,Germany vs Mexico,,Germany,Timo Werner,20,13.8,54.8,,save,regular,left-foot,false
2018,Germany vs Mexico,,Mexico,Miguel Layún,26,24.4,47.6,,miss,assisted,right-foot,false
2018,Germany vs Mexico,,Germany,Toni Kroos,39,23.9,61.6,,save,free-kick,right-foot,false
2018,Germany vs Mexico,,Germany,Mario Gómez,86,8.7,41.2,,block,assisted,head,false
2018,Germany vs Mexico,,Mexico,Miguel Layún,78,23.4,55.9,,miss,fast-break,right-foot,false
2018,Germany vs Mexico,,Mexico,Javier Hernández,23,20.2,37.7,,block,fast-break,left-foot,false
2018,Germany vs Mexico,,Mexico,Miguel Layún,29,23.5,41,,save,assisted,right-foot,false
2018,Germany vs Mexico,,Germany,Mesut Özil,79,21.5,62,,block,assisted,left-foot,false
2018,Germany vs Mexico,,Mexico,Miguel Layún,82,19.4,68.4,,miss,fast-break,right-foot,false
2018,Germany vs Mexico,,Mexico,Héctor Moreno,14,9,48.5,,save,set-piece,head,false
2018,Germany vs Mexico,,Germany,Marco Reus,71,4.4,70.7,,miss,regular,right-foot,false
2018,Germany vs Mexico,,Germany,Joshua Kimmich,65,12.4,48.7,,miss,assisted,right-foot,false
2018,Germany vs Mexico,,Germany,Toni Kroos,76,20.8,57.1,,miss,assisted,right-foot,false
2018,Germany vs Sweden,,Germany,Thomas Müller,51,9.4,61,,miss,set-piece,head,false
2018,Germany vs Sweden,,Germany,Julian Brandt,90,19.1,55.5,,post,corner,left-foot,false
2018,Germany vs Sweden,,Germany,İlkay Gündoğan,39,23.6,34.9,,save,assisted,right-foot,false
2018,Germany vs Sweden,,Sweden,Andreas Granqvist,83,10,59.6,,miss,set-piece,head,false
2018,Germany vs Sweden,,Germany,Mario Gómez,88,8.6,49,,save,assisted,head,false
2018,Germany vs Sweden,,Germany,Jérôme Boateng,45,23.9,80.6,,miss,assisted,left-foot,false
2018,Germany vs Sweden,,Germany,Toni Kroos,65,24.5,47.6,,block,assisted,right-foot,false
2018,Germany vs Sweden,,Germany,Jérôme Boateng,16,21.8,69,,block,assisted,left-foot,false
2018,Germany vs Sweden,,Germany,Jonas Hector,3,16.4,49.9,,block,assisted,left-foot,false
2018,Germany vs Sweden,,Sweden,Marcus Berg,18,13.4,52.2,,block,assisted,right-foot,false
2018,Germany vs Sweden,,Germany,Toni Kroos,63,15,36.1,,block,assisted,left-foot,false
2018,Germany vs Sweden,,Germany,Julian Draxler,3,7.7,53.4,,block,assisted,right-foot,false
2018,Germany vs Sweden,,Germany,Timo Werner,81,10.3,59,,miss,assisted,right-foot,false
2018,Germany vs Sweden,,Germany,Marco Reus,48,7.4,48.2,,goal,assisted,left-foot,true
2018,Germany vs Sweden,,Sweden,Marcus Berg,13,13.9,48.5,,save,fast-break,right-foot,false
2018,Germany vs Sweden,,Germany,Jonas Hector,56,9.7,36.7,,save,assisted,left-foot,false
2018,Germany vs Sweden,,Sweden,Ola Toivonen,32,9,58.5,,goal,assisted,right-foot,true
2018,Germany vs Sweden,,Sweden,John Guidetti,90,11.6,75.3,,save,assisted,right-foot,false
2018,Germany vs Sweden,,Germany,Marco Reus,73,12.8,26.6,,block,set-piece,right-foot,false
2018,Germany vs Sweden,,Germany,Thomas Müller,39,7.4,43.3,,save,regular,left-foot,false
2018,Germany vs Sweden,,Germany,Sebastian Rudy,19,26.8,55.7,,miss,regular,right-foot,false
2018,Germany vs Sweden,,Sweden,Marcus Berg,45,12.2,54.8,,save,set-piece,head,false
2018,Germany vs Sweden,,Sweden,Emil Forsberg,76,21.1,28.7,,save,corner,left-foot,false
2018,Germany vs Sweden,,Germany,Toni Kroos,49,20.2,37.5,,block,regular,right-foot,false
2018,Germany vs Sweden,,Germany,Toni Kroos,90,6.4,23.9,,goal,free-kick,right-foot,true
2018,Iceland vs Croatia,,Iceland,Jóhann Guðmundsson,57,20.2,74.2,,block,assisted,left-foot,false
2018,Iceland vs Croatia,,Croatia,Ivan Rakitić,88,15.2,18.2,,miss,free-kick,right-foot,false
2018,Iceland vs Croatia,,Iceland,Aron Gunnarsson,45,15.7,71.9,,save,assisted,right-foot,false
2018,Iceland vs Croatia,,Iceland,Hörður Magnússon,28,9.4,42.8,,miss,corner,head,false
2018,Iceland vs Croatia,,Iceland,Emil Hallfreðsson,44,29.8,40.8,,miss,assisted,left-foot,false
2018,Iceland vs Croatia,,Croatia,Marko Pjaca,40,26.8,47.4,,block,assisted,right-foot,false
2018,Iceland vs Croatia,,Iceland,Gylfi Sigurðsson,76,11.5,50.1,,goal,penalty,right-foot,true
2018,Iceland vs Croatia,,Iceland,Gylfi Sigurðsson,66,11.1,75.4,,miss,assisted,right-foot,false
2018,Iceland vs Croatia,,Iceland,Aron Gunnarsson,90,6.4,46,,miss,corner,head,false
2018,Iceland vs Croatia,,Iceland,Sverrir Ingason,55,6.3,48.8,,save,throw-in-set-piece,head,false
2018,Iceland vs Croatia,,Iceland,Birkir Bjarnason,34,14,49.3,,block,corner,right-foot,false
2018,Iceland vs Croatia,,Croatia,Ivan Perišić,85,23.4,69.5,,miss,free-kick,left-foot,false
2018,Iceland vs Croatia,,Croatia,Dejan Lovren,82,5,47.4,,miss,corner,head,false
2018,Iceland vs Croatia,,Croatia,Milan Badelj,53,11,47.8,,goal,regular,right-foot,true
2018,Iceland vs Croatia,,Iceland,Jóhann Guðmundsson,77,22.9,72.6,,save,regular,left-foot,false
2018,Iceland vs Croatia,,Croatia,Mateo Kovačić,19,19.2,53.7,,block,corner,right-foot,false
2018,Iceland vs Croatia,,Iceland,Gylfi Sigurðsson,31,25.4,28,,save,free-kick,right-foot,false
2018,Iceland vs Croatia,,Iceland,Birkir Bjarnason,73,7.8,40.2,,miss,assisted,left-foot,false
2018,Iceland vs Croatia,,Iceland,Alfreð Finnbogason,40,16.7,56.7,,miss,assisted,right-foot,false
2018,Iceland vs Croatia,,Croatia,Andrej Kramarić,89,14.7,41.7,,miss,assisted,right-foot,false
2018,Iceland vs Croatia,,Iceland,Sverrir Ingason,56,6.7,51.3,,post,corner,head,false
2018,Iceland vs Croatia,,Croatia,Ivan Rakitić,90,18.3,49.7,,miss,assisted,right-foot,false
2018,Iceland vs Croatia,,Croatia,Luka Modrić,41,27.5,58.1,,miss,assisted,right-foot,false
2018,Iceland vs Croatia,,Croatia,Milan Badelj,51,25.1,61,,block,assisted,right-foot,false
2018,Iceland vs Croatia,,Croatia,Ivan Perišić,90,9,31.8,,goal,assisted,left-foot,true
2018,Iceland vs Croatia,,Iceland,Birkir Bjarnason,34,15,46.8,,miss,corner,right-foot,false
2018,Iceland vs Croatia,,Iceland,Birkir Bjarnason,45,12.2,50.5,,save,corner,right-foot,false
2018,Iceland vs Croatia,,Croatia,Josip Pivarić,74,19.3,23.7,,miss,assisted,left-foot,false
2018,Iceland vs Croatia,,Croatia,Andrej Kramarić,66,26.4,43.7,,block,assisted,left-foot,false
2018,Iceland vs Croatia,,Croatia,Ivan Perišić,37,23.5,51.3,,miss,assisted,left-foot,false
2018,Iran vs Portugal,,Portugal,Cristiano Ronaldo,40,30.6,43.3,,save,assisted,right-foot,false
2018,Iran vs Portugal,,Iran,Ramin Rezaeian,22,23.4,29.5,,miss,free-kick,right-foot,false
2018,Iran vs Portugal,,Portugal,José Fonte,17,19.2,48.7,,block,corner,right-foot,false
2018,Iran vs Portugal,,Portugal,Cristiano Ronaldo,3,10.4,30.5,,save,assisted,right-foot,false
2018,Iran vs Portugal,,Portugal,José Fonte,30,7,65.8,,miss,corner,head,false
2018,Iran vs Portugal,,Portugal,Raphael Guerreiro,62,24.2,35.3,,block,assisted,left-foot,false
2018,Iran vs Portugal,,Iran,Mehdi Taremi,90,7.4,41.9,,miss,regular,left-foot,false
2018,Iran vs Portugal,,Portugal,João Mário,9,17.9,45.2,,miss,regular,right-foot,false
2018,Iran vs Portugal,,Portugal,Ricardo Quaresma,42,8.8,68.8,,miss,assisted,right-foot,false
2018,Iran vs Portugal,,Portugal,Cristiano Ronaldo,53,11.4,50.3,,save,penalty,right-foot,false
2018,Iran vs Portugal,,Portugal,Ricardo Quaresma,45,18.2,71.1,,goal,assisted,right-foot,true
2018,Iran vs Portugal,,Iran,Saeid Ezatolahi,34,9.8,54.6,,save,set-piece,head,false
2018,Iran vs Portugal,,Portugal,Adrien Silva,71,24.6,26.2,,miss,assisted,right-foot,false
2018,Iran vs Portugal,,Iran,Saman Ghoddos,90,22.2,55.9,,block,assisted,right-foot,false
2018,Iran vs Portugal,,Iran,Karim Ansarifard,90,11.5,50,,goal,penalty,right-foot,true
2018,Iran vs Portugal,,Iran,Saman Ghoddos,72,19.1,45,,miss,assisted,right-foot,false
2018,Iran vs Portugal,,Portugal,Cristiano Ronaldo,16,24.9,69.9,,block,free-kick,right-foot,false
2018,Iran vs Portugal,,Iran,Vahid Amiri,7,19.4,33.9,,miss,assisted,left-foot,false
2018,Iran vs Portugal,,Portugal,Cristiano Ronaldo,66,20.8,44.7,,miss,assisted,right-foot,false
2018,Iran vs Portugal,,Portugal,Pepe,18,9.5,41.2,,miss,corner,head,false
2018,Iran vs Portugal,,Portugal,Andre Silva,77,22.8,67.2,,miss,assisted,right-foot,false
2018,Iran vs Spain,,Spain,Dani Carvajal,4,19.1,69.7,,miss,regular,right-foot,false
2018,Iran vs Spain,,Spain,Isco,78,22.6,73,,block,free-kick,right-foot,false
2018,Iran vs Spain,,Spain,David Silva,25,26.8,54,,save,free-kick,left-foot,false
2018,Iran vs Spain,,Spain,Gerard Piqué,49,5.4,53.2,,block,corner,right-foot,false
2018,Iran vs Spain,,Iran,Sardar Azmoun,62,8.1,40.2,,miss,set-piece,head,false
2018,Iran vs Spain,,Spain,Gerard Piqué,70,1.4,48.2,,save,corner,left-foot,false
2018,Iran vs Spain,,Iran,Mehdi Taremi,82,4.4,53.6,,miss,assisted,head,false
2018,Iran vs Spain,,Iran,Sardar Azmoun,90,13.4,40.4,,miss,assisted,head,false
2018,Iran vs Spain,,Spain,Sergio Ramos,70,9.3,60,,block,corner,right-foot,false
2018,Iran vs Spain,,Spain,Sergio Busquets,50,24.6,53.6,,save,regular,right-foot,false
2018,Iran vs Spain,,Spain,Isco,45,23.2,31.6,,block,assisted,right-foot,false
2018,Iran vs Spain,,Spain,Sergio Ramos,22,28.4,41,,block,free-kick,right-foot,false
2018,Iran vs Spain,,Spain,Gerard Piqué,10,10,48.7,,miss,set-piece,head,false
2018,Iran vs Spain,,Spain,David Silva,42,8,40.9,,block,assisted,left-foot,false
2018,Iran vs Spain,,Iran,Mehdi Taremi,60,8.4,45.1,,miss,assisted,head,false
2018,Iran vs Spain,,Spain,Diego Costa,54,12.7,45,,goal,regular,right-foot,true
2018,Iran vs Spain,,Spain,David Silva,30,8.3,47.3,,miss,corner,left-foot,false
2018,Iran vs Spain,,Spain,Diego Costa,70,1.1,48,,save,corner,right-foot,false
2018,Iran vs Spain,,Spain,David Silva,45,15.1,60.8,,block,assisted,left-foot,false
2018,Iran vs Spain,,Iran,Vahid Amiri,6,26.4,41.5,,miss,set-piece,left-foot,false
2018,Iran vs Spain,,Spain,Isco,31,24.6,72.3,,miss,assisted,right-foot,false
2018,Iran vs Spain,,Spain,Isco,52,13.5,63.1,,miss,assisted,right-foot,false
2018,Iran vs Spain,,Spain,David Silva,19,23.2,52.6,,block,assisted,left-foot,false
2018,Iran vs Spain,,Iran,Karim Ansarifard,53,13.7,36.1,,miss,throw-in-set-piece,right-foot,false
2018,Iran vs Spain,,Iran,Karim Ansarifard,14,28.2,50.3,,miss,regular,left-foot,false
2018,Japan vs Poland,,Japan,Gotoku Sakai,16,20.5,54.6,,save,assisted,left-foot,false
2018,Japan vs Poland,,Poland,Artur Jędrzejczyk,82,10.3,48.5,,block,corner,head,false
2018,Japan vs Poland,,Poland,Jacek Goralski,33,31.6,60.8,,miss,corner,right-foot,false
2018,Japan vs Poland,,Japan,Yoshinori Muto,58,7.8,49.3,,miss,corner,other,false
2018,Japan vs Poland,,Japan,Takashi Usami,35,6.1,72.3,,save,assisted,right-foot,false
2018,Japan vs Poland,,Poland,Rafal Kurzawa,37,16.1,60.8,,miss,corner,right-foot,false
2018,Japan vs Poland,,Japan,Takashi Usami,53,21.8,36.1,,block,assisted,right-foot,false
2018,Japan vs Poland,,Japan,Maya Yoshida,72,6.8,44.5,,miss,corner,head,false
2018,Japan vs Poland,,Japan,Shinji Okazaki,12,4.7,46,,block,assisted,head,false
2018,Japan vs Poland,,Japan,Yoshinori Muto,13,20.4,34.2,,save,assisted,right-foot,false
2018,Japan vs Poland,,Poland,Robert Lewandowski,15,21.6,39.6,,block,assisted,right-foot,false
2018,Japan vs Poland,,Poland,Piotr Zielinski,64,23.5,55,,block,assisted,left-foot,false
2018,Japan vs Poland,,Poland,Robert Lewandowski,74,10.1,51.8,,miss,fast-break,right-foot,false
2018,Japan vs Poland,,Japan,Takashi Usami,62,15.6,46.9,,block,regular,right-foot,false
2018,Japan vs Poland,,Japan,Tomoaki Makino,41,10.3,46.6,,miss,corner,head,false
2018,Japan vs Poland,,Japan,Tomoaki Makino,58,3,40.6,,miss,corner,right-foot,false
2018,Japan vs Poland,,Poland,Jan Bednarek,59,5.3,54.3,,goal,set-piece,right-foot,true
2018,Japan vs Poland,,Poland,Kamil Glik,78,10.4,47.8,,miss,corner,head,false
2018,Japan vs Poland,,Poland,Kamil Grosicki,68,12.2,44.8,,miss,assisted,head,false
2018,Japan vs Poland,,Poland,Rafal Kurzawa,23,24.1,45.4,,block,assisted,left-foot,false
2018,Japan vs Poland,,Poland,Kamil Grosicki,32,12.8,48,,save,assisted,head,false
2018,Japan vs Senegal,,Senegal,Salif Sané,48,8.7,55,,block,corner,head,false
2018,Japan vs Senegal,,Japan,Takashi Inui,34,11,31.9,,goal,assisted,right-foot,true
2018,Japan vs Senegal,,Senegal,M'Baye Niang,50,15.8,68.7,,miss,assisted,right-foot,false
2018,Japan vs Senegal,,Senegal,Badou Ndiaye,51,19.8,46.4,,miss,assisted,right-foot,false
2018,Japan vs Senegal,,Senegal,Moussa Wagué,71,5,63.5,,goal,assisted,right-foot,true
2018,Japan vs Senegal,,Senegal,Mame Biram Diouf,90,8.2,60.3,,miss,set-piece,left-foot,false
2018,Japan vs Senegal,,Japan,Keisuke Honda,78,6.8,54,,goal,assisted,left-foot,true
2018,Japan vs Senegal,,Senegal,M'Baye Niang,39,14.5,66.6,,save,assisted,left-foot,false
2018,Japan vs Senegal,,Senegal,Ismaïla Sarr,22,13.1,50.9,,save,assisted,right-foot,false
2018,Japan vs Senegal,,Senegal,Salif Sané,90,18.1,49.9,,block,set-piece,head,false
2018,Japan vs Senegal,,Japan,Makoto Hasebe,16,23.3,37,,block,assisted,right-foot,false
2018,Japan vs Senegal,,Senegal,Youssouf Sabaly,6,28.8,53.4,,miss,corner,right-foot,false
2018,Japan vs Senegal,,Japan,Yuya Osako,75,9.5,55.5,,block,corner,left-foot,false
2018,Japan vs Senegal,,Senegal,M'Baye Niang,55,25.4,56.7,,save,assisted,left-foot,false
2018,Japan vs Senegal,,Senegal,Alfred N'Diaye,27,8,54.2,,block,corner,head,false
2018,Japan vs Senegal,,Japan,Genki Haraguchi,40,18.8,73.2,,miss,assisted,left-foot,false
2018,Japan vs Senegal,,Japan,Takashi Inui,64,12.8,25.3,,post,fast-break,right-foot,false
2018,Japan vs Senegal,,Senegal,Sadio Mané,11,4,47.4,,goal,regular,left-foot,true
2018,Japan vs Senegal,,Japan,Yuya Osako,49,8.5,47.6,,save,assisted,head,false
2018,Japan vs Senegal,,Senegal,Youssouf Sabaly,11,11.2,25.9,,save,regular,right-foot,false
2018,Japan vs Senegal,,Senegal,Cheikh N'Doye,84,9.9,42.4,,miss,assisted,head,false
2018,Japan vs Senegal,,Senegal,M'Baye Niang,14,5,77,,save,assisted,right-foot,false
2018,Mexico vs Sweden,,Mexico,Carlos Salcedo,40,15,32.8,,block,corner,right-foot,false
2018,Mexico vs Sweden,,Mexico,Andrés Guardado,23,26.4,39.6,,miss,assisted,left-foot,false
2018,Mexico vs Sweden,,Mexico,Javier Hernández,70,13,49.3,,miss,set-piece,head,false
2018,Mexico vs Sweden,,Sweden,Andreas Granqvist,62,11.5,50,,goal,penalty,right-foot,true
2018,Mexico vs Sweden,,Sweden,Marcus Berg,31,5,54.6,,save,corner,right-foot,false
2018,Mexico vs Sweden,,Mexico,Miguel Layún,45,13.9,74.1,,save,assisted,right-foot,false
2018,Mexico vs Sweden,,Mexico,Carlos Salcedo,64,29.3,66.6,,block,regular,right-foot,false
2018,Mexico vs Sweden,,Mexico,Carlos Salcedo,68,9.5,41,,miss,corner,head,false
2018,Mexico vs Sweden,,Mexico,Carlos Vela,81,1.8,54.4,,miss,regular,head,false
2018,Mexico vs Sweden,,Mexico,Carlos Vela,17,16.4,54.8,,miss,assisted,left-foot,false
2018,Mexico vs Sweden,,Sweden,Emil Forsberg,5,7.1,19.2,,save,free-kick,right-foot,false
2018,Mexico vs Sweden,,Sweden,Emil Forsberg,33,14,39,,miss,assisted,right-foot,false
2018,Mexico vs Sweden,,Mexico,Carlos Vela,39,13.2,64.7,,miss,assisted,left-foot,false
2018,Mexico vs Sweden,,Mexico,Javier Hernández,81,2.8,34.2,,block,assisted,right-foot,false
2018,Mexico vs Sweden,,Mexico,Marco Fabián,66,25.9,62,,block,assisted,right-foot,false
2018,Mexico vs Sweden,,Sweden,Edson Álvarez,74,3.7,50.1,,goal,throw-in-set-piece,other,false
2018,Mexico vs Sweden,,Sweden,Emil Forsberg,18,8.8,44.3,,miss,assisted,right-foot,false
2018,Mexico vs Sweden,,Sweden,Marcus Berg,59,13.4,32.5,,save,assisted,head,false
2018,Mexico vs Sweden,,Mexico,Hector Herrera,90,27.2,63.5,,save,assisted,left-foot,false
2018,Mexico vs Sweden,,Sweden,Viktor Claesson,50,12,51.1,,miss,assisted,right-foot,false
2018,Mexico vs Sweden,,Sweden,Emil Forsberg,15,23.1,68.5,,miss,regular,right-foot,false
2018,Mexico vs Sweden,,Mexico,Hector Herrera,23,5.4,26.2,,block,corner,right-foot,false
2018,Mexico vs Sweden,,Mexico,Héctor Moreno,23,7.3,49.5,,block,corner,head,false
2018,Mexico vs Sweden,,Sweden,Emil Forsberg,28,17.9,43.9,,block,set-piece,left-foot,false
2018,Mexico vs Sweden,,Sweden,Andreas Granqvist,12,8,44.1,,miss,corner,head,false
2018,Mexico vs Sweden,,Sweden,Ludwig Augustinsson,54,15,31.8,,miss,assisted,right-foot,false
2018,Mexico vs Sweden,,Mexico,Hirving Lozano,36,21.8,32.6,,block,assisted,right-foot,false
2018,Mexico vs Sweden,,Mexico,Carlos Vela,22,23.2,77.7,,block,assisted,left-foot,false
2018,Mexico vs Sweden,,Mexico,Carlos Vela,81,22.6,70.1,,block,free-kick,left-foot,false
2018,Mexico vs Sweden,,Sweden,Marcus Berg,45,9.8,29.3,,miss,assisted,left-foot,false
2018,Mexico vs Sweden,,Sweden,Ludwig Augustinsson,50,4,39.8,,goal,assisted,left-foot,true
2018,Mexico vs Sweden,,Sweden,Emil Forsberg,52,16,44.3,,miss,assisted,left-foot,false
2018,Mexico vs Sweden,,Mexico,Miguel Layún,10,26.2,72.1,,miss,assisted,left-foot,false
2018,Mexico vs Sweden,,Mexico,Hirving Lozano,90,18.4,27.9,,save,assisted,right-foot,false
2018,Mexico vs Sweden,,Sweden,Marcus Berg,12,3.4,43.9,,miss,corner,right-foot,false
2018,Mexico vs Sweden,,Mexico,Hirving Lozano,89,21.8,66,,miss,corner,right-foot,false
2018,Morocco vs Iran,,Iran,Sardar Azmoun,43,10.6,61.1,,save,fast-break,right-foot,false
2018,Morocco vs Iran,,Morocco,Younès Belhanda,19,7.3,57.1,,block,set-piece,left-foot,false
2018,Morocco vs Iran,,Iran,Sardar Azmoun,25,7.6,41.3,,miss,throw-in-set-piece,right-foot,false
2018,Morocco vs Iran,,Morocco,Amine Harit,2,16.4,38.6,,miss,regular,right-foot,false
2018,Morocco vs Iran,,Morocco,Younès Belhanda,4,5.8,65.3,,miss,assisted,head,false
2018,Morocco vs Iran,,Morocco,Ayoub El Kaabi,8,16,50.7,,miss,regular,left-foot,false
2018,Morocco vs Iran,,Iran,Omid Ebrahimi,41,22.4,62.9,,miss,throw-in-set-piece,right-foot,false
2018,Morocco vs Iran,,Iran,Ehsan Hajsafi,45,31.5,53,,miss,free-kick,left-foot,false
2018,Morocco vs Iran,,Iran,Alireza Jahanbakhsh,35,30.9,52,,miss,free-kick,right-foot,false
2018,Morocco vs Iran,,Morocco,Hakim Ziyech,19,8.4,29.9,,miss,set-piece,left-foot,false
2018,Morocco vs Iran,,Iran,Aziz Bouhaddouz,90,4.6,44.5,,goal,set-piece,head,false
2018,Morocco vs Iran,,Morocco,Hakim Ziyech,80,20.8,42.1,,save,assisted,left-foot,false
2018,Morocco vs Iran,,Morocco,Amine Harit,30,9.1,30.1,,save,assisted,right-foot,false
2018,Morocco vs Iran,,Morocco,Achraf Hakimi,26,14.5,26.4,,block,assisted,right-foot,false
2018,Morocco vs Iran,,Morocco,Medhi Benatia,19,10.4,53.6,,save,set-piece,left-foot,false
2018,Morocco vs Iran,,Iran,Ehsan Hajsafi,44,20.7,42.9,,block,corner,right-foot,false
2018,Morocco vs Iran,,Morocco,Manuel Da Costa,90,34.6,54.8,,miss,assisted,right-foot,false
2018,Morocco vs Iran,,Iran,Roozbeh Cheshmi,32,6.1,65.1,,miss,set-piece,right-foot,false
2018,Morocco vs Iran,,Morocco,Hakim Ziyech,87,23.1,58.8,,block,assisted,left-foot,false
2018,Morocco vs Iran,,Iran,Alireza Jahanbakhsh,43,12.4,67.6,,save,fast-break,right-foot,false
2018,Morocco vs Iran,,Morocco,Younès Belhanda,26,25.6,53.4,,block,assisted,right-foot,false
2018,Morocco vs Iran,,Morocco,Amine Harit,49,8.3,33.9,,miss,assisted,right-foot,false
2018,Morocco vs Iran,,Iran,Karim Ansarifard,20,11.8,31.4,,miss,fast-break,left-foot,false
2018,Nigeria vs Argentina,,Nigeria,Leon Balogun,45,15.8,59.4,,save,set-piece,head,false
2018,Nigeria vs Argentina,,Argentina,Lionel Messi,14,9,60.4,,goal,assisted,right-foot,true
2018,Nigeria vs Argentina,,Nigeria,Odion Ighalo,83,5,30.3,,save,regular,right-foot,false
2018,Nigeria vs Argentina,,Argentina,Gonzalo Higuaín,80,11.5,44.5,,miss,assisted,left-foot,false
2018,Nigeria vs Argentina,,Nigeria,Oghenekaro Etebo,85,24.5,61.8,,miss,free-kick,right-foot,false
2018,Nigeria vs Argentina,,Argentina,Marcos Rojo,86,12,47.3,,goal,assisted,right-foot,true
2018,Nigeria vs Argentina,,Argentina,Gonzalo Higuaín,27,8.7,64.8,,save,assisted,right-foot,false
2018,Nigeria vs Argentina,,Nigeria,Ahmed Musa,9,19.9,33,,miss,assisted,right-foot,false
2018,Nigeria vs Argentina,,Argentina,Ángel Di María,39,9.9,28,,block,assisted,left-foot,false
2018,Nigeria vs Argentina,,Argentina,Nicolás Tagliafico,79,12.6,31.5,,block,assisted,left-foot,false
2018,Nigeria vs Argentina,,Nigeria,Oghenekaro Etebo,7,19.4,50.4,,block,regular,right-foot,false
2018,Nigeria vs Argentina,,Nigeria,Wilfred Ndidi,71,24.1,47.2,,miss,assisted,right-foot,false
2018,Nigeria vs Argentina,,Nigeria,Victor Moses,51,11.5,50,,goal,penalty,right-foot,true
2018,Nigeria vs Argentina,,Argentina,Lionel Messi,34,20.4,32.4,,save,free-kick,left-foot,false
2018,Nigeria vs Argentina,,Nigeria,Odion Ighalo,75,11.8,55.8,,miss,regular,right-foot,false
2018,Nigeria vs Argentina,,Nigeria,Oghenekaro Etebo,42,24.7,65.5,,miss,throw-in-set-piece,right-foot,false
2018,Nigeria vs Argentina,,Argentina,Nicolás Tagliafico,8,13.4,31.2,,miss,assisted,left-foot,false
2018,Nigeria vs Iceland,,Nigeria,Victor Moses,66,13.2,75.2,,miss,assisted,right-foot,false
2018,Nigeria vs Iceland,,Iceland,Alfreð Finnbogason,45,6.7,49.3,,miss,set-piece,other,false
2018,Nigeria vs Iceland,,Nigeria,Victor Moses,74,15,62,,miss,regular,right-foot,false
2018,Nigeria vs Iceland,,Iceland,Birkir Bjarnason,21,6,31,,block,throw-in-set-piece,left-foot,false
2018,Nigeria vs Iceland,,Nigeria,Kelechi Iheanacho,84,21.9,56.7,,miss,assisted,left-foot,false
2018,Nigeria vs Iceland,,Iceland,Gylfi Sigurðsson,3,26.6,46.4,,save,free-kick,right-foot,false
2018,Nigeria vs Iceland,,Iceland,Gylfi Sigurðsson,6,19.8,49.5,,save,assisted,right-foot,false
2018,Nigeria vs Iceland,,Nigeria,Ahmed Musa,49,8.7,56.7,,goal,fast-break,right-foot,true
2018,Nigeria vs Iceland,,Nigeria,Wilfred Ndidi,57,28.9,34.5,,save,assisted,right-foot,false
2018,Nigeria vs Iceland,,Nigeria,Victor Moses,68,18.5,69.7,,block,assisted,left-foot,false
2018,Nigeria vs Iceland,,Nigeria,William Troost-Ekong,70,12.4,57.3,,miss,corner,head,false
2018,Nigeria vs Iceland,,Iceland,Alfreð Finnbogason,88,7.7,32.2,,save,assisted,left-foot,false
2018,Nigeria vs Iceland,,Nigeria,Ahmed Musa,75,7.8,52.8,,goal,assisted,right-foot,true
2018,Nigeria vs Iceland,,Nigeria,Oghenekaro Etebo,69,22.4,48.9,,block,assisted,right-foot,false
2018,Nigeria vs Iceland,,Iceland,Gylfi Sigurðsson,83,11.4,50.1,,miss,penalty,right-foot,false
2018,Nigeria vs Iceland,,Nigeria,Alex Iwobi,90,15.7,49.5,,block,assisted,left-foot,false
2018,Nigeria vs Iceland,,Nigeria,Oghenekaro Etebo,46,24.8,64.5,,save,assisted,right-foot,false
2018,Nigeria vs Iceland,,Iceland,Birkir Bjarnason,34,10.8,28.7,,miss,assisted,right-foot,false
2018,Nigeria vs Iceland,,Nigeria,Wilfred Ndidi,89,26.9,50.5,,block,assisted,right-foot,false
2018,Nigeria vs Iceland,,Iceland,Rúrik Gíslason,68,20.9,36.7,,miss,assisted,right-foot,false
2018,Nigeria vs Iceland,,Nigeria,Ahmed Musa,74,18.1,32,,post,assisted,right-foot,false
2018,Nigeria vs Iceland,,Nigeria,Leon Balogun,72,8.5,56.7,,miss,corner,head,false
2018,Nigeria vs Iceland,,Nigeria,Kelechi Iheanacho,74,21.2,71.3,,block,assisted,left-foot,false
2018,Nigeria vs Iceland,,Nigeria,William Troost-Ekong,79,24.1,48.2,,block,regular,left-foot,false
2018,Nigeria vs Iceland,,Iceland,Sverrir Ingason,90,11,49.1,,miss,set-piece,head,false
2018,Panama vs Tunisia,,Panama,Róman Torres,33,12.5,35.7,,block,set-piece,right-foot,false
2018,Panama vs Tunisia,,Panama,Fidel Escobar,33,25.4,24.8,,save,set-piece,right-foot,false
2018,Panama vs Tunisia,,Tunisia,Ghayléne Chaaleli,57,17.1,64.8,,block,assisted,right-foot,false
2018,Panama vs Tunisia,,Tunisia,Wahbi Khazri,62,14.1,74.2,,save,fast-break,right-foot,false
2018,Panama vs Tunisia,,Panama,Yoel Bárcenas,63,14.8,50.1,,save,regular,right-foot,false
2018,Panama vs Tunisia,,Tunisia,Naïm Sliti,7,13.7,37.3,,miss,regular,right-foot,false
2018,Panama vs Tunisia,,Tunisia,Ferjani Sassi,7,17.8,48.1,,miss,assisted,right-foot,false
2018,Panama vs Tunisia,,Panama,Gabriel Torres,11,9,41,,miss,throw-in-set-piece,head,false
2018,Panama vs Tunisia,,Tunisia,Wahbi Khazri,41,10.3,63.1,,miss,assisted,right-foot,false
2018,Panama vs Tunisia,,Tunisia,Wahbi Khazri,45,12,68.4,,save,regular,right-foot,false
2018,Panama vs Tunisia,,Tunisia,Naïm Sliti,21,15.3,60.6,,save,assisted,right-foot,false
2018,Panama vs Tunisia,,Tunisia,Wahbi Khazri,66,3.7,56.3,,goal,assisted,right-foot,true
2018,Panama vs Tunisia,,Panama,Yassine Meriah,33,15,50.3,,goal,regular,other,false
2018,Panama vs Tunisia,,Panama,Aníbal Godoy,90,13.5,38.6,,miss,set-piece,left-foot,false
2018,Panama vs Tunisia,,Tunisia,Fakhreddine Ben Youssef,16,14.2,32.8,,block,assisted,right-foot,false
2018,Panama vs Tunisia,,Tunisia,Wahbi Khazri,45,13.7,67.6,,block,regular,right-foot,false
2018,Panama vs Tunisia,,Tunisia,Fakhreddine Ben Youssef,51,5.6,47.6,,goal,assisted,right-foot,true
2018,Panama vs Tunisia,,Panama,Ricardo Ávila,9,32.2,28.3,,miss,regular,left-foot,false
2018,Panama vs Tunisia,,Tunisia,Fakhreddine Ben Youssef,53,12,63.7,,save,regular,right-foot,false
2018,Panama vs Tunisia,,Tunisia,Fakhreddine Ben Youssef,39,8.6,41.9,,miss,assisted,head,false
2018,Panama vs Tunisia,,Panama,José Luis Rodríguez,70,12.2,34.7,,save,regular,left-foot,false
2018,Panama vs Tunisia,,Panama,Yoel Bárcenas,90,26,60.9,,save,free-kick,right-foot,false
2018,Panama vs Tunisia,,Panama,José Luis Rodríguez,33,24.8,45,,miss,assisted,left-foot,false
2018,Panama vs Tunisia,,Tunisia,Naïm Sliti,9,24.1,46.4,,miss,assisted,right-foot,false
2018,Peru vs Denmark,,Peru,Andre Carrillo,13,16,70.1,,save,regular,left-foot,false
2018,Peru vs Denmark,,Peru,Paolo Guerrero,90,11,48.8,,miss,assisted,head,false
2018,Peru vs Denmark,,Peru,Paolo Guerrero,79,9,48.5,,miss,assisted,right-foot,false
2018,Peru vs Denmark,,Peru,Edison Flores,11,29.5,56.6,,miss,assisted,left-foot,false
2018,Peru vs Denmark,,Peru,Renato Tapia,14,28.6,55,,miss,assisted,right-foot,false
2018,Peru vs Denmark,,Denmark,Christian Eriksen,86,14.2,40.4,,save,assisted,left-foot,false
2018,Peru vs Denmark,,Peru,Jefferson Farfán,29,10.8,65.1,,block,assisted,right-foot,false
2018,Peru vs Denmark,,Denmark,Yussuf Poulsen,59,11,38.8,,goal,assisted,left-foot,true
2018,Peru vs Denmark,,Peru,Alberto Rodríguez,69,9.5,60,,miss,set-piece,head,false
2018,Peru vs Denmark,,Peru,Jefferson Farfán,50,10.7,70.7,,block,fast-break,right-foot,false
2018,Peru vs Denmark,,Peru,Paolo Guerrero,64,12.1,50.1,,save,assisted,head,false
2018,Peru vs Denmark,,Denmark,Lasse Schöne,39,25.2,52,,save,set-piece,right-foot,false
2018,Peru vs Denmark,,Denmark,Jens Stryger Larsen,51,24.5,48,,miss,regular,right-foot,false
2018,Peru vs Denmark,,Peru,Christian Cueva,45,11.6,50,,miss,penalty,right-foot,false
2018,Peru vs Denmark,,Denmark,Christian Eriksen,39,20.8,65.1,,block,free-kick,right-foot,false
2018,Peru vs Denmark,,Peru,Christian Cueva,79,11.8,31.9,,miss,assisted,left-foot,false
2018,Peru vs Denmark,,Peru,Edison Flores,61,11.7,32.7,,save,assisted,left-foot,false
2018,Peru vs Denmark,,Peru,Luis Advincula,73,12.4,73.8,,save,assisted,left-foot,false
2018,Peru vs Denmark,,Peru,Luis Advincula,5,28.8,75.2,,miss,assisted,right-foot,false
2018,Peru vs Denmark,,Peru,Yoshimar Yotún,8,31.5,27.7,,save,assisted,left-foot,false
2018,Peru vs Denmark,,Denmark,Thomas Delaney,41,18.1,27,,miss,assisted,left-foot,false
2018,Peru vs Denmark,,Peru,Alberto Rodríguez,15,13.6,52.1,,miss,corner,head,false
2018,Peru vs Denmark,,Peru,Jefferson Farfán,84,13,52,,save,assisted,right-foot,false
2018,Peru vs Denmark,,Denmark,Thomas Delaney,27,28.9,46,,miss,assisted,left-foot,false
2018,Peru vs Denmark,,Denmark,Christian Eriksen,53,18.5,70.5,,miss,set-piece,left-foot,false
2018,Peru vs Denmark,,Denmark,Nicolai Jørgensen,82,14,59.2,,block,regular,left-foot,false
2018,Peru vs Denmark,,Denmark,Yussuf Poulsen,45,8.3,56.3,,miss,corner,head,false
2018,Poland vs Colombia,,Colombia,Jefferson Lerma,90,26.9,59.2,,block,regular,left-foot,false
2018,Poland vs Colombia,,Poland,Piotr Zielinski,74,24.4,68.7,,miss,regular,right-foot,false
2018,Poland vs Colombia,,Colombia,Santiago Arias,15,24.1,66.6,,block,regular,right-foot,false
2018,Poland vs Colombia,,Colombia,Radamel Falcao,70,9.3,63.4,,goal,assisted,right-foot,true
2018,Poland vs Colombia,,Colombia,Juan Cuadrado,75,14.5,44.2,,goal,fast-break,right-foot,true
2018,Poland vs Colombia,,Colombia,Juan Fernando Quintero,51,28.8,71.5,,miss,assisted,left-foot,false
2018,Poland vs Colombia,,Colombia,Juan Cuadrado,35,29.6,34.7,,miss,assisted,right-foot,false
2018,Poland vs Colombia,,Colombia,Matheus Uribe,84,4.6,55.7,,save,regular,right-foot,false
2018,Poland vs Colombia,,Colombia,James Rodríguez,53,15,63.1,,block,assisted,left-foot,false
2018,Poland vs Colombia,,Poland,Łukasz Teodorczyk,81,10.8,47.4,,block,corner,head,false
2018,Poland vs Colombia,,Poland,Grzegorz Krychowiak,81,4.8,41.2,,block,corner,right-foot,false
2018,Poland vs Colombia,,Poland,Robert Lewandowski,66,9.7,49.9,,block,throw-in-set-piece,head,false
2018,Poland vs Colombia,,Colombia,James Rodríguez,85,26.8,10.3,,miss,free-kick,left-foot,false
2018,Poland vs Colombia,,Poland,Robert Lewandowski,49,6.5,57.7,,miss,throw-in-set-piece,head,false
2018,Poland vs Colombia,,Colombia,Juan Fernando Quintero,56,20.2,44.6,,block,assisted,left-foot,false
2018,Poland vs Colombia,,Poland,Robert Lewandowski,88,26.7,40.9,,save,assisted,right-foot,false
2018,Poland vs Colombia,,Poland,Robert Lewandowski,5,8.1,45.4,,block,assisted,head,false
2018,Poland vs Colombia,,Colombia,Yerry Mina,40,3.5,50,,goal,corner,head,true
2018,Poland vs Colombia,,Colombia,Radamel Falcao,52,19.1,62,,miss,assisted,right-foot,false
2018,Poland vs Colombia,,Poland,Robert Lewandowski,58,9.3,38.4,,save,assisted,left-foot,false
2018,Poland vs Colombia,,Poland,Piotr Zielinski,18,25.8,61.6,,block,assisted,left-foot,false
2018,Poland vs Colombia,,Colombia,Juan Cuadrado,57,27.7,63.7,,miss,corner,right-foot,false
2018,Poland vs Senegal,,Poland,Arkadiusz Milik,70,5.1,56.9,,miss,assisted,left-foot,false
2018,Poland vs Senegal,,Senegal,Idrissa Gana Gueye,37,21.1,54.4,,miss,assisted,right-foot,false
2018,Poland vs Senegal,,Poland,Kamil Grosicki,90,26.6,35.7,,miss,regular,left-foot,false
2018,Poland vs Senegal,,Senegal,Thiago Cionek,37,13,51.1,,goal,regular,right-foot,false
2018,Poland vs Senegal,,Poland,Robert Lewandowski,23,18.1,55.4,,miss,regular,left-foot,false
2018,Poland vs Senegal,,Poland,Kamil Grosicki,67,26.5,47.6,,block,assisted,right-foot,false
2018,Poland vs Senegal,,Senegal,Sadio Mané,52,10,45.6,,block,assisted,left-foot,false
2018,Poland vs Senegal,,Poland,Łukasz Piszczek,56,8.8,60.4,,miss,assisted,right-foot,false
2018,Poland vs Senegal,,Poland,Piotr Zielinski,20,24.9,42.1,,miss,regular,left-foot,false
2018,Poland vs Senegal,,Senegal,Salif Sané,42,7.7,47.6,,miss,corner,head,false
2018,Poland vs Senegal,,Poland,Maciej Rybus,82,8.1,33.8,,save,regular,left-foot,false
2018,Poland vs Senegal,,Senegal,M'Baye Niang,60,8,51.3,,goal,regular,right-foot,true
2018,Poland vs Senegal,,Senegal,Moussa Konaté,81,8.7,48.2,,save,set-piece,left-foot,false
2018,Poland vs Senegal,,Poland,Robert Lewandowski,50,23.9,52.4,,save,free-kick,right-foot,false
2018,Poland vs Senegal,,Poland,Kamil Grosicki,20,9,61.2,,miss,assisted,head,false
2018,Poland vs Senegal,,Poland,Dawid Kownacki,79,8.1,56.5,,save,assisted,head,false
2018,Poland vs Senegal,,Poland,Grzegorz Krychowiak,86,7.8,41,,goal,set-piece,head,true
2018,Poland vs Senegal,,Senegal,M'Baye Niang,18,15.1,30.7,,miss,fast-break,left-foot,false
2018,Poland vs Senegal,,Senegal,Salif Sané,13,28.1,42.9,,miss,free-kick,right-foot,false
2018,Poland vs Senegal,,Senegal,Idrissa Gana Gueye,45,21.9,76.9,,block,assisted,right-foot,false
2018,Portugal vs Morocco,,Portugal,Bruno Fernandes,90,27.3,25,,miss,assisted,right-foot,false
2018,Portugal vs Morocco,,Morocco,Medhi Benatia,60,14.1,50.9,,miss,set-piece,left-foot,false
2018,Portugal vs Morocco,,Morocco,Hakim Ziyech,23,26.9,32.8,,save,assisted,right-foot,false
2018,Portugal vs Morocco,,Morocco,Nabil Dirar,81,29.8,58.3,,miss,corner,right-foot,false
2018,Portugal vs Morocco,,Morocco,Hakim Ziyech,18,11.1,32.8,,block,assisted,left-foot,false
2018,Portugal vs Morocco,,Morocco,Younès Belhanda,57,10.5,54,,save,set-piece,head,false
2018,Portugal vs Morocco,,Portugal,Cristiano Ronaldo,9,11.2,62.9,,miss,assisted,right-foot,false
2018,Portugal vs Morocco,,Portugal,Cristiano Ronaldo,4,5.1,51.5,,goal,corner,head,true
2018,Portugal vs Morocco,,Morocco,Manuel Da Costa,14,11.7,63.9,,miss,corner,head,false
2018,Portugal vs Morocco,,Morocco,Hakim Ziyech,90,10.8,58.1,,block,regular,left-foot,false
2018,Portugal vs Morocco,,Morocco,Medhi Benatia,12,7.4,45.2,,save,corner,head,false
2018,Portugal vs Morocco,,Portugal,Gonçalo Guedes,39,12.2,40,,save,assisted,right-foot,false
2018,Portugal vs Morocco,,Portugal,Raphael Guerreiro,4,27.1,48.5,,block,corner,left-foot,false
2018,Portugal vs Morocco,,Morocco,Khalid Boutaïb,2,11,37.1,,miss,assisted,head,false
2018,Portugal vs Morocco,,Portugal,Cristiano Ronaldo,71,27,24.7,,block,assisted,right-foot,false
2018,Portugal vs Morocco,,Portugal,Bruno Fernandes,82,23.2,73.6,,miss,assisted,right-foot,false
2018,Portugal vs Morocco,,Morocco,Medhi Benatia,90,10.7,45.4,,miss,set-piece,left-foot,false
2018,Portugal vs Morocco,,Morocco,Younès Belhanda,55,15,68.4,,save,assisted,right-foot,false
2018,Portugal vs Morocco,,Portugal,Cristiano Ronaldo,85,17.8,42.3,,block,free-kick,right-foot,false
2018,Portugal vs Morocco,,Morocco,Karim El Ahmadi,34,28.5,35.9,,miss,assisted,right-foot,false
2018,Portugal vs Morocco,,Morocco,Younès Belhanda,45,7.4,54,,miss,set-piece,head,false
2018,Portugal vs Morocco,,Morocco,Hakim Ziyech,68,23.6,66.9,,miss,free-kick,left-foot,false
2018,Portugal vs Morocco,,Portugal,Cristiano Ronaldo,32,20.4,43.1,,block,free-kick,right-foot,false
2018,Portugal vs Morocco,,Portugal,Cristiano Ronaldo,51,14.4,66.8,,miss,set-piece,right-foot,false
2018,Portugal vs Morocco,,Morocco,Medhi Benatia,78,8.4,54.2,,miss,set-piece,other,false
2018,Portugal vs Spain,,Spain,Isco,26,14.5,26.1,,save,regular,right-foot,false
2018,Portugal vs Spain,,Portugal,Cristiano Ronaldo,18,22,75.1,,block,free-kick,right-foot,false
2018,Portugal vs Spain,,Spain,Diego Costa,24,14.8,54.9,,goal,regular,right-foot,true
2018,Portugal vs Spain,,Portugal,Pepe,72,2,40.4,,miss,corner,head,false
2018,Portugal vs Spain,,Spain,Andrés Iniesta,35,9.8,35.5,,miss,assisted,left-foot,false
2018,Portugal vs Spain,,Spain,Diego Costa,55,3.6,50.4,,goal,set-piece,right-foot,true
2018,Portugal vs Spain,,Spain,David Silva,29,21.4,71.5,,block,free-kick,left-foot,false
2018,Portugal vs Spain,,Portugal,Ricardo Quaresma,90,11.4,38.2,,block,assisted,right-foot,false
2018,Portugal vs Spain,,Spain,Diego Costa,71,9.3,43.9,,miss,assisted,left-foot,false
2018,Portugal vs Spain,,Spain,David Silva,10,14.1,48.7,,miss,regular,right-foot,false
2018,Portugal vs Spain,,Portugal,Gonçalo Guedes,17,23.4,63.5,,block,fast-break,right-foot,false
2018,Portugal vs Spain,,Portugal,Cristiano Ronaldo,4,11.5,50,,goal,penalty,right-foot,true
2018,Portugal vs Spain,,Spain,Iago Aspas,82,19.8,56.7,,save,assisted,left-foot,false
2018,Portugal vs Spain,,Spain,Koke,35,6.5,43.5,,miss,assisted,left-foot,false
2018,Portugal vs Spain,,Spain,Nacho Fernández,58,21.5,63.5,,goal,regular,right-foot,true
2018,Portugal vs Spain,,Portugal,Cristiano Ronaldo,88,22.8,56.9,,goal,free-kick,right-foot,true
2018,Portugal vs Spain,,Spain,David Silva,21,6.3,35.7,,block,assisted,left-foot,false
2018,Portugal vs Spain,,Spain,Sergio Busquets,39,9.1,50.5,,miss,corner,head,false
2018,Portugal vs Spain,,Portugal,Bruno Fernandes,49,26.6,40,,miss,assisted,right-foot,false
2018,Portugal vs Spain,,Portugal,Ricardo Quaresma,76,11.8,83.1,,miss,assisted,right-foot,false
2018,Portugal vs Spain,,Portugal,Cristiano Ronaldo,44,18.5,46.6,,goal,assisted,left-foot,true
2018,Portugal vs Spain,,Spain,Isco,42,18.7,73.6,,save,assisted,left-foot,false
2018,Russia vs Croatia,Quarterfinals,Russia,Denis Cheryshev,31,24.1,45,,goal,assisted,left-foot,true
2018,Russia vs Croatia,Quarterfinals,Croatia,Domagoj Vida,127,11.6,49.9,,goal,shootout,right-foot,true
2018,Russia vs Croatia,Quarterfinals,Russia,Denis Cheryshev,39,3.8,33.6,,miss,set-piece,left-foot,false
2018,Russia vs Croatia,Quarterfinals,Russia,Fedor Smolov,122,11.6,49.7,,save,shootout,right-foot,false
2018,Russia vs Croatia,Quarterfinals,Croatia,Andrej Kramarić,60,2.7,67.4,,miss,assisted,right-foot,false
2018,Russia vs Croatia,Quarterfinals,Croatia,Mario Mandžukić,77,8.8,48.2,,miss,corner,head,false
2018,Russia vs Croatia,Quarterfinals,Croatia,Marcelo Brozovic,122,11.5,50.1,,goal,shootout,right-foot,true
2018,Russia vs Croatia,Quarterfinals,Croatia,Andrej Kramarić,63,27.3,37.3,,block,regular,right-foot,false
2018,Russia vs Croatia,Quarterfinals,Croatia,Luka Modrić,50,26.2,71.7,,miss,regular,right-foot,false
2018,Russia vs Croatia,Quarterfinals,Russia,Denis Cheryshev,2,9.4,69.9,,miss,assisted,right-foot,false
2018,Russia vs Croatia,Quarterfinals,Croatia,Luka Modrić,126,11.6,50,,goal,shootout,right-foot,true
2018,Russia vs Croatia,Quarterfinals,Russia,Alan Dzagoev,123,11.6,50,,goal,shootout,right-foot,true
2018,Russia vs Croatia,Quarterfinals,Croatia,Ivan Perišić,60,8.5,54.4,,post,regular,right-foot,false
2018,Russia vs Croatia,Quarterfinals,Russia,Sergey Ignashevich,126,11.5,50,,goal,shootout,right-foot,true
2018,Russia vs Croatia,Quarterfinals,Russia,Daler Kuzyaev,112,15.7,66,,save,corner,right-foot,false
2018,Russia vs Croatia,Quarterfinals,Russia,Sergey Ignashevich,37,2.4,33.2,,miss,set-piece,right-foot,false
2018,Russia vs Croatia,Quarterfinals,Croatia,Ivan Rakitić,129,11.5,49.9,,goal,shootout,right-foot,true
2018,Russia vs Croatia,Quarterfinals,Russia,Roman Zobnin,119,23.7,38.3,,save,regular,right-foot,false
2018,Russia vs Croatia,Quarterfinals,Croatia,Mateo Kovačić,124,11.7,49.9,,save,shootout,right-foot,false
2018,Russia vs Croatia,Quarterfinals,Croatia,Luka Modrić,76,14,48.7,,block,assisted,left-foot,false
2018,Russia vs Croatia,Quarterfinals,Russia,Ilya Kutepov,104,7.8,46.4,,miss,corner,head,false
2018,Russia vs Croatia,Quarterfinals,Croatia,Mario Mandžukić,11,9,52.6,,miss,assisted,right-foot,false
2018,Russia vs Croatia,Quarterfinals,Russia,Aleksandr Erokhin,105,7,43.6,,miss,corner,head,false
2018,Russia vs Croatia,Quarterfinals,Croatia,Ante Rebić,7,8,50.1,,miss,corner,head,false
2018,Russia vs Croatia,Quarterfinals,Croatia,Dejan Lovren,7,12.5,37.7,,miss,corner,head,false
2018,Russia vs Croatia,Quarterfinals,Croatia,Andrej Kramarić,39,8.4,42.7,,goal,assisted,head,true
2018,Russia vs Croatia,Quarterfinals,Croatia,Šime Vrsaljko,76,7.3,70.9,,block,regular,right-foot,false
2018,Russia vs Croatia,Quarterfinals,Croatia,Ante Rebić,33,24.5,37.3,,block,assisted,right-foot,false
2018,Russia vs Croatia,Quarterfinals,Croatia,Andrej Kramarić,52,14,50.3,,save,assisted,right-foot,false
2018,Russia vs Croatia,Quarterfinals,Russia,Artem Dzyuba,62,10.7,48.2,,save,corner,head,false
2018,Russia vs Croatia,Quarterfinals,Russia,Aleksandr Erokhin,72,7.1,52.5,,miss,assisted,head,false
2018,Russia vs Croatia,Quarterfinals,Croatia,Luka Modrić,117,21.6,29.1,,miss,regular,right-foot,false
2018,Russia vs Croatia,Quarterfinals,Croatia,Domagoj Vida,101,11.2,45.4,,goal,corner,head,true
2018,Russia vs Croatia,Quarterfinals,Russia,Mário Fernandes,115,7.4,49.1,,goal,set-piece,head,true
2018,Russia vs Croatia,Quarterfinals,Croatia,Ivan Perišić,28,11.4,55.9,,miss,assisted,head,false
2018,Russia vs Croatia,Quarterfinals,Russia,Daler Kuzyaev,128,11.5,50,,goal,shootout,right-foot,true
2018,Russia vs Croatia,Quarterfinals,Russia,Fedor Smolov,90,4,81.8,,miss,assisted,right-foot,false
2018,Russia vs Croatia,Quarterfinals,Croatia,Ivan Rakitić,16,22.4,27.3,,miss,free-kick,right-foot,false
2018,Russia vs Croatia,Quarterfinals,Russia,Artem Dzyuba,5,9.4,65.1,,block,regular,right-foot,false
2018,Russia vs Croatia,Quarterfinals,Croatia,Ante Rebić,58,22.9,25.6,,miss,assisted,right-foot,false
2018,Russia vs Croatia,Quarterfinals,Russia,Mário Fernandes,125,11.4,49.7,,miss,shootout,right-foot,false
2018,Russia vs Egypt,,Egypt,Mohamed Salah,88,17.8,48.2,,miss,regular,left-foot,false
2018,Russia vs Egypt,,Egypt,Mahmoud Trézéguet,25,20.8,36.7,,block,assisted,right-foot,false
2018,Russia vs Egypt,,Egypt,Abdallah El-Said,70,25.2,35.5,,miss,regular,right-foot,false
2018,Russia vs Egypt,,Russia,Denis Cheryshev,13,20.1,57.5,,block,assisted,left-foot,false
2018,Russia vs Egypt,,Russia,Roman Zobnin,47,23.5,66.4,,miss,regular,right-foot,false
2018,Russia vs Egypt,,Egypt,Marwan Mohsen,15,3.6,41.2,,block,corner,head,false
2018,Russia vs Egypt,,Russia,Artem Dzyuba,62,12.8,55.2,,goal,set-piece,right-foot,true
2018,Russia vs Egypt,,Egypt,Mohamed Salah,42,15.5,56.3,,miss,assisted,left-foot,false
2018,Russia vs Egypt,,Russia,Denis Cheryshev,39,25.9,45.8,,miss,assisted,left-foot,false
2018,Russia vs Egypt,,Russia,Roman Zobnin,5,20.4,29.5,,block,regular,left-foot,false
2018,Russia vs Egypt,,Egypt,Marwan Mohsen,35,7.5,33.9,,miss,assisted,head,false
2018,Russia vs Egypt,,Russia,Aleksandr Golovin,6,21.6,47.4,,miss,regular,right-foot,false
2018,Russia vs Egypt,,Egypt,Ali Gabr,63,10.7,60.8,,miss,set-piece,head,false
2018,Russia vs Egypt,,Russia,Yuriy Gazinskiy,23,29.6,33.6,,miss,regular,right-foot,false
2018,Russia vs Egypt,,Russia,Denis Cheryshev,59,8.3,53.2,,goal,assisted,left-foot,true
2018,Russia vs Egypt,,Russia,Artem Dzyuba,41,8.8,58.3,,miss,corner,head,false
2018,Russia vs Egypt,,Egypt,Mohamed Salah,73,11.4,49.9,,goal,penalty,left-foot,true
2018,Russia vs Egypt,,Egypt,Mahmoud Trézéguet,16,13.4,28.9,,miss,assisted,right-foot,false
2018,Russia vs Egypt,,Russia,Sergey Ignashevich,6,11.1,48.9,,save,corner,head,false
2018,Russia vs Egypt,,Egypt,Mahmoud Trézéguet,67,17.6,49.3,,miss,assisted,right-foot,false
2018,Russia vs Egypt,,Egypt,Amr Warda,90,18.5,71.3,,miss,regular,left-foot,false
2018,Russia vs Egypt,,Egypt,Tarek Hamed,90,24.4,68.6,,block,assisted,right-foot,false
2018,Russia vs Egypt,,Russia,Denis Cheryshev,19,25.1,44.1,,miss,set-piece,right-foot,false
2018,Russia vs Egypt,,Egypt,Mohamed Salah,56,12.2,44.8,,block,assisted,left-foot,false
2018,Russia vs Egypt,,Russia,Ahmed Fathi,47,8.7,47.3,,goal,regular,right-foot,false
2018,Russia vs Saudi Arabia,,Russia,Denis Cheryshev,63,11.5,26.4,,block,assisted,left-foot,false
2018,Russia vs Saudi Arabia,,Saudi Arabia,Yasser Al-Shahrani,31,10.3,54.2,,miss,set-piece,head,false
2018,Russia vs Saudi Arabia,,Saudi Arabia,Mohammed Al Sahlawi,22,15.4,35.9,,block,corner,left-foot,false
2018,Russia vs Saudi Arabia,,Saudi Arabia,Hattan Bahebri,82,14.5,70.9,,block,assisted,left-foot,false
2018,Russia vs Saudi Arabia,,Russia,Denis Cheryshev,43,8.5,41.7,,goal,assisted,left-foot,true
2018,Russia vs Saudi Arabia,,Russia,Yury Zhirkov,9,11.7,30.1,,block,regular,left-foot,false
2018,Russia vs Saudi Arabia,,Russia,Alan Dzagoev,11,11.7,60.2,,block,assisted,right-foot,false
2018,Russia vs Saudi Arabia,,Saudi Arabia,Salem Al-Dawsari,28,26.4,49.5,,miss,assisted,right-foot,false
2018,Russia vs Saudi Arabia,,Russia,Daler Kuzyaev,84,29.1,47.8,,miss,assisted,right-foot,false
2018,Russia vs Saudi Arabia,,Saudi Arabia,Salem Al-Dawsari,73,23.6,25.2,,miss,regular,right-foot,false
2018,Russia vs Saudi Arabia,,Saudi Arabia,Yasser Al-Shahrani,6,15,28.3,,block,assisted,right-foot,false
2018,Russia vs Saudi Arabia,,Russia,Yuriy Gazinskiy,12,7.7,56.3,,goal,corner,head,true
2018,Russia vs Saudi Arabia,,Russia,Aleksandr Golovin,90,21.4,67.2,,goal,free-kick,right-foot,true
2018,Russia vs Saudi Arabia,,Russia,Artem Dzyuba,71,6.8,47.6,,goal,assisted,head,true
2018,Russia vs Saudi Arabia,,Russia,Roman Zobnin,77,8.8,54.4,,miss,set-piece,head,false
2018,Russia vs Saudi Arabia,,Russia,Denis Cheryshev,65,13.2,47.6,,save,assisted,head,false
2018,Russia vs Saudi Arabia,,Russia,Denis Cheryshev,90,15.3,30,,goal,assisted,left-foot,true
2018,Russia vs Saudi Arabia,,Russia,Aleksandr Samedov,52,22.8,63.3,,miss,assisted,right-foot,false
2018,Russia vs Saudi Arabia,,Russia,Roman Zobnin,68,12.7,69,,save,assisted,right-foot,false
2018,Russia vs Saudi Arabia,,Russia,Aleksandr Samedov,7,10,63.3,,block,assisted,right-foot,false
2018,Saudi Arabia vs Egypt,,Saudi Arabia,Salman Alfaraj,37,15.4,55.3,,block,assisted,left-foot,false
2018,Saudi Arabia vs Egypt,,Saudi Arabia,Abdullah Otayf,41,15.2,54.4,,block,corner,right-foot,false
2018,Saudi Arabia vs Egypt,,Egypt,Mahmoud Trézéguet,33,13.5,38,,miss,assisted,right-foot,false
2018,Saudi Arabia vs Egypt,,Saudi Arabia,Hussain Al Moqahwi,69,9.5,56.9,,save,assisted,head,false
2018,Saudi Arabia vs Egypt,,Egypt,Mahmoud Trézéguet,34,19.1,34.2,,miss,assisted,right-foot,false
2018,Saudi Arabia vs Egypt,,Saudi Arabia,Muhannad Asiri,70,6.3,57.9,,save,corner,head,false
2018,Saudi Arabia vs Egypt,,Egypt,Mohamed Elneny,71,22.2,64.5,,miss,assisted,right-foot,false
2018,Saudi Arabia vs Egypt,,Egypt,Amr Warda,77,19.7,29.7,,block,regular,right-foot,false
2018,Saudi Arabia vs Egypt,,Saudi Arabia,Salem Al-Dawsari,15,18.8,54.8,,miss,assisted,right-foot,false
2018,Saudi Arabia vs Egypt,,Saudi Arabia,Hattan Bahebri,60,26.1,56.9,,miss,assisted,right-foot,false
2018,Saudi Arabia vs Egypt,,Saudi Arabia,Hussain Al Moqahwi,87,10.8,55.7,,miss,set-piece,right-foot,false
2018,Saudi Arabia vs Egypt,,Saudi Arabia,Hattan Bahebri,54,9.5,64.7,,miss,regular,right-foot,false
2018,Saudi Arabia vs Egypt,,Saudi Arabia,Hussain Al Moqahwi,58,20.8,73.6,,block,regular,right-foot,false
2018,Saudi Arabia vs Egypt,,Saudi Arabia,Mohammed Al-Burayk,32,23.5,76.9,,miss,corner,right-foot,false
2018,Saudi Arabia vs Egypt,,Saudi Arabia,Hussain Al Moqahwi,63,23.9,47.8,,miss,regular,right-foot,false
2018,Saudi Arabia vs Egypt,,Saudi Arabia,Hattan Bahebri,48,5,67.4,,save,assisted,right-foot,false
2018,Saudi Arabia vs Egypt,,Saudi Arabia,Salem Al-Dawsari,12,25.9,29.1,,miss,assisted,right-foot,false
2018,Saudi Arabia vs Egypt,,Saudi Arabia,Hattan Bahebri,25,27.8,49.5,,save,assisted,left-foot,false
2018,Saudi Arabia vs Egypt,,Saudi Arabia,Fahad Al-Muwallad,41,11.5,50,,save,penalty,right-foot,false
2018,Saudi Arabia vs Egypt,,Saudi Arabia,Salem Al-Dawsari,81,7.4,32.2,,save,assisted,right-foot,false
2018,Saudi Arabia vs Egypt,,Saudi Arabia,Mohammed Al-Burayk,81,25.1,38.8,,block,free-kick,right-foot,false
2018,Saudi Arabia vs Egypt,,Egypt,Mohamed Salah,22,17.9,53.2,,goal,fast-break,left-foot,true
2018,Saudi Arabia vs Egypt,,Saudi Arabia,Hussain Al Moqahwi,3,22.2,72.1,,miss,assisted,right-foot,false
2018,Saudi Arabia vs Egypt,,Saudi Arabia,Salem Al-Dawsari,90,5.3,67,,goal,assisted,right-foot,true
2018,Saudi Arabia vs Egypt,,Egypt,Mahmoud Trézéguet,57,11.1,50.5,,miss,assisted,head,false
2018,Saudi Arabia vs Egypt,,Saudi Arabia,Abdullah Otayf,90,19.7,72.1,,block,assisted,right-foot,false
2018,Saudi Arabia vs Egypt,,Saudi Arabia,Salman Alfaraj,74,28.4,49.7,,miss,free-kick,left-foot,false
2018,Saudi Arabia vs Egypt,,Saudi Arabia,Yasser Al-Shahrani,30,21.1,28.1,,miss,assisted,right-foot,false
2018,Saudi Arabia vs Egypt,,Saudi Arabia,Salman Alfaraj,45,11.5,50.1,,goal,penalty,left-foot,true
2018,Saudi Arabia vs Egypt,,Egypt,Mohamed Salah,24,13,45.4,,miss,assisted,left-foot,false
2018,Senegal vs Colombia,,Colombia,Luis Muriel,65,13.5,58.8,,block,set-piece,left-foot,false
2018,Senegal vs Colombia,,Senegal,Salif Sané,38,30.8,46.3,,miss,set-piece,right-foot,false
2018,Senegal vs Colombia,,Senegal,M'Baye Niang,1,23.2,31.9,,miss,assisted,right-foot,false
2018,Senegal vs Colombia,,Colombia,Radamel Falcao,66,7.2,52.5,,miss,corner,head,false
2018,Senegal vs Colombia,,Senegal,Ismaïla Sarr,28,14.9,70.6,,save,assisted,left-foot,false
2018,Senegal vs Colombia,,Senegal,M'Baye Niang,77,8.5,65.4,,save,assisted,right-foot,false
2018,Senegal vs Colombia,,Colombia,Yerry Mina,74,6.7,53.8,,goal,corner,head,true
2018,Senegal vs Colombia,,Senegal,Ismaïla Sarr,79,9.9,62.6,,miss,assisted,right-foot,false
2018,Senegal vs Colombia,,Senegal,Sadio Mané,64,26.3,63.3,,miss,free-kick,right-foot,false
2018,Senegal vs Colombia,,Colombia,Juan Fernando Quintero,12,23.7,69.3,,save,free-kick,left-foot,false
2018,Senegal vs Colombia,,Senegal,Keita Balde,27,13.6,24.9,,save,regular,right-foot,false
2018,Serbia vs Brazil,,Brazil,Neymar,90,6.4,66.2,,save,assisted,right-foot,false
2018,Serbia vs Brazil,,Serbia,Aleksandar Mitrovic,61,8.1,49.9,,save,regular,head,false
2018,Serbia vs Brazil,,Serbia,Aleksandar Mitrovic,87,13.8,51.5,,block,assisted,right-foot,false
2018,Serbia vs Brazil,,Brazil,Paulinho,36,14.1,49.1,,goal,assisted,right-foot,true
2018,Serbia vs Brazil,,Brazil,Gabriel Jesus,29,7.7,32.8,,block,assisted,right-foot,false
2018,Serbia vs Brazil,,Serbia,Filip Kostic,14,22.8,61,,block,regular,left-foot,false
2018,Serbia vs Brazil,,Serbia,Dušan Tadić,40,23.5,56.9,,miss,corner,left-foot,false
2018,Serbia vs Brazil,,Serbia,Sergej Milinkovic-Savic,55,26.5,61.6,,block,assisted,right-foot,false
2018,Serbia vs Brazil,,Serbia,Aleksandar Mitrovic,65,6.2,42.1,,save,assisted,head,false
2018,Serbia vs Brazil,,Brazil,Neymar,45,19.9,15.7,,miss,assisted,right-foot,false
2018,Serbia vs Brazil,,Brazil,Neymar,57,8,34,,save,fast-break,left-foot,false
2018,Serbia vs Brazil,,Serbia,Aleksandar Mitrovic,34,9.7,50.6,,miss,assisted,left-foot,false
2018,Serbia vs Brazil,,Brazil,Casemiro,78,31.5,59.2,,miss,assisted,right-foot,false
2018,Serbia vs Brazil,,Serbia,Nemanja Matić,79,10.8,47.6,,miss,assisted,left-foot,false
2018,Serbia vs Brazil,,Brazil,Neymar,89,12.4,39,,block,assisted,right-foot,false
2018,Serbia vs Brazil,,Brazil,Neymar,25,4,34.5,,save,regular,left-foot,false
2018,Serbia vs Brazil,,Serbia,Andrija Zivkovic,90,22.6,71.5,,miss,assisted,left-foot,false
2018,Serbia vs Brazil,,Brazil,Philippe Coutinho,70,17.2,50.1,,block,assisted,right-foot,false
2018,Serbia vs Brazil,,Brazil,Neymar,73,14.5,33.8,,block,assisted,right-foot,false
2018,Serbia vs Brazil,,Brazil,Filipe Luís,71,23.9,49.3,,save,corner,left-foot,false
2018,Serbia vs Brazil,,Brazil,Neymar,83,12.5,53.4,,miss,regular,right-foot,false
2018,Serbia vs Brazil,,Serbia,Sergej Milinkovic-Savic,63,15.1,35.1,,miss,assisted,right-foot,false
2018,Serbia vs Brazil,,Brazil,Philippe Coutinho,2,15.2,46.1,,block,assisted,right-foot,false
2018,Serbia vs Brazil,,Brazil,Thiago Silva,68,4,43.5,,goal,corner,head,true
2018,Serbia vs Switzerland,,Switzerland,Blerim Džemaili,10,10.4,41.7,,miss,assisted,left-foot,false
2018,Serbia vs Switzerland,,Serbia,Aleksandar Mitrovic,5,7,49.9,,goal,assisted,head,true
2018,Serbia vs Switzerland,,Switzerland,Granit Xhaka,52,23.2,31,,goal,regular,left-foot,true
2018,Serbia vs Switzerland,,Switzerland,Ricardo Rodríguez,86,24.5,34.5,,block,free-kick,left-foot,false
2018,Serbia vs Switzerland,,Switzerland,Xherdan Shaqiri,90,21.1,43.5,,miss,assisted,left-foot,false
2018,Serbia vs Switzerland,,Switzerland,Xherdan Shaqiri,23,18.7,48.9,,block,assisted,left-foot,false
2018,Serbia vs Switzerland,,Switzerland,Xherdan Shaqiri,90,9,36.5,,goal,fast-break,left-foot,true
2018,Serbia vs Switzerland,,Switzerland,Xherdan Shaqiri,9,26.6,74.2,,block,corner,left-foot,false
2018,Serbia vs Switzerland,,Serbia,Nemanja Matić,44,2.6,40.4,,miss,corner,right-foot,false
2018,Serbia vs Switzerland,,Serbia,Adem Ljajić,77,15.1,35.7,,block,assisted,right-foot,false
2018,Serbia vs Switzerland,,Switzerland,Xherdan Shaqiri,83,29.2,52.4,,miss,regular,left-foot,false
2018,Serbia vs Switzerland,,Switzerland,Breel Embolo,86,6.1,40.2,,block,corner,left-foot,false
2018,Serbia vs Switzerland,,Switzerland,Granit Xhaka,4,27.3,58.1,,miss,regular,left-foot,false
2018,Serbia vs Switzerland,,Switzerland,Mario Gavranović,84,9.3,52.8,,save,regular,right-foot,false
2018,Serbia vs Switzerland,,Serbia,Filip Kostic,5,12.8,48.7,,block,assisted,left-foot,false
2018,Serbia vs Switzerland,,Switzerland,Stephan Lichtsteiner,23,23.6,60.6,,block,regular,right-foot,false
2018,Serbia vs Switzerland,,Serbia,Aleksandar Mitrovic,42,9.5,57.5,,miss,throw-in-set-piece,head,false
2018,Serbia vs Switzerland,,Serbia,Duško Tošić,44,4.4,49.3,,miss,corner,head,false
2018,Serbia vs Switzerland,,Switzerland,Xherdan Shaqiri,58,13,79.1,,post,regular,left-foot,false
2018,Serbia vs Switzerland,,Switzerland,Xherdan Shaqiri,52,13.4,68.8,,block,assisted,left-foot,false
2018,Serbia vs Switzerland,,Serbia,Aleksandar Mitrovic,52,6.4,51.5,,miss,corner,head,false
2018,Serbia vs Switzerland,,Serbia,Sergej Milinkovic-Savic,16,20.1,68.6,,miss,assisted,right-foot,false
2018,Serbia vs Switzerland,,Serbia,Dušan Tadić,45,21.5,60.2,,miss,assisted,left-foot,false
2018,Serbia vs Switzerland,,Switzerland,Xherdan Shaqiri,41,18.1,36.5,,block,regular,left-foot,false
2018,Serbia vs Switzerland,,Switzerland,Manuel Akanji,86,11.1,43.1,,block,corner,left-foot,false
2018,Serbia vs Switzerland,,Serbia,Aleksandar Mitrovic,5,8.1,47.4,,save,assisted,head,false
2018,Serbia vs Switzerland,,Serbia,Aleksandar Mitrovic,14,14.7,44.1,,miss,assisted,head,false
2018,Serbia vs Switzerland,,Serbia,Aleksandar Mitrovic,19,16,39.8,,miss,assisted,right-foot,false
2018,Serbia vs Switzerland,,Switzerland,Breel Embolo,82,27.3,51.8,,save,assisted,right-foot,false
2018,Serbia vs Switzerland,,Switzerland,Blerim Džemaili,30,8.4,46,,save,assisted,right-foot,false
2018,Serbia vs Switzerland,,Switzerland,Fabian Schar,31,9.1,53.8,,miss,corner,head,false
2018,Serbia vs Switzerland,,Serbia,Dušan Tadić,37,21.8,64.1,,save,set-piece,right-foot,false
2018,Serbia vs Switzerland,,Switzerland,Ricardo Rodríguez,50,22.6,25.9,,miss,assisted,right-foot,false
2018,South Korea vs Germany,,South Korea,Yong Lee,20,25.2,66.7,,miss,corner,right-foot,false
2018,South Korea vs Germany,,Germany,Toni Kroos,70,24.9,51.1,,miss,assisted,left-foot,false
2018,South Korea vs Germany,,South Korea,Woo-Young Jung,89,28.1,42.3,,save,assisted,right-foot,false
2018,South Korea vs Germany,,Germany,Mats Hummels,90,14,44.3,,block,regular,left-foot,false
2018,South Korea vs Germany,,Germany,Julian Brandt,90,16.2,59.2,,save,assisted,right-foot,false
2018,South Korea vs Germany,,South Korea,Kim Young-gwon,90,3.8,52.4,,goal,corner,left-foot,true
2018,South Korea vs Germany,,Germany,Mats Hummels,90,9,62.9,,miss,assisted,head,false
2018,South Korea vs Germany,,Germany,Timo Werner,64,9.9,33.3,,miss,corner,right-foot,false
2018,South Korea vs Germany,,Germany,Mats Hummels,87,7,48.9,,miss,assisted,other,false
2018,South Korea vs Germany,,Germany,Timo Werner,39,12.9,67,,block,assisted,right-foot,false
2018,South Korea vs Germany,,Germany,Julian Brandt,84,10,34.2,,block,assisted,right-foot,false
2018,South Korea vs Germany,,Germany,Timo Werner,51,12.1,46.4,,miss,assisted,right-foot,false
2018,South Korea vs Germany,,South Korea,Son Heung-min,25,11.1,66.6,,miss,regular,right-foot,false
2018,South Korea vs Germany,,Germany,Thomas Müller,90,21.5,47.4,,block,assisted,right-foot,false
2018,South Korea vs Germany,,Germany,Joshua Kimmich,54,14.3,69.9,,block,assisted,left-foot,false
2018,South Korea vs Germany,,Germany,Leon Goretzka,48,7.7,52.4,,save,assisted,head,false
2018,South Korea vs Germany,,Germany,Mesut Özil,45,14,70.3,,block,regular,left-foot,false
2018,South Korea vs Germany,,Germany,Sami Khedira,14,13.4,49.6,,save,corner,head,false
2018,South Korea vs Germany,,South Korea,Son Heung-min,45,19.9,71.1,,miss,assisted,right-foot,false
2018,South Korea vs Germany,,South Korea,Son Heung-min,63,22.8,45.7,,miss,assisted,right-foot,false
2018,South Korea vs Germany,,Germany,Marco Reus,83,20,71.1,,miss,assisted,right-foot,false
2018,South Korea vs Germany,,Germany,Mario Gómez,68,8.8,52.4,,save,assisted,head,false
2018,South Korea vs Germany,,Germany,Toni Kroos,84,23.5,38.2,,miss,assisted,right-foot,false
2018,South Korea vs Germany,,Germany,Mats Hummels,90,6.7,49.6,,post,corner,head,false
2018,South Korea vs Germany,,South Korea,Jae-sung Lee,25,7.8,57.9,,block,assisted,head,false
2018,South Korea vs Germany,,South Korea,Jae-sung Lee,90,20.8,52.6,,block,assisted,left-foot,false
2018,South Korea vs Germany,,Germany,Marco Reus,6,9,25.2,,miss,assisted,right-foot,false
2018,South Korea vs Germany,,South Korea,Son Heung-min,90,3.5,39.8,,goal,fast-break,left-foot,true
2018,South Korea vs Germany,,Germany,Toni Kroos,88,19.4,51.8,,save,regular,right-foot,false
2018,South Korea vs Germany,,Germany,Marco Reus,33,21.2,51.1,,block,assisted,left-foot,false
2018,South Korea vs Germany,,Germany,Niklas Sule,16,10,66.4,,block,corner,head,false
2018,South Korea vs Germany,,Germany,Leon Goretzka,39,7.7,52.2,,miss,corner,head,false
2018,South Korea vs Germany,,South Korea,Son Heung-min,78,17.8,35.9,,miss,fast-break,right-foot,false
2018,South Korea vs Germany,,Germany,Thomas Müller,82,7.8,56.3,,miss,assisted,head,false
2018,South Korea vs Germany,,Germany,Mats Hummels,39,4.6,43.5,,save,corner,right-foot,false
2018,South Korea vs Germany,,South Korea,Woo-Young Jung,46,28.7,42.4,,save,regular,right-foot,false
2018,South Korea vs Germany,,Germany,Toni Kroos,49,29.3,52.4,,miss,assisted,right-foot,false
2018,South Korea vs Germany,,South Korea,Woo-Young Jung,19,27.6,60.8,,save,free-kick,right-foot,false
2018,South Korea vs Germany,,Germany,Toni Kroos,61,13.2,38.4,,miss,assisted,left-foot,false
2018,South Korea vs Germany,,Germany,Sami Khedira,54,26.5,66,,block,regular,right-foot,false
2018,South Korea vs Mexico,,Mexico,Andrés Guardado,58,15,43.9,,save,regular,left-foot,false
2018,South Korea vs Mexico,,South Korea,Sung-Yueng Ki,74,29.8,61,,block,assisted,right-foot,false
2018,South Korea vs Mexico,,Mexico,Miguel Layún,28,15,54.4,,save,assisted,right-foot,false
2018,South Korea vs Mexico,,South Korea,Son Heung-min,22,20.8,62.5,,block,regular,left-foot,false
2018,South Korea vs Mexico,,South Korea,Son Heung-min,31,27.3,50.7,,miss,free-kick,right-foot,false
2018,South Korea vs Mexico,,Mexico,Carlos Vela,26,11.5,50,,goal,penalty,left-foot,true
2018,South Korea vs Mexico,,South Korea,Hwang Hee-chan,70,19.8,46.8,,save,corner,right-foot,false
2018,South Korea vs Mexico,,Mexico,Hector Herrera,90,23.8,59.4,,miss,set-piece,right-foot,false
2018,South Korea vs Mexico,,South Korea,Jae-sung Lee,82,27.9,57.5,,block,assisted,left-foot,false
2018,South Korea vs Mexico,,Mexico,Hirving Lozano,43,11.1,31,,miss,assisted,right-foot,false
2018,South Korea vs Mexico,,Mexico,Hirving Lozano,50,21.2,35.2,,miss,assisted,right-foot,false
2018,South Korea vs Mexico,,Mexico,Andrés Guardado,58,24.6,55.4,,miss,assisted,right-foot,false
2018,South Korea vs Mexico,,Mexico,Carlos Vela,62,19.6,74.4,,miss,fast-break,left-foot,false
2018,South Korea vs Mexico,,South Korea,Son Heung-min,39,2.3,36.5,,save,assisted,right-foot,false
2018,South Korea vs Mexico,,South Korea,Son Heung-min,22,11.1,66,,block,fast-break,left-foot,false
2018,South Korea vs Mexico,,Mexico,Javier Hernández,52,26.8,59.8,,miss,assisted,right-foot,false
2018,South Korea vs Mexico,,South Korea,Moon Seon-min,45,22.6,65.3,,block,assisted,left-foot,false
2018,South Korea vs Mexico,,South Korea,Son Heung-min,90,22.4,67.9,,goal,assisted,left-foot,true
2018,South Korea vs Mexico,,South Korea,Son Heung-min,45,21.1,41.2,,block,assisted,left-foot,false
2018,South Korea vs Mexico,,South Korea,Jae-sung Lee,53,16.2,86.5,,save,corner,left-foot,false
2018,South Korea vs Mexico,,South Korea,Jae-sung Lee,62,14.7,47.6,,block,assisted,left-foot,false
2018,South Korea vs Mexico,,Mexico,Javier Hernández,66,9.5,38.8,,goal,fast-break,right-foot,true
2018,South Korea vs Mexico,,Mexico,Hirving Lozano,60,19.1,49.9,,block,fast-break,left-foot,false
2018,South Korea vs Mexico,,South Korea,Sung-Yueng Ki,56,18.5,16.9,,save,regular,right-foot,false
2018,South Korea vs Mexico,,South Korea,Sung-Yueng Ki,23,10.8,54.6,,save,corner,head,false
2018,South Korea vs Mexico,,South Korea,Son Heung-min,88,26.9,50.5,,miss,assisted,right-foot,false
2018,South Korea vs Mexico,,South Korea,Moon Seon-min,52,10.9,58.4,,block,assisted,right-foot,false
2018,South Korea vs Mexico,,South Korea,Son Heung-min,22,10.1,62.9,,block,fast-break,right-foot,false
2018,South Korea vs Mexico,,Mexico,Carlos Salcedo,17,10.7,56.9,,save,corner,head,false
2018,South Korea vs Mexico,,Mexico,Javier Hernández,12,14.1,57.3,,miss,set-piece,head,false
2018,Spain vs Morocco,,Spain,Andrés Iniesta,24,17.8,43.9,,block,assisted,right-foot,false
2018,Spain vs Morocco,,Spain,Sergio Ramos,78,27.3,37,,miss,assisted,right-foot,false
2018,Spain vs Morocco,,Morocco,Hakim Ziyech,43,24.1,36.9,,miss,assisted,left-foot,false
2018,Spain vs Morocco,,Spain,Thiago Alcântara,59,11.9,63.4,,miss,assisted,left-foot,false
2018,Spain vs Morocco,,Spain,David Silva,67,10.3,65.1,,save,assisted,left-foot,false
2018,Spain vs Morocco,,Morocco,Hakim Ziyech,80,8.8,59.6,,block,assisted,left-foot,false
2018,Spain vs Morocco,,Spain,Iago Aspas,85,8.8,51.2,,miss,set-piece,head,false
2018,Spain vs Morocco,,Spain,Gerard Piqué,56,28.5,71.3,,miss,assisted,right-foot,false
2018,Spain vs Morocco,,Spain,Diego Costa,27,12.5,40.6,,miss,assisted,left-foot,false
2018,Spain vs Morocco,,Spain,Iago Aspas,90,3.6,54.8,,goal,corner,right-foot,true
2018,Spain vs Morocco,,Spain,Rodrigo,86,7.8,51.5,,miss,set-piece,other,false
2018,Spain vs Morocco,,Morocco,Nordin Amrabat,55,21.9,73.4,,post,assisted,right-foot,false
2018,Spain vs Morocco,,Morocco,Khalid Boutaïb,14,13.5,54.6,,goal,regular,left-foot,true
2018,Spain vs Morocco,,Spain,Gerard Piqué,24,6.6,54.6,,save,corner,head,false
2018,Spain vs Morocco,,Spain,Sergio Busquets,37,8,49.1,,miss,corner,head,false
2018,Spain vs Morocco,,Spain,Gerard Piqué,63,9,50.3,,miss,corner,head,false
2018,Spain vs Morocco,,Spain,Isco,62,6.5,45,,save,assisted,head,false
2018,Spain vs Morocco,,Spain,Marco Asensio,87,7,41,,miss,assisted,head,false
2018,Spain vs Morocco,,Morocco,Youssef En-Nesyri,81,9.1,49.9,,goal,corner,head,true
2018,Spain vs Morocco,,Spain,Thiago Alcântara,69,18.4,37.3,,miss,assisted,right-foot,false
2018,Spain vs Morocco,,Spain,Isco,19,6.7,45.8,,goal,assisted,right-foot,true
2018,Spain vs Morocco,,Morocco,Khalid Boutaïb,25,4.6,45.2,,save,throw-in-set-piece,left-foot,false
2018,Spain vs Morocco,,Spain,Andrés Iniesta,18,22.4,29.3,,miss,assisted,left-foot,false
2018,Spain vs Morocco,,Spain,Diego Costa,45,3,44.3,,miss,regular,right-foot,false
2018,Spain vs Russia,Round of 16,Spain,Sergey Ignashevich,11,3.6,45.2,,goal,set-piece,right-foot,false
2018,Spain vs Russia,Round of 16,Spain,Rodrigo,109,19.1,51.1,,miss,assisted,left-foot,false
2018,Spain vs Russia,Round of 16,Russia,Artem Dzyuba,40,8.1,42.5,,block,corner,head,false
2018,Spain vs Russia,Round of 16,Russia,Denis Cheryshev,90,8.3,46.6,,miss,assisted,head,false
2018,Spain vs Russia,Round of 16,Spain,Dani Carvajal,109,12.5,48,,block,regular,left-foot,false
2018,Spain vs Russia,Round of 16,Russia,Fedor Smolov,90,14.4,27.7,,miss,assisted,right-foot,false
2018,Spain vs Russia,Round of 16,Spain,Gerard Piqué,89,8.8,46.4,,block,corner,head,false
2018,Spain vs Russia,Round of 16,Russia,Fedor Smolov,122,11.5,50,,goal,shootout,right-foot,true
2018,Spain vs Russia,Round of 16,Spain,Rodrigo,109,5.6,66.2,,save,assisted,right-foot,false
2018,Spain vs Russia,Round of 16,Spain,Iago Aspas,126,11.5,50,,save,shootout,left-foot,false
2018,Spain vs Russia,Round of 16,Spain,Sergio Ramos,125,11.5,49.9,,goal,shootout,right-foot,true
2018,Spain vs Russia,Round of 16,Spain,Koke,97,31.5,49.9,,miss,assisted,right-foot,false
2018,Spain vs Russia,Round of 16,Spain,Marco Asensio,100,24.4,42.3,,save,assisted,left-foot,false
2018,Spain vs Russia,Round of 16,Spain,Sergio Ramos,90,9,53.6,,miss,corner,head,false
2018,Spain vs Russia,Round of 16,Spain,Sergio Ramos,114,5,52.6,,miss,set-piece,right-foot,false
2018,Spain vs Russia,Round of 16,Russia,Roman Zobnin,14,22.6,66.6,,miss,assisted,right-foot,false
2018,Spain vs Russia,Round of 16,Spain,Isco,45,20.1,30.3,,block,assisted,right-foot,false
2018,Spain vs Russia,Round of 16,Spain,Koke,124,11.5,50,,save,shootout,right-foot,false
2018,Spain vs Russia,Round of 16,Spain,Sergio Busquets,53,22.5,47,,miss,regular,left-foot,false
2018,Spain vs Russia,Round of 16,Spain,Diego Costa,45,8.4,53.2,,save,assisted,head,false
2018,Spain vs Russia,Round of 16,Spain,Andrés Iniesta,107,18.5,38.2,,block,assisted,left-foot,false
2018,Spain vs Russia,Round of 16,Spain,Gerard Piqué,112,12.1,73.3,,block,set-piece,left-foot,false
2018,Spain vs Russia,Round of 16,Spain,Diego Costa,45,3.6,63.3,,save,assisted,right-foot,false
2018,Spain vs Russia,Round of 16,Russia,Artem Dzyuba,41,11.5,50,,goal,penalty,right-foot,true
2018,Spain vs Russia,Round of 16,Spain,Rodrigo,120,20.1,39.6,,save,assisted,left-foot,false
2018,Spain vs Russia,Round of 16,Russia,Yury Zhirkov,5,26.5,28.5,,block,corner,left-foot,false
2018,Spain vs Russia,Round of 16,Russia,Aleksandr Golovin,124,11.5,49.9,,goal,shootout,right-foot,true
2018,Spain vs Russia,Round of 16,Spain,Jordi Alba,93,26.2,31.6,,block,assisted,left-foot,false
2018,Spain vs Russia,Round of 16,Spain,Diego Costa,51,10.8,45.2,,miss,set-piece,head,false
2018,Spain vs Russia,Round of 16,Spain,Iago Aspas,85,4.8,32.5,,save,regular,left-foot,false
2018,Spain vs Russia,Round of 16,Spain,Iago Aspas,102,13.5,29.3,,block,fast-break,left-foot,false
2018,Spain vs Russia,Round of 16,Spain,Andrés Iniesta,121,11.6,49.9,,goal,shootout,right-foot,true
2018,Spain vs Russia,Round of 16,Russia,Denis Cheryshev,126,11.5,49.9,,goal,shootout,left-foot,true
2018,Spain vs Russia,Round of 16,Spain,Jordi Alba,47,10.5,43.3,,save,assisted,other,false
2018,Spain vs Russia,Round of 16,Spain,David Silva,60,11.4,55.5,,miss,assisted,head,false
2018,Spain vs Russia,Round of 16,Russia,Aleksandr Golovin,36,15.2,38.2,,miss,assisted,right-foot,false
2018,Spain vs Russia,Round of 16,Spain,Andrés Iniesta,85,18.8,43.7,,save,assisted,right-foot,false
2018,Spain vs Russia,Round of 16,Spain,Gerard Piqué,122,11.4,49.9,,goal,shootout,right-foot,true
2018,Spain vs Russia,Round of 16,Russia,Sergey Ignashevich,123,11.5,49.9,,goal,shootout,right-foot,true
2018,Spain vs Russia,Round of 16,Spain,Gerard Piqué,105,12,52,,save,set-piece,head,false
2018,Sweden vs England,Quarterfinals,England,Jesse Lingard,57,23.6,28.6,,block,assisted,right-foot,false
2018,Sweden vs England,Quarterfinals,England,Jesse Lingard,41,2.8,39.8,,block,regular,right-foot,false
2018,Sweden vs England,Quarterfinals,England,Jordan Henderson,35,26.3,71.1,,miss,assisted,right-foot,false
2018,Sweden vs England,Quarterfinals,Sweden,Ludwig Augustinsson,90,21.3,62.7,,miss,free-kick,left-foot,false
2018,Sweden vs England,Quarterfinals,England,Jesse Lingard,58,22.6,58.7,,block,assisted,right-foot,false
2018,Sweden vs England,Quarterfinals,Sweden,Marcus Berg,71,10.7,53,,save,assisted,left-foot,false
2018,Sweden vs England,Quarterfinals,England,Dele Alli,59,4,42.5,,goal,assisted,head,true
2018,Sweden vs England,Quarterfinals,England,Raheem Sterling,54,4.2,41.6,,miss,set-piece,right-foot,false
2018,Sweden vs England,Quarterfinals,Sweden,Viktor Claesson,62,7.4,44.5,,block,regular,left-foot,false
2018,Sweden vs England,Quarterfinals,Sweden,Marcus Berg,47,8.3,56.3,,save,assisted,head,false
2018,Sweden vs England,Quarterfinals,Sweden,Viktor Claesson,62,14,48.2,,save,assisted,right-foot,false
2018,Sweden vs England,Quarterfinals,England,Harry Kane,19,22.5,57.9,,miss,assisted,right-foot,false
2018,Sweden vs England,Quarterfinals,England,Harry Maguire,30,10.4,52.2,,goal,corner,head,true
2018,Sweden vs England,Quarterfinals,Sweden,Viktor Claesson,12,28.1,53,,miss,regular,right-foot,false
2018,Sweden vs England,Quarterfinals,England,Jesse Lingard,82,20.5,52.6,,block,assisted,left-foot,false
2018,Sweden vs England,Quarterfinals,England,Harry Maguire,66,8.1,34.5,,miss,corner,left-foot,false
2018,Sweden vs England,Quarterfinals,England,Raheem Sterling,45,8.7,61,,block,regular,right-foot,false
2018,Sweden vs England,Quarterfinals,England,Dele Alli,68,16.9,36.7,,block,regular,left-foot,false
2018,Sweden vs South Korea,,Sweden,Andreas Granqvist,29,9.1,46.4,,block,corner,head,false
2018,Sweden vs South Korea,,Sweden,Sebastian Larsson,69,30.1,61.6,,miss,assisted,right-foot,false
2018,Sweden vs South Korea,,Sweden,Marcus Berg,43,2.1,37.3,,miss,assisted,right-foot,false
2018,Sweden vs South Korea,,South Korea,Jae-sung Lee,37,14.4,69.7,,block,fast-break,left-foot,false
2018,Sweden vs South Korea,,Sweden,Emil Forsberg,39,25.4,27.9,,block,assisted,right-foot,false
2018,Sweden vs South Korea,,Sweden,Emil Forsberg,49,19.2,46.6,,miss,assisted,right-foot,false
2018,Sweden vs South Korea,,Sweden,Ola Toivonen,56,10,39,,save,set-piece,head,false
2018,Sweden vs South Korea,,South Korea,Min-woo Kim,57,22.2,28.5,,block,assisted,right-foot,false
2018,Sweden vs South Korea,,Sweden,Marcus Berg,21,8,47,,save,assisted,left-foot,false
2018,Sweden vs South Korea,,Sweden,Emil Forsberg,69,21.9,41.7,,block,assisted,right-foot,false
2018,Sweden vs South Korea,,South Korea,Hwang Hee-chan,90,8,49.1,,miss,assisted,head,false
2018,Sweden vs South Korea,,Sweden,Viktor Claesson,71,18.9,59.2,,miss,regular,right-foot,false
2018,Sweden vs South Korea,,Sweden,Pontus Jansson,21,9.8,51.8,,miss,corner,head,false
2018,Sweden vs South Korea,,South Korea,Koo Ja-Cheol,52,11.4,37.3,,miss,assisted,head,false
2018,Sweden vs South Korea,,South Korea,Seung-Woo Lee,82,19.4,70.5,,block,assisted,left-foot,false
2018,Sweden vs South Korea,,Sweden,Marcus Berg,29,8,43.3,,block,corner,left-foot,false
2018,Sweden vs South Korea,,Sweden,Andreas Granqvist,65,11.6,49.9,,goal,penalty,right-foot,true
2018,Sweden vs South Korea,,Sweden,Viktor Claesson,45,8.8,46.6,,block,assisted,head,false
2018,Sweden vs South Korea,,Sweden,Andreas Granqvist,44,15.5,36.7,,save,corner,right-foot,false
2018,Sweden vs South Korea,,Sweden,Emil Forsberg,44,23.1,35.5,,block,corner,right-foot,false
2018,Sweden vs Switzerland,Round of 16,Sweden,Ola Toivonen,90,18.4,47.6,,save,free-kick,right-foot,false
2018,Sweden vs Switzerland,Round of 16,Switzerland,Granit Xhaka,34,30.9,57.9,,miss,assisted,left-foot,false
2018,Sweden vs Switzerland,Round of 16,Switzerland,Michael Lang,79,8.1,68,,block,regular,right-foot,false
2018,Sweden vs Switzerland,Round of 16,Sweden,Marcus Berg,9,15.5,52.2,,block,assisted,right-foot,false
2018,Sweden vs Switzerland,Round of 16,Sweden,Emil Forsberg,66,18.2,49,,goal,assisted,right-foot,true
2018,Sweden vs Switzerland,Round of 16,Switzerland,Ricardo Rodríguez,53,23.8,37.5,,block,corner,right-foot,false
2018,Sweden vs Switzerland,Round of 16,Sweden,Marcus Berg,8,9.4,68.8,,miss,assisted,right-foot,false
2018,Sweden vs Switzerland,Round of 16,Switzerland,Xherdan Shaqiri,78,23.3,67.9,,block,corner,left-foot,false
2018,Sweden vs Switzerland,Round of 16,Switzerland,Josip Drmić,86,19,47,,block,assisted,left-foot,false
2018,Sweden vs Switzerland,Round of 16,Sweden,Marcus Berg,28,11.2,59.1,,save,assisted,left-foot,false
2018,Sweden vs Switzerland,Round of 16,Switzerland,Xherdan Shaqiri,71,15,67.8,,block,set-piece,left-foot,false
2018,Sweden vs Switzerland,Round of 16,Switzerland,Haris Seferović,90,7.7,41.7,,save,assisted,head,false
2018,Sweden vs Switzerland,Round of 16,Sweden,Albin Ekdal,41,8.2,46.9,,miss,assisted,right-foot,false
2018,Sweden vs Switzerland,Round of 16,Switzerland,Granit Xhaka,72,29.8,47.8,,block,corner,left-foot,false
2018,Sweden vs Switzerland,Round of 16,Sweden,Ola Toivonen,49,13.1,56.1,,miss,assisted,left-foot,false
2018,Sweden vs Switzerland,Round of 16,Sweden,Albin Ekdal,69,24.8,53.8,,miss,assisted,right-foot,false
2018,Sweden vs Switzerland,Round of 16,Sweden,Mikael Lustig,14,24.9,69,,miss,regular,right-foot,false
2018,Sweden vs Switzerland,Round of 16,Switzerland,Steven Zuber,24,9.7,56.5,,miss,assisted,head,false
2018,Sweden vs Switzerland,Round of 16,Sweden,Emil Forsberg,40,25.1,69.3,,block,free-kick,right-foot,false
2018,Sweden vs Switzerland,Round of 16,Switzerland,Blerim Džemaili,38,14.1,38.8,,miss,assisted,right-foot,false
2018,Sweden vs Switzerland,Round of 16,Switzerland,Ricardo Rodríguez,86,21.8,43.7,,block,corner,right-foot,false
2018,Sweden vs Switzerland,Round of 16,Switzerland,Ricardo Rodríguez,69,24.4,26.6,,save,regular,right-foot,false
2018,Sweden vs Switzerland,Round of 16,Switzerland,Xherdan Shaqiri,36,22,68.7,,block,corner,left-foot,false
2018,Sweden vs Switzerland,Round of 16,Switzerland,Breel Embolo,79,6.7,46.6,,block,corner,head,false
2018,Sweden vs Switzerland,Round of 16,Sweden,Albin Ekdal,9,19,50.4,,miss,regular,right-foot,false
2018,Sweden vs Switzerland,Round of 16,Switzerland,Johan Djourou,79,8,42.7,,block,assisted,head,false
2018,Sweden vs Switzerland,Round of 16,Switzerland,Steven Zuber,7,15,24.6,,save,assisted,right-foot,false
2018,Sweden vs Switzerland,Round of 16,Sweden,Emil Forsberg,64,16,17.6,,block,free-kick,right-foot,false
2018,Sweden vs Switzerland,Round of 16,Switzerland,Xherdan Shaqiri,1,31,74.5,,miss,assisted,left-foot,false
2018,Sweden vs Switzerland,Round of 16,Switzerland,Ricardo Rodríguez,32,28.1,15.9,,save,free-kick,left-foot,false
2018,Switzerland vs Costa Rica,,Costa Rica,Bryan Ruiz,90,11.5,50,,post,penalty,left-foot,false
2018,Switzerland vs Costa Rica,,Costa Rica,Cristian Gamboa,6,20.5,62.7,,save,regular,left-foot,false
2018,Switzerland vs Costa Rica,,Costa Rica,Celso Borges,64,29.5,33,,miss,assisted,right-foot,false
2018,Switzerland vs Costa Rica,,Costa Rica,Daniel Colindres,10,15.5,24.6,,post,regular,right-foot,false
2018,Switzerland vs Costa Rica,,Switzerland,Josip Drmić,78,9.3,54.8,,post,assisted,head,false
2018,Switzerland vs Costa Rica,,Switzerland,Stephan Lichtsteiner,39,26.9,68.6,,block,assisted,left-foot,false
2018,Switzerland vs Costa Rica,,Costa Rica,Yann Sommer,90,2,51.5,,goal,set-piece,head,false
2018,Switzerland vs Costa Rica,,Costa Rica,Joel Campbell,48,12,43.3,,miss,corner,left-foot,false
2018,Switzerland vs Costa Rica,,Switzerland,Breel Embolo,52,1.6,67.8,,save,assisted,right-foot,false
2018,Switzerland vs Costa Rica,,Costa Rica,David Guzmán,54,21.6,32.4,,block,regular,right-foot,false
2018,Switzerland vs Costa Rica,,Costa Rica,Bryan Oviedo,54,11.7,31.4,,miss,assisted,left-foot,false
2018,Switzerland vs Costa Rica,,Switzerland,Breel Embolo,52,10.3,53.6,,miss,corner,head,false
2018,Switzerland vs Costa Rica,,Costa Rica,Bryan Oviedo,19,14.4,20.7,,save,assisted,left-foot,false
2018,Switzerland vs Costa Rica,,Costa Rica,Celso Borges,6,9.4,50.7,,save,assisted,head,false
2018,Switzerland vs Costa Rica,,Costa Rica,Joel Campbell,6,20.9,68.6,,save,regular,left-foot,false
2018,Switzerland vs Costa Rica,,Switzerland,Ricardo Rodríguez,49,25.5,27.4,,miss,assisted,left-foot,false
2018,Switzerland vs Costa Rica,,Costa Rica,Celso Borges,79,14.8,71.5,,save,assisted,right-foot,false
2018,Switzerland vs Costa Rica,,Switzerland,Blerim Džemaili,33,15.2,53.2,,block,assisted,right-foot,false
2018,Switzerland vs Costa Rica,,Switzerland,Blerim Džemaili,31,6.8,51.8,,goal,assisted,right-foot,true
2018,Switzerland vs Costa Rica,,Costa Rica,Daniel Colindres,24,10.3,34.2,,block,assisted,right-foot,false
2018,Switzerland vs Costa Rica,,Costa Rica,Daniel Colindres,7,21.2,38.8,,miss,assisted,left-foot,false
2018,Switzerland vs Costa Rica,,Switzerland,Josip Drmić,88,12.8,43.3,,goal,assisted,right-foot,true
2018,Switzerland vs Costa Rica,,Costa Rica,Kendall Waston,56,7.6,50.6,,goal,corner,head,true
2018,Switzerland vs Costa Rica,,Switzerland,Josip Drmić,71,25.5,42.5,,block,assisted,left-foot,false
2018,Switzerland vs Costa Rica,,Switzerland,Mario Gavranović,17,23.6,45,,miss,regular,right-foot,false
2018,Switzerland vs Costa Rica,,Switzerland,Mario Gavranović,4,9.7,59.6,,block,assisted,right-foot,false
2018,Switzerland vs Costa Rica,,Switzerland,Mario Gavranović,13,11.8,42.5,,miss,assisted,head,false
2018,Switzerland vs Costa Rica,,Switzerland,Valon Behrami,45,28.2,49.3,,miss,corner,left-foot,false
2018,Tunisia vs England,,Tunisia,Ferjani Sassi,35,11.5,50,,goal,penalty,right-foot,true
2018,Tunisia vs England,,England,Jesse Lingard,44,9.3,67,,post,assisted,right-foot,false
2018,Tunisia vs England,,England,Jesse Lingard,3,8,47.6,,save,assisted,right-foot,false
2018,Tunisia vs England,,England,Harry Kane,11,2.7,55.5,,goal,corner,right-foot,true
2018,Tunisia vs England,,England,John Stones,39,7.8,46.4,,miss,set-piece,left-foot,false
2018,Tunisia vs England,,England,Harry Kane,10,22.5,44.3,,block,assisted,right-foot,false
2018,Tunisia vs England,,England,Kieran Trippier,69,25.7,39.2,,miss,free-kick,right-foot,false
2018,Tunisia vs England,,England,Harry Kane,90,2.4,42.3,,goal,corner,head,true
2018,Tunisia vs England,,England,Harry Maguire,31,9.4,72.3,,save,set-piece,head,false
2018,Tunisia vs England,,England,Jesse Lingard,43,13.4,50.3,,block,set-piece,left-foot,false
2018,Tunisia vs England,,England,Dele Alli,51,8.7,50.1,,save,corner,head,false
2018,Tunisia vs England,,Tunisia,Wahbi Khazri,72,13.6,74.7,,block,assisted,right-foot,false
2018,Tunisia vs England,,England,Harry Maguire,3,12.1,51.3,,miss,corner,head,false
2018,Tunisia vs England,,England,Harry Maguire,90,9.1,51.5,,miss,corner,other,false
2018,Tunisia vs England,,Tunisia,Fakhreddine Ben Youssef,28,12.1,44.5,,miss,assisted,head,false
2018,Tunisia vs England,,Tunisia,Ferjani Sassi,27,22.2,53.2,,block,assisted,right-foot,false
2018,Tunisia vs England,,England,Jesse Lingard,24,3.7,61.2,,miss,assisted,right-foot,false
2018,Tunisia vs England,,England,Ashley Young,79,22.8,45.4,,miss,free-kick,right-foot,false
2018,Tunisia vs England,,Tunisia,Naïm Sliti,23,26.5,27.4,,miss,assisted,right-foot,false
2018,Tunisia vs England,,Tunisia,Naïm Sliti,72,26.5,51.1,,miss,assisted,left-foot,false
2018,Tunisia vs England,,England,Dele Alli,39,2.7,59,,save,set-piece,head,false
2018,Tunisia vs England,,England,John Stones,11,9.7,53,,save,corner,head,false
2018,Tunisia vs England,,England,Jordan Henderson,18,25.9,50.1,,save,regular,right-foot,false
2018,Tunisia vs England,,England,John Stones,61,13.4,50.1,,miss,corner,head,false
2018,Uruguay vs France,Quarterfinals,France,Lucas Hernández,7,25.4,25.6,,miss,assisted,left-foot,false
2018,Uruguay vs France,Quarterfinals,France,Corentin Tolisso,73,21.6,39.8,,miss,assisted,right-foot,false
2018,Uruguay vs France,Quarterfinals,Uruguay,Rodrigo Bentancur,56,18.8,67.2,,miss,regular,left-foot,false
2018,Uruguay vs France,Quarterfinals,Uruguay,Cristian Rodríguez,64,20.2,41.9,,miss,corner,left-foot,false
2018,Uruguay vs France,Quarterfinals,Uruguay,Diego Godín,44,2.4,44.2,,miss,set-piece,left-foot,false
2018,Uruguay vs France,Quarterfinals,Uruguay,Martín Cáceres,44,12.2,50.9,,save,set-piece,head,false
2018,Uruguay vs France,Quarterfinals,France,Paul Pogba,19,29.9,48.5,,miss,assisted,right-foot,false
2018,Uruguay vs France,Quarterfinals,France,Raphaël Varane,11,12.8,57,,miss,set-piece,head,false
2018,Uruguay vs France,Quarterfinals,France,Olivier Giroud,76,18.8,66.4,,miss,regular,left-foot,false
2018,Uruguay vs France,Quarterfinals,Uruguay,Matias Vecino,36,11.7,68,,save,assisted,right-foot,false
2018,Uruguay vs France,Quarterfinals,France,Antoine Griezmann,89,27,60.2,,miss,free-kick,left-foot,false
2018,Uruguay vs France,Quarterfinals,Uruguay,Martín Cáceres,59,14.2,75.6,,miss,regular,right-foot,false
2018,Uruguay vs France,Quarterfinals,Uruguay,José María Giménez,14,10.5,38.8,,save,corner,head,false
2018,Uruguay vs France,Quarterfinals,Uruguay,Cristhian Stuani,5,6.7,73.2,,miss,assisted,right-foot,false
2018,Uruguay vs France,Quarterfinals,France,N'Golo Kanté,12,24.8,49.7,,block,regular,right-foot,false
2018,Uruguay vs France,Quarterfinals,France,Antoine Griezmann,61,23.2,29.9,,goal,assisted,left-foot,true
2018,Uruguay vs France,Quarterfinals,Uruguay,Cristian Rodríguez,64,24.5,39,,block,corner,left-foot,false
2018,Uruguay vs France,Quarterfinals,Uruguay,Martín Cáceres,31,51.7,92.7,,miss,assisted,right-foot,false
2018,Uruguay vs France,Quarterfinals,France,Kylian Mbappé,15,6.8,54.2,,miss,assisted,head,false
2018,Uruguay vs France,Quarterfinals,France,Raphaël Varane,40,11.8,52.2,,goal,set-piece,head,true
2018,Uruguay vs France,Quarterfinals,Uruguay,Nahitan Nández,42,25.9,35.7,,save,corner,left-foot,false
2018,Uruguay vs France,Quarterfinals,France,Benjamin Pavard,53,26.5,66.8,,miss,corner,right-foot,false
2018,Uruguay vs Portugal,Round of 16,Uruguay,Luis Suárez,22,27.1,50.7,,save,free-kick,right-foot,false
2018,Uruguay vs Portugal,Round of 16,Portugal,Gonçalo Guedes,60,22.9,33.6,,block,assisted,right-foot,false
2018,Uruguay vs Portugal,Round of 16,Portugal,José Fonte,11,4.7,42.1,,miss,corner,head,false
2018,Uruguay vs Portugal,Round of 16,Portugal,Adrien Silva,54,18.7,54,,miss,assisted,right-foot,false
2018,Uruguay vs Portugal,Round of 16,Uruguay,Edinson Cavani,62,15.1,35.8,,goal,assisted,right-foot,true
2018,Uruguay vs Portugal,Round of 16,Portugal,Pepe,55,7.8,54.3,,goal,corner,head,true
2018,Uruguay vs Portugal,Round of 16,Portugal,Raphael Guerreiro,52,22.1,31.8,,miss,corner,left-foot,false
2018,Uruguay vs Portugal,Round of 16,Portugal,Cristiano Ronaldo,79,27.3,47.6,,block,assisted,right-foot,false
2018,Uruguay vs Portugal,Round of 16,Portugal,Cristiano Ronaldo,32,23,38.3,,block,free-kick,right-foot,false
2018,Uruguay vs Portugal,Round of 16,Portugal,Bernardo Silva,70,15.2,48.2,,miss,regular,right-foot,false
2018,Uruguay vs Portugal,Round of 16,Portugal,Cristiano Ronaldo,13,23.9,23.7,,block,assisted,right-foot,false
2018,Uruguay vs Portugal,Round of 16,Portugal,Manuel Fernandes,85,25.1,70.1,,save,assisted,right-foot,false
2018,Uruguay vs Portugal,Round of 16,Portugal,Bernardo Silva,2,6.8,60.4,,miss,assisted,head,false
2018,Uruguay vs Portugal,Round of 16,Uruguay,Edinson Cavani,7,4.8,55.5,,goal,assisted,head,true
2018,Uruguay vs Portugal,Round of 16,Uruguay,Edinson Cavani,45,5.8,27.6,,miss,assisted,right-foot,false
2018,Uruguay vs Portugal,Round of 16,Portugal,William Carvalho,16,26,42.8,,block,assisted,right-foot,false
2018,Uruguay vs Portugal,Round of 16,Portugal,Cristiano Ronaldo,90,27.1,34.2,,miss,assisted,right-foot,false
2018,Uruguay vs Portugal,Round of 16,Portugal,Raphael Guerreiro,77,19.4,30.5,,miss,corner,left-foot,false
2018,Uruguay vs Portugal,Round of 16,Portugal,Cristiano Ronaldo,73,22.9,33.8,,block,assisted,right-foot,false
2018,Uruguay vs Portugal,Round of 16,Portugal,Ricardo Quaresma,90,9.1,70.5,,save,assisted,right-foot,false
2018,Uruguay vs Portugal,Round of 16,Uruguay,Luis Suárez,22,17.7,81.1,,miss,regular,right-foot,false
2018,Uruguay vs Portugal,Round of 16,Portugal,Manuel Fernandes,87,28.6,26.4,,miss,assisted,right-foot,false
2018,Uruguay vs Portugal,Round of 16,Portugal,Gonçalo Guedes,38,9,59.6,,save,assisted,head,false
2018,Uruguay vs Portugal,Round of 16,Portugal,Cristiano Ronaldo,6,22.4,60.6,,save,assisted,right-foot,false
2018,Uruguay vs Portugal,Round of 16,Portugal,Gonçalo Guedes,16,23.2,52.4,,block,assisted,left-foot,false
2018,Uruguay vs Russia,,Uruguay,Edinson Cavani,86,12.7,58.8,,block,assisted,left-foot,false
2018,Uruguay vs Russia,,Uruguay,Cristian Rodríguez,90,19.2,25.6,,save,assisted,left-foot,false
2018,Uruguay vs Russia,,Uruguay,Diego Laxalt,23,22.6,29.1,,miss,corner,left-foot,false
2018,Uruguay vs Russia,,Uruguay,Luis Suárez,10,17.9,45.6,,goal,free-kick,right-foot,true
2018,Uruguay vs Russia,,Russia,Roman Zobnin,70,22.5,73.2,,block,assisted,right-foot,false
2018,Uruguay vs Russia,,Uruguay,Edinson Cavani,69,15.1,42.5,,miss,assisted,right-foot,false
2018,Uruguay vs Russia,,Uruguay,Edinson Cavani,47,25.2,52.8,,block,free-kick,right-foot,false
2018,Uruguay vs Russia,,Uruguay,Lucas Torreira,90,26.6,34.9,,block,assisted,right-foot,false
2018,Uruguay vs Russia,,Uruguay,Martín Cáceres,84,6.8,50.3,,miss,corner,head,false
2018,Uruguay vs Russia,,Russia,Artem Dzyuba,74,12.6,65.5,,miss,assisted,left-foot,false
2018,Uruguay vs Russia,,Russia,Denis Cheryshev,12,16,43.1,,save,assisted,right-foot,false
2018,Uruguay vs Russia,,Uruguay,Rodrigo Bentancur,28,8.7,57.5,,save,assisted,right-foot,false
2018,Uruguay vs Russia,,Uruguay,Cristian Rodríguez,82,25.1,29.3,,save,assisted,left-foot,false
2018,Uruguay vs Russia,,Uruguay,Edinson Cavani,90,2.3,48,,goal,corner,left-foot,true
2018,Uruguay vs Russia,,Uruguay,Diego Godín,68,51.3,42.9,,miss,regular,right-foot,false
2018,Uruguay vs Russia,,Uruguay,Giorgian de Arrascaeta,90,7.8,56.7,,miss,fast-break,left-foot,false
2018,Uruguay vs Russia,,Uruguay,Denis Cheryshev,23,19.9,34.9,,goal,corner,right-foot,false
2018,Uruguay vs Russia,,Uruguay,Rodrigo Bentancur,59,10,72.1,,block,assisted,left-foot,false
2018,Uruguay vs Russia,,Uruguay,Matias Vecino,2,27.5,39.4,,miss,regular,right-foot,false
2018,Uruguay vs Russia,,Uruguay,Diego Godín,90,7.5,48.2,,save,corner,head,false
2018,Uruguay vs Saudi Arabia,,Saudi Arabia,Salem Al-Dawsari,38,30.9,41.9,,miss,assisted,right-foot,false
2018,Uruguay vs Saudi Arabia,,Uruguay,Edinson Cavani,80,12.4,55.7,,miss,assisted,head,false
2018,Uruguay vs Saudi Arabia,,Saudi Arabia,Hattan Bahebri,29,8.4,57.3,,miss,assisted,right-foot,false
2018,Uruguay vs Saudi Arabia,,Saudi Arabia,Yasser Al-Shahrani,90,22.1,30.7,,miss,assisted,right-foot,false
2018,Uruguay vs Saudi Arabia,,Saudi Arabia,Fahad Al-Muwallad,21,8,73.9,,miss,assisted,right-foot,false
2018,Uruguay vs Saudi Arabia,,Uruguay,Luis Suárez,89,17.7,51.8,,miss,assisted,right-foot,false
2018,Uruguay vs Saudi Arabia,,Uruguay,Martín Cáceres,77,8.5,40.8,,block,set-piece,right-foot,false
2018,Uruguay vs Saudi Arabia,,Saudi Arabia,Yasser Al-Shahrani,90,26.4,23.7,,block,assisted,right-foot,false
2018,Uruguay vs Saudi Arabia,,Uruguay,Luis Suárez,64,13.1,71.2,,block,assisted,left-foot,false
2018,Uruguay vs Saudi Arabia,,Uruguay,Edinson Cavani,86,15.4,51.3,,save,regular,right-foot,false
2018,Uruguay vs Saudi Arabia,,Uruguay,Luis Suárez,23,4.8,53,,goal,corner,left-foot,true
2018,Uruguay vs Saudi Arabia,,Uruguay,Martín Cáceres,68,7.1,53.7,,miss,set-piece,head,false
2018,Uruguay vs Saudi Arabia,,Uruguay,Edinson Cavani,13,8.3,41.8,,miss,assisted,left-foot,false
2018,Uruguay vs Saudi Arabia,,Uruguay,Edinson Cavani,25,9.8,65.8,,block,assisted,right-foot,false
2018,Uruguay vs Saudi Arabia,,Uruguay,Lucas Torreira,80,27.9,39.6,,miss,assisted,right-foot,false
2018,Uruguay vs Saudi Arabia,,Uruguay,Luis Suárez,51,29.9,54.2,,save,free-kick,right-foot,false
2018,Uruguay vs Saudi Arabia,,Saudi Arabia,Mohammed Al-Burayk,8,28.1,40.7,,block,free-kick,right-foot,false
2018,Uruguay vs Saudi Arabia,,Saudi Arabia,Mohamed Kanno,90,10.1,59.6,,save,corner,head,false
2018,Uruguay vs Saudi Arabia,,Uruguay,Luis Suárez,2,19.7,37.6,,block,assisted,left-foot,false
2018,Uruguay vs Saudi Arabia,,Uruguay,Carlos Sánchez,62,7.7,54.3,,miss,assisted,head,false
2018,Uruguay vs Saudi Arabia,,Saudi Arabia,Hattan Bahebri,26,29.2,74.7,,save,assisted,left-foot,false
2022,Argentina vs Australia,Round of 16,Argentina,Lionel Messi,66,24.2,42.3,0.0288,miss,assisted,left-foot,false
2022,Argentina vs Australia,Round of 16,Argentina,Lautaro Martínez,90,10.7,36.5,0.1064,save,assisted,left-foot,false
2022,Argentina vs Australia,Round of 16,Argentina,Nicolás Tagliafico,75,14.2,30.7,0.0401,miss,assisted,left-foot,false
2022,Argentina vs Australia,Round of 16,Argentina,Lautaro Martínez,88,10,66.8,0.0543,miss,assisted,right-foot,false
2022,Argentina vs Australia,Round of 16,Argentina,Lionel Messi,90,15.4,49.2,0.0655,block,assisted,left-foot,false
2022,Argentina vs Australia,Round of 16,Argentina,Lionel Messi,90,10.7,47.9,0.1889,miss,regular,left-foot,false
2022,Argentina vs Australia,Round of 16,Australia,Aziz Behich,81,10.2,40.6,0.0806,block,assisted,right-foot,false
2022,Argentina vs Australia,Round of 16,Australia,Enzo Fernández,77,13.4,34.7,,goal,regular,other,false
2022,Argentina vs Australia,Round of 16,Argentina,Lionel Messi,35,14.7,61,0.0355,goal,set-piece,left-foot,true
2022,Argentina vs Australia,Round of 16,Australia,Craig Goodwin,77,21.6,27.9,0.0277,miss,regular,left-foot,false
2022,Argentina vs Australia,Round of 16,Argentina,Papu Gómez,17,21.5,26.1,0.019,miss,assisted,right-foot,false
2022,Argentina vs Australia,Round of 16,Argentina,Lionel Messi,50,18.8,45.2,0.0445,save,assisted,left-foot,false
2022,Argentina vs Australia,Round of 16,Australia,Ajdin Hrustić,81,19.4,65.8,0.0285,miss,corner,left-foot,false
2022,Argentina vs Australia,Round of 16,Argentina,Lionel Messi,90,12.8,68.7,0.0485,miss,assisted,left-foot,false
2022,Argentina vs Australia,Round of 16,Australia,Garang Kuol,90,8.1,61.4,0.3793,save,assisted,right-foot,false
2022,Argentina vs Australia,Round of 16,Argentina,Julián Alvarez,57,10.2,63.8,0.5734,goal,regular,right-foot,true
2022,Argentina vs Australia,Round of 16,Argentina,Lautaro Martínez,90,9.3,35.9,0.0728,save,assisted,left-foot,false
2022,Argentina vs Australia,Round of 16,Argentina,Lautaro Martínez,89,11.8,40.2,0.3451,miss,fast-break,right-foot,false
2022,Argentina vs Australia,Round of 16,Australia,Harry Souttar,29,7.4,55.2,0.0752,block,corner,head,false
2022,Argentina vs Australia,Round of 16,Argentina,Exequiel Palacios,90,14.4,62.4,0.0688,block,regular,right-foot,false
2022,Argentina vs Croatia,Semifinals,Croatia,Nikola Vlašić,90,14.7,68,0.0294,miss,assisted,left-foot,false
2022,Argentina vs Croatia,Semifinals,Croatia,Ivan Perišić,73,27.4,58.8,0.0439,save,free-kick,left-foot,false
2022,Argentina vs Croatia,Semifinals,Croatia,Mario Pašalić,45,1.2,58.1,0.1029,miss,regular,right-foot,false
2022,Argentina vs Croatia,Semifinals,Argentina,Alexis Mac Allister,42,5.4,41.6,0.0972,save,corner,head,false
2022,Argentina vs Croatia,Semifinals,Argentina,Leandro Paredes,49,27.1,59.2,0.0265,save,assisted,right-foot,false
2022,Argentina vs Croatia,Semifinals,Croatia,Dejan Lovren,16,4.4,33.3,0.0132,miss,corner,head,false
2022,Argentina vs Croatia,Semifinals,Croatia,Ivan Perišić,31,12.4,27.2,0.034,miss,assisted,right-foot,false
2022,Argentina vs Croatia,Semifinals,Argentina,Enzo Fernández,25,25.6,44.3,0.0302,save,assisted,right-foot,false
2022,Argentina vs Croatia,Semifinals,Argentina,Lionel Messi,58,7.5,34.5,0.1363,save,assisted,left-foot,false
2022,Argentina vs Croatia,Semifinals,Croatia,Mislav Oršić,78,11.8,27,0.0341,miss,assisted,right-foot,false
2022,Argentina vs Croatia,Semifinals,Argentina,Julián Alvarez,69,6.3,56.1,0.3905,goal,assisted,right-foot,true
2022,Argentina vs Croatia,Semifinals,Croatia,Ivan Perišić,75,31.9,28.3,0.012,miss,assisted,left-foot,false
2022,Argentina vs Croatia,Semifinals,Argentina,Lionel Messi,34,11.5,50,0.7884,goal,penalty,left-foot,true
2022,Argentina vs Croatia,Semifinals,Argentina,Rodrigo De Paul,41,22.9,65.1,0.0563,block,assisted,right-foot,false
2022,Argentina vs Croatia,Semifinals,Croatia,Luka Modrić,45,24.5,57.2,0.0594,block,assisted,right-foot,false
2022,Argentina vs Croatia,Semifinals,Argentina,Julián Alvarez,39,5.4,47.4,0.6161,goal,fast-break,right-foot,true
2022,Argentina vs Croatia,Semifinals,Croatia,Dejan Lovren,90,26.6,47.4,0.0369,miss,assisted,left-foot,false
2022,Argentina vs Croatia,Semifinals,Argentina,Alexis Mac Allister,83,11.7,55,0.1945,miss,set-piece,right-foot,false
2022,Argentina vs Croatia,Semifinals,Croatia,Lovro Majer,89,24.1,45.8,0.0324,save,assisted,left-foot,false
2022,Argentina vs Croatia,Semifinals,Croatia,Dejan Lovren,62,8.3,52,0.0985,block,set-piece,head,false
2022,Argentina vs Croatia,Semifinals,Croatia,Mislav Oršić,58,20.9,30.1,0.0233,block,regular,right-foot,false
2022,Argentina vs France,Final,Argentina,Lionel Messi,90,22.2,51.8,0.0738,save,assisted,left-foot,false
2022,Argentina vs France,Final,Argentina,Ángel Di María,17,14.5,45.7,0.1095,miss,assisted,right-foot,false
2022,Argentina vs France,Final,France,Aurélien Tchouaméni,124,11.5,50,0.7884,miss,shootout,right-foot,false
2022,Argentina vs France,Final,Argentina,Lionel Messi,121,11.5,50,0.7884,goal,shootout,left-foot,true
2022,Argentina vs France,Final,Argentina,Paulo Dybala,123,11.5,50,0.7884,goal,shootout,left-foot,true
2022,Argentina vs France,Final,Argentina,Lautaro Martínez,105,10.5,56.8,0.0936,block,assisted,right-foot,false
2022,Argentina vs France,Final,France,Kylian Mbappé,81,14.2,35.3,0.1202,goal,assisted,right-foot,true
2022,Argentina vs France,Final,France,Kingsley Coman,122,11.5,50,0.7884,save,shootout,right-foot,false
2022,Argentina vs France,Final,Argentina,Gonzalo Montiel,105,23.9,65.1,0.0187,block,regular,right-foot,false
2022,Argentina vs France,Final,Argentina,Alexis Mac Allister,5,26.6,33.8,0.0243,save,assisted,right-foot,false
2022,Argentina vs France,Final,France,Randal Kolo Muani,68,6.8,46.2,0.0893,miss,corner,other,false
2022,Argentina vs France,Final,Argentina,Gonzalo Montiel,126,11.5,50,0.7884,goal,shootout,right-foot,true
2022,Argentina vs France,Final,Argentina,Enzo Fernández,72,20.4,38.3,0.0676,save,assisted,right-foot,false
2022,Argentina vs France,Final,France,Adrien Rabiot,90,11.4,34,0.0554,save,corner,left-foot,false
2022,Argentina vs France,Final,France,Randal Kolo Muani,125,11.5,50,0.7884,goal,shootout,right-foot,true
2022,Argentina vs France,Final,Argentina,Leandro Paredes,125,11.5,50,0.7884,goal,shootout,right-foot,true
2022,Argentina vs France,Final,France,Kylian Mbappé,71,16.1,33.8,0.0295,miss,regular,right-foot,false
2022,Argentina vs France,Final,France,Randal Kolo Muani,120,14.7,57.5,0.3023,save,assisted,right-foot,false
2022,Argentina vs France,Final,Argentina,Lionel Messi,107,16.1,68,0.031,save,throw-in-set-piece,left-foot,false
2022,Argentina vs France,Final,Argentina,Lionel Messi,108,3.1,51.8,0.8646,goal,regular,right-foot,true
2022,Argentina vs France,Final,France,Kylian Mbappé,80,11.5,50,0.7884,goal,penalty,right-foot,true
2022,Argentina vs France,Final,France,Kylian Mbappé,116,18.9,32.2,0.0406,block,corner,right-foot,false
2022,Argentina vs France,Final,Argentina,Lautaro Martínez,108,6.7,66.6,0.1386,save,assisted,right-foot,false
2022,Argentina vs France,Final,Argentina,Ángel Di María,36,7.4,39.2,0.3825,goal,fast-break,left-foot,true
2022,Argentina vs France,Final,Argentina,Enzo Fernández,84,26.6,46.9,0.0359,block,assisted,right-foot,false
2022,Argentina vs France,Final,Argentina,Julián Alvarez,59,9.4,30.8,0.0656,save,assisted,left-foot,false
2022,Argentina vs France,Final,France,Kylian Mbappé,121,11.5,50,0.7884,goal,shootout,right-foot,true
2022,Argentina vs France,Final,France,Kylian Mbappé,90,23.6,38.3,0.0327,block,assisted,right-foot,false
2022,Argentina vs France,Final,Argentina,Alexis Mac Allister,93,21.2,29.1,0.0317,miss,regular,right-foot,false
2022,Argentina vs France,Final,Argentina,Lautaro Martínez,105,12.8,41.5,0.1067,miss,assisted,left-foot,false
2022,Argentina vs France,Final,France,Youssouf Fofana,100,28.5,51.5,0.0232,block,set-piece,right-foot,false
2022,Argentina vs France,Final,France,Kylian Mbappé,118,11.5,50,0.7884,goal,penalty,right-foot,true
2022,Argentina vs France,Final,Argentina,Lionel Messi,60,8.8,55.7,0.1176,miss,regular,right-foot,false
2022,Argentina vs France,Final,Argentina,Lionel Messi,23,11.5,50,0.7884,goal,penalty,left-foot,true
2022,Argentina vs France,Final,Argentina,Rodrigo De Paul,8,19.7,61.8,0.0793,miss,assisted,right-foot,false
2022,Argentina vs France,Final,Argentina,Lautaro Martínez,120,9.5,51.8,0.254,miss,fast-break,head,false
2022,Argentina vs France,Final,Argentina,Rodrigo De Paul,49,15,64.3,0.0437,save,assisted,right-foot,false
2022,Argentina vs France,Final,Argentina,Alexis Mac Allister,32,24.8,27.4,0.021,miss,assisted,right-foot,false
2022,Argentina vs Mexico,,Mexico,Alexis Vega,45,27.9,41.2,0.042,save,free-kick,right-foot,false
2022,Argentina vs Mexico,,Argentina,Lionel Messi,64,24.1,48.4,0.0231,goal,assisted,left-foot,true
2022,Argentina vs Mexico,,Argentina,Lionel Messi,51,23.4,53.1,0.0896,miss,free-kick,left-foot,false
2022,Argentina vs Mexico,,Mexico,Alexis Vega,45,26.2,27.4,0.0222,miss,regular,right-foot,false
2022,Argentina vs Mexico,,Argentina,Enzo Fernández,87,13.3,27.3,0.0431,goal,corner,right-foot,true
2022,Argentina vs Mexico,,Mexico,César Montes,10,11.4,43.3,0.1841,miss,set-piece,left-foot,false
2022,Argentina vs Mexico,,Argentina,Lautaro Martínez,40,10,52.9,0.0792,miss,corner,head,false
2022,Argentina vs Mexico,,Mexico,Hirving Lozano,48,27.3,39,0.0178,block,assisted,right-foot,false
2022,Argentina vs Mexico,,Argentina,Nahuel Molina,70,18.1,58.8,0.0849,miss,assisted,right-foot,false
2022,Argentina vs Saudi Arabia,,Argentina,Julián Alvarez,90,7.4,40.2,0.0407,save,corner,head,false
2022,Argentina vs Saudi Arabia,,Argentina,Lionel Messi,2,15.3,55.7,0.0627,save,regular,left-foot,false
2022,Argentina vs Saudi Arabia,,Argentina,Lionel Messi,10,11.5,50,0.7884,goal,penalty,left-foot,true
2022,Argentina vs Saudi Arabia,,Argentina,Lisandro Martínez,63,8.8,48.5,0.1209,block,corner,right-foot,false
2022,Argentina vs Saudi Arabia,,Argentina,Nicolás Tagliafico,63,3.3,46.7,0.7221,save,corner,left-foot,false
2022,Argentina vs Saudi Arabia,,Saudi Arabia,Salem Al-Dawsari,53,16,33.2,0.0312,goal,regular,right-foot,true
2022,Argentina vs Saudi Arabia,,Argentina,Enzo Fernández,76,11.6,47.2,0.0219,miss,corner,head,false
2022,Argentina vs Saudi Arabia,,Argentina,Ángel Di María,74,32.4,81.1,0.0117,block,assisted,left-foot,false
2022,Argentina vs Saudi Arabia,,Argentina,Papu Gómez,21,21.8,25.4,0.0175,miss,assisted,right-foot,false
2022,Argentina vs Saudi Arabia,,Argentina,Ángel Di María,72,8.4,68.2,0.0671,save,assisted,right-foot,false
2022,Argentina vs Saudi Arabia,,Saudi Arabia,Saleh Al-Shehri,48,11.5,35.9,0.0608,goal,assisted,left-foot,true
2022,Argentina vs Saudi Arabia,,Argentina,Lautaro Martínez,42,7.5,41.5,0.0772,block,set-piece,head,false
2022,Argentina vs Saudi Arabia,,Argentina,Nicolás Otamendi,90,10.7,45.6,0.0301,miss,corner,head,false
2022,Argentina vs Saudi Arabia,,Saudi Arabia,Nawaf Al-Abed,53,13.4,65.5,0.0575,block,regular,left-foot,false
2022,Argentina vs Saudi Arabia,,Argentina,Lionel Messi,84,4.8,39.6,0.1359,save,assisted,head,false
2022,Argentina vs Saudi Arabia,,Argentina,Lionel Messi,80,26.2,57.2,0.053,miss,free-kick,left-foot,false
2022,Argentina vs Saudi Arabia,,Argentina,Lautaro Martínez,69,3.7,35.9,0.0298,miss,corner,head,false
2022,Argentina vs Saudi Arabia,,Argentina,Rodrigo De Paul,42,18.3,52.1,0.0833,miss,set-piece,right-foot,false
2022,Australia vs Denmark,,Australia,Riley McGree,3,22.8,56.1,0.0603,block,assisted,left-foot,false
2022,Australia vs Denmark,,Australia,Mitchell Duke,41,21.4,25,0.0185,save,assisted,right-foot,false
2022,Australia vs Denmark,,Denmark,Jesper Lindstrøm,82,21.4,49.8,0.0501,block,assisted,right-foot,false
2022,Australia vs Denmark,,Denmark,Christian Eriksen,29,15,31,0.0388,miss,assisted,right-foot,false
2022,Australia vs Denmark,,Denmark,Andreas Skov Olsen,25,9.1,64.9,0.0592,save,assisted,right-foot,false
2022,Australia vs Denmark,,Australia,Mathew Leckie,60,12,39.1,0.1462,goal,fast-break,left-foot,true
2022,Australia vs Denmark,,Denmark,Joachim Andersen,69,6.5,69.5,0.0085,miss,corner,head,false
2022,Australia vs Denmark,,Denmark,Andreas Skov Olsen,14,13.8,64.3,0.0401,miss,assisted,right-foot,false
2022,Australia vs Denmark,,Australia,Jackson Irvine,48,10.8,37.3,0.2188,miss,assisted,left-foot,false
2022,Australia vs Denmark,,Denmark,Mathias Jensen,11,9.1,73.6,0.0659,save,assisted,right-foot,false
2022,Australia vs Denmark,,Australia,Riley McGree,22,16.2,73.2,0.0357,save,assisted,left-foot,false
2022,Australia vs Denmark,,Australia,Keanu Baccus,85,21.4,60.4,0.0453,block,assisted,right-foot,false
2022,Australia vs Denmark,,Australia,Mitchell Duke,32,16.7,48,0.0311,save,assisted,head,false
2022,Australia vs Denmark,,Denmark,Jesper Lindstrøm,10,9.5,55.7,0.0976,block,regular,right-foot,false
2022,Australia vs Denmark,,Denmark,Alexander Bah,77,20.1,70.1,0.0227,block,assisted,right-foot,false
2022,Australia vs Denmark,,Denmark,Alexander Bah,88,10,70.9,0.0329,miss,regular,right-foot,false
2022,Australia vs Denmark,,Denmark,Kasper Dolberg,77,13.7,50.3,0.0851,save,regular,left-foot,false
2022,Australia vs Denmark,,Denmark,Andreas Skov Olsen,52,11.1,67.4,0.0596,block,assisted,left-foot,false
2022,Australia vs Denmark,,Australia,Aziz Behich,47,18.4,43.9,0.0387,miss,corner,right-foot,false
2022,Australia vs Denmark,,Denmark,Andreas Skov Olsen,69,14.2,62.3,0.0717,block,assisted,left-foot,false
2022,Australia vs Denmark,,Denmark,Andreas Cornelius,90,4.5,69.6,0.0213,miss,corner,head,false
2022,Belgium vs Canada,,Canada,Cyle Larin,90,9.8,43.3,0.0447,block,regular,head,false
2022,Belgium vs Canada,,Canada,Jonathan David,48,9.1,45,0.127,miss,assisted,head,false
2022,Belgium vs Canada,,Belgium,Michy Batshuayi,33,8,65.4,0.0465,miss,assisted,right-foot,false
2022,Belgium vs Canada,,Belgium,Kevin De Bruyne,86,21.9,50.3,0.0493,miss,assisted,right-foot,false
2022,Belgium vs Canada,,Canada,Alistair Johnston,30,10.5,70.2,0.0371,save,assisted,right-foot,false
2022,Belgium vs Canada,,Belgium,Leander Dendoncker,85,8.4,52.4,0.085,miss,set-piece,head,false
2022,Belgium vs Canada,,Belgium,Michy Batshuayi,67,15.5,53.3,0.0627,block,assisted,right-foot,false
2022,Belgium vs Canada,,Belgium,Michy Batshuayi,44,8.8,44.7,0.3344,goal,assisted,left-foot,true
2022,Belgium vs Canada,,Canada,Stephen Eustaquio,2,10.7,63.7,0.1064,block,assisted,right-foot,false
2022,Belgium vs Canada,,Canada,Cyle Larin,86,8.3,47.4,0.0962,miss,assisted,head,false
2022,Belgium vs Canada,,Canada,Tajon Buchanan,8,12.6,45.5,0.0812,block,corner,right-foot,false
2022,Belgium vs Canada,,Canada,Richie Laryea,13,12,71.1,0.0271,miss,assisted,left-foot,false
2022,Belgium vs Canada,,Canada,Tajon Buchanan,63,21,43,0.0617,miss,assisted,right-foot,false
2022,Belgium vs Canada,,Belgium,Michy Batshuayi,1,26.9,40.2,0.0201,save,regular,right-foot,false
2022,Belgium vs Canada,,Canada,Jonathan David,7,8,53.3,0.1529,block,assisted,right-foot,false
2022,Belgium vs Canada,,Canada,Jonathan David,32,8.8,42.1,0.1271,miss,assisted,head,false
2022,Belgium vs Canada,,Canada,Atiba Hutchinson,27,21.4,55.9,0.0424,miss,assisted,right-foot,false
2022,Belgium vs Canada,,Canada,Jonathan David,31,14.4,48.8,0.147,block,assisted,right-foot,false
2022,Belgium vs Canada,,Canada,Tajon Buchanan,45,7.5,53.6,0.3233,miss,assisted,left-foot,false
2022,Belgium vs Canada,,Canada,Cyle Larin,80,11.5,56.1,0.0956,save,assisted,head,false
2022,Belgium vs Canada,,Canada,Jonathan David,13,12.5,58.1,0.0676,block,regular,left-foot,false
2022,Belgium vs Canada,,Canada,Stephen Eustaquio,45,19.3,49.5,0.0515,block,corner,right-foot,false
2022,Belgium vs Canada,,Canada,Alphonso Davies,10,11.5,50,0.7884,save,penalty,left-foot,false
2022,Belgium vs Canada,,Canada,Stephen Eustaquio,50,21.3,66.3,0.0265,miss,assisted,right-foot,false
2022,Belgium vs Canada,,Canada,Richie Laryea,67,15.6,67.8,0.0401,miss,assisted,right-foot,false
2022,Belgium vs Canada,,Belgium,Kevin De Bruyne,90,5.6,73.4,0.0531,save,corner,right-foot,false
2022,Belgium vs Canada,,Canada,Jonathan David,77,15.3,47.6,0.0659,block,assisted,left-foot,false
2022,Belgium vs Canada,,Canada,Junior Hoilett,16,13.5,66.6,0.0522,miss,assisted,left-foot,false
2022,Belgium vs Canada,,Belgium,Thomas Meunier,90,22.2,68.2,0.041,block,assisted,right-foot,false
2022,Belgium vs Canada,,Canada,Jonathan David,11,8.4,44.7,0.3444,miss,set-piece,right-foot,false
2022,Belgium vs Canada,,Belgium,Michy Batshuayi,23,8.5,62.7,0.0783,block,assisted,right-foot,false
2022,Belgium vs Morocco,,Morocco,Sofiane Boufal,57,11.1,26.4,0.0497,miss,assisted,right-foot,false
2022,Belgium vs Morocco,,Belgium,Eden Hazard,52,13.9,72.1,0.0525,save,assisted,right-foot,false
2022,Belgium vs Morocco,,Belgium,Kevin De Bruyne,16,23.7,37.1,0.0196,block,set-piece,right-foot,false
2022,Belgium vs Morocco,,Belgium,Amadou Onana,17,5.6,50.7,0.4033,miss,corner,head,false
2022,Belgium vs Morocco,,Belgium,Kevin De Bruyne,35,26.5,52.1,0.0207,block,assisted,left-foot,false
2022,Belgium vs Morocco,,Belgium,Amadou Onana,52,8.8,50.5,0.0618,miss,corner,head,false
2022,Belgium vs Morocco,,Belgium,Kevin De Bruyne,39,8.6,10.1,0.036,miss,free-kick,right-foot,false
2022,Belgium vs Morocco,,Morocco,Zakaria Aboukhlal,90,9,54.4,0.3923,goal,assisted,right-foot,true
2022,Belgium vs Morocco,,Belgium,Thomas Meunier,19,17.9,39.2,0.0616,save,assisted,right-foot,false
2022,Belgium vs Morocco,,Morocco,Hakim Ziyech,21,29.1,67.1,0.0203,miss,assisted,left-foot,false
2022,Belgium vs Morocco,,Belgium,Michy Batshuayi,5,8.8,34.2,0.2187,miss,assisted,left-foot,false
2022,Belgium vs Morocco,,Morocco,Abderrazak Hamdallah,90,3.8,31,0.0556,save,fast-break,left-foot,false
2022,Belgium vs Morocco,,Belgium,Dries Mertens,65,20.7,48.5,0.0659,save,assisted,right-foot,false
2022,Belgium vs Morocco,,Morocco,Noussair Mazraoui,61,27.5,43.9,0.0242,miss,assisted,right-foot,false
2022,Belgium vs Morocco,,Morocco,Hakim Ziyech,50,23.3,60.5,0.0281,save,assisted,left-foot,false
2022,Belgium vs Morocco,,Morocco,Azzedine Ounahi,69,28.6,46.5,0.0254,miss,assisted,right-foot,false
2022,Belgium vs Morocco,,Belgium,Jan Vertonghen,82,11.7,44.6,0.0217,miss,corner,head,false
2022,Belgium vs Morocco,,Morocco,Romain Saiss,73,0.8,47.2,0.795,goal,set-piece,right-foot,true
2022,Belgium vs Morocco,,Morocco,Achraf Hakimi,35,8.8,74.4,0.0416,miss,assisted,right-foot,false
2022,Belgium vs Morocco,,Morocco,Selim Amallah,28,14,60.4,0.0437,miss,assisted,right-foot,false
2022,Brazil vs Serbia,,Serbia,Strahinja Pavlović,69,7.7,50,0.0991,miss,corner,head,false
2022,Brazil vs Serbia,,Brazil,Vinícius Júnior,41,6.3,30.3,0.0552,miss,fast-break,right-foot,false
2022,Brazil vs Serbia,,Brazil,Casemiro,77,30.1,36.9,0.0091,block,regular,right-foot,false
2022,Brazil vs Serbia,,Brazil,Danilo,54,24,72.8,0.0132,miss,regular,right-foot,false
2022,Brazil vs Serbia,,Serbia,Darko Lazović,70,23.8,65.5,0.0133,miss,corner,right-foot,false
2022,Brazil vs Serbia,,Brazil,Casemiro,21,28.3,46,0.0261,save,assisted,right-foot,false
2022,Brazil vs Serbia,,Brazil,Neymar,50,19.6,31.5,0.0672,block,free-kick,right-foot,false
2022,Brazil vs Serbia,,Brazil,Neymar,57,44.4,23,0.032,save,free-kick,right-foot,false
2022,Brazil vs Serbia,,Brazil,Richarlison,62,5.2,50,0.7628,goal,regular,right-foot,true
2022,Brazil vs Serbia,,Brazil,Alex Sandro,60,29.1,41.8,0.028,post,assisted,left-foot,false
2022,Brazil vs Serbia,,Serbia,Nemanja Radonjić,90,25.3,29.2,0.0168,block,assisted,right-foot,false
2022,Brazil vs Serbia,,Brazil,Richarlison,73,13.7,50.2,0.1049,goal,assisted,right-foot,true
2022,Brazil vs Serbia,,Brazil,Vinícius Júnior,67,7.2,30.5,0.1517,miss,fast-break,left-foot,false
2022,Brazil vs Serbia,,Brazil,Antony,88,21.9,76.7,0.0168,miss,assisted,left-foot,false
2022,Brazil vs Serbia,,Brazil,Vinícius Júnior,60,13.4,24.7,0.0288,miss,regular,right-foot,false
2022,Brazil vs Serbia,,Brazil,Rodrygo,82,20.7,34.9,0.0326,save,assisted,right-foot,false
2022,Brazil vs Serbia,,Brazil,Neymar,21,26.8,37.5,0.0187,block,assisted,right-foot,false
2022,Brazil vs Serbia,,Serbia,Filip Mladenovic,37,5.4,32.5,0.0209,miss,assisted,head,false
2022,Brazil vs Serbia,,Brazil,Richarlison,51,5.1,35.3,0.0499,block,corner,right-foot,false
2022,Brazil vs Serbia,,Brazil,Rodrygo,87,17.5,36.5,0.0486,miss,assisted,right-foot,false
2022,Brazil vs Serbia,,Brazil,Raphinha,46,13.2,58.2,0.4233,save,regular,left-foot,false
2022,Brazil vs Serbia,,Brazil,Vinícius Júnior,62,9.6,32.5,0.0926,save,assisted,right-foot,false
2022,Brazil vs Serbia,,Brazil,Thiago Silva,51,8.5,40.5,0.0295,block,corner,head,false
2022,Brazil vs Serbia,,Brazil,Casemiro,81,21.4,38.6,0.0704,post,assisted,right-foot,false
2022,Brazil vs Serbia,,Brazil,Fred,83,24.9,54.3,0.0539,save,assisted,left-foot,false
2022,Brazil vs Serbia,,Brazil,Neymar,55,11.5,47.6,0.1455,miss,assisted,left-foot,false
2022,Brazil vs Serbia,,Serbia,Nikola Milenković,85,20.4,75.2,0.0291,block,regular,right-foot,false
2022,Brazil vs Serbia,,Brazil,Raphinha,35,12.1,61,0.2357,save,assisted,left-foot,false
2022,Brazil vs South Korea,Round of 16,South Korea,Hwang Hee-chan,25,30.5,39.8,0.0203,save,assisted,right-foot,false
2022,Brazil vs South Korea,Round of 16,Brazil,Richarlison,45,9,66.9,0.3807,save,fast-break,right-foot,false
2022,Brazil vs South Korea,Round of 16,South Korea,Son Heung-min,47,11.7,34.4,0.0821,save,assisted,right-foot,false
2022,Brazil vs South Korea,Round of 16,South Korea,Seung Ho Paik,76,26.6,49.1,0.0426,goal,set-piece,left-foot,true
2022,Brazil vs South Korea,Round of 16,Brazil,Dani Alves,90,25.5,61.2,0.042,miss,assisted,right-foot,false
2022,Brazil vs South Korea,Round of 16,Brazil,Bremer,90,4.8,46.9,0.1685,miss,corner,head,false
2022,Brazil vs South Korea,Round of 16,Brazil,Vinícius Júnior,7,10.3,35.2,0.1562,goal,assisted,right-foot,true
2022,Brazil vs South Korea,Round of 16,South Korea,Hwang Hee-chan,32,1.6,39,0.1541,save,assisted,right-foot,false
2022,Brazil vs South Korea,Round of 16,Brazil,Dani Alves,89,8.8,66.2,0.0756,block,assisted,right-foot,false
2022,Brazil vs South Korea,Round of 16,Brazil,Neymar,13,11.5,50,0.7884,goal,penalty,right-foot,true
2022,Brazil vs South Korea,Round of 16,Brazil,Lucas Paquetá,36,10.5,55.7,0.1061,goal,assisted,right-foot,true
2022,Brazil vs South Korea,Round of 16,South Korea,Hwang Hee-chan,90,6.2,69.4,0.0649,miss,assisted,right-foot,false
2022,Brazil vs South Korea,Round of 16,Brazil,Richarlison,29,8.4,52.8,0.6935,goal,assisted,left-foot,true
2022,Brazil vs South Korea,Round of 16,South Korea,Hwang Hee-chan,68,9.4,65.5,0.0803,save,regular,right-foot,false
2022,Brazil vs South Korea,Round of 16,Brazil,Raphinha,62,4.8,65.3,0.2417,save,assisted,right-foot,false
2022,Brazil vs South Korea,Round of 16,Brazil,Neymar,45,7,52.9,0.4385,miss,fast-break,right-foot,false
2022,Brazil vs South Korea,Round of 16,Brazil,Raphinha,46,12.5,65.8,0.0644,save,regular,left-foot,false
2022,Brazil vs South Korea,Round of 16,Brazil,Vinícius Júnior,54,9,33,0.0475,miss,assisted,right-foot,false
2022,Brazil vs South Korea,Round of 16,Brazil,Neymar,7,9,55.9,0.1222,miss,assisted,right-foot,false
2022,Brazil vs South Korea,Round of 16,Brazil,Lucas Paquetá,45,6.7,65.3,0.2072,save,assisted,left-foot,false
2022,Brazil vs South Korea,Round of 16,Brazil,Raphinha,58,25.9,39.8,0.0488,block,free-kick,left-foot,false
2022,Brazil vs South Korea,Round of 16,South Korea,Hwang Hee-chan,17,25,32.4,0.0141,save,regular,right-foot,false
2022,Brazil vs South Korea,Round of 16,Brazil,Raphinha,54,7.8,63.3,0.1308,save,assisted,left-foot,false
2022,Brazil vs South Korea,Round of 16,Brazil,Casemiro,34,28,57.9,0.0209,miss,assisted,right-foot,false
2022,Brazil vs South Korea,Round of 16,Brazil,Raphinha,31,25.1,34.7,0.0378,miss,assisted,left-foot,false
2022,Brazil vs South Korea,Round of 16,South Korea,Hwang In-beom,17,27.2,63.5,0.0215,miss,corner,left-foot,false
2022,Brazil vs Switzerland,,Brazil,Rodrygo,87,9.4,30.7,0.0534,save,assisted,right-foot,false
2022,Brazil vs Switzerland,,Brazil,Richarlison,32,13.3,54.3,0.0288,block,assisted,head,false
2022,Brazil vs Switzerland,,Brazil,Bruno Guimarães,81,15.2,60.6,0.012,save,corner,head,false
2022,Brazil vs Switzerland,,Switzerland,Manuel Akanji,55,15.2,53.4,0.0365,miss,corner,head,false
2022,Brazil vs Switzerland,,Brazil,Thiago Silva,44,5.4,54.8,0.1291,block,corner,head,false
2022,Brazil vs Switzerland,,Brazil,Vinícius Júnior,27,7.5,43.5,0.3075,save,assisted,right-foot,false
2022,Brazil vs Switzerland,,Brazil,Casemiro,83,12.7,36.7,0.0738,goal,assisted,right-foot,true
2022,Brazil vs Switzerland,,Brazil,Antony,87,16.9,70.3,0.0259,miss,corner,left-foot,false
2022,Brazil vs Switzerland,,Switzerland,Silvan Widmer,6,4.9,33.7,0.0231,miss,corner,right-foot,false
2022,Brazil vs Switzerland,,Brazil,Éder Militão,37,26.8,58.8,0.0271,block,assisted,right-foot,false
2022,Brazil vs Switzerland,,Brazil,Marquinhos,70,9.6,46.1,0.079,miss,assisted,head,false
2022,Brazil vs Switzerland,,Switzerland,Edimilson Fernandes,60,20.9,54.6,0.033,block,assisted,right-foot,false
2022,Brazil vs Switzerland,,Switzerland,Djibril Sow,53,7.7,60.3,0.0805,block,regular,right-foot,false
2022,Brazil vs Switzerland,,Brazil,Rodrygo,90,11.8,55.9,0.1937,block,assisted,right-foot,false
2022,Brazil vs Switzerland,,Brazil,Raphinha,31,27.4,57.9,0.0268,save,assisted,left-foot,false
2022,Brazil vs Switzerland,,Switzerland,Rubén Vargas,54,14,31,0.0417,block,assisted,right-foot,false
2022,Brazil vs Switzerland,,Brazil,Richarlison,72,12.2,31,0.0465,block,fast-break,left-foot,false
2022,Brazil vs Switzerland,,Switzerland,Djibril Sow,60,19.2,48.5,0.0834,block,assisted,right-foot,false
2022,Brazil vs Switzerland,,Brazil,Casemiro,28,25.8,54.1,0.0157,miss,corner,right-foot,false
2022,Cameroon vs Brazil,,Brazil,Gabriel Jesus,15,4.8,65.3,0.0221,miss,corner,head,false
2022,Cameroon vs Brazil,,Brazil,Éder Militão,57,14.1,47.3,0.04,save,corner,left-foot,false
2022,Cameroon vs Brazil,,Brazil,Gabriel Martinelli,14,8.7,39,0.1042,save,assisted,head,false
2022,Cameroon vs Brazil,,Brazil,Fred,22,12.1,48.1,0.0689,block,regular,right-foot,false
2022,Cameroon vs Brazil,,Brazil,Antony,2,14.8,32.5,0.0662,miss,assisted,left-foot,false
2022,Cameroon vs Brazil,,Brazil,Bruno Guimarães,84,5,56.2,0.1698,block,assisted,right-foot,false
2022,Cameroon vs Brazil,,Cameroon,Vincent Aboubakar,80,15.2,34.3,0.0235,block,corner,right-foot,false
2022,Cameroon vs Brazil,,Brazil,Gabriel Jesus,53,7.4,48.2,0.3399,save,regular,right-foot,false
2022,Cameroon vs Brazil,,Cameroon,Vincent Aboubakar,90,12.2,52.2,0.1237,goal,assisted,head,true
2022,Cameroon vs Brazil,,Brazil,Rodrygo,45,11.8,62.7,0.0342,miss,corner,right-foot,false
2022,Cameroon vs Brazil,,Brazil,Antony,38,14.4,65.5,0.061,save,fast-break,left-foot,false
2022,Cameroon vs Brazil,,Brazil,Bruno Guimarães,90,10.1,51.5,0.0778,save,assisted,head,false
2022,Cameroon vs Brazil,,Brazil,Pedro,89,14.5,56.5,0.1824,miss,assisted,left-foot,false
2022,Cameroon vs Brazil,,Cameroon,Bryan Mbeumo,45,6.9,59.1,0.1611,save,assisted,head,false
2022,Cameroon vs Brazil,,Brazil,Bruno Guimarães,90,5.4,46.6,0.3922,miss,assisted,right-foot,false
2022,Cameroon vs Brazil,,Cameroon,Vincent Aboubakar,51,10.3,68.6,0.0644,miss,assisted,right-foot,false
2022,Cameroon vs Brazil,,Brazil,Bruno Guimarães,73,18.9,50.2,0.0518,miss,assisted,right-foot,false
2022,Cameroon vs Brazil,,Cameroon,Christopher Wooh,81,13.1,50.9,0.0386,miss,corner,right-foot,false
2022,Cameroon vs Brazil,,Brazil,Antony,58,20.3,64.4,0.043,miss,assisted,left-foot,false
2022,Cameroon vs Brazil,,Brazil,Pedro,90,10.7,46.4,0.0498,miss,assisted,head,false
2022,Cameroon vs Brazil,,Brazil,Gabriel Martinelli,56,11.8,28.7,0.0431,save,fast-break,right-foot,false
2022,Cameroon vs Brazil,,Brazil,Gabriel Martinelli,45,17.8,54.3,0.0914,save,regular,right-foot,false
2022,Cameroon vs Brazil,,Brazil,Gabriel Martinelli,90,4.6,47.6,0.2826,miss,assisted,head,false
2022,Cameroon vs Brazil,,Brazil,Fred,2,10.8,46.2,0.2064,miss,assisted,left-foot,false
2022,Cameroon vs Brazil,,Cameroon,Pierre Kunde,54,25.4,20.4,0.0202,miss,assisted,right-foot,false
2022,Cameroon vs Brazil,,Brazil,Rodrygo,30,24.6,52.6,0.0804,block,free-kick,right-foot,false
2022,Cameroon vs Brazil,,Brazil,Dani Alves,34,21.2,31.5,0.07,miss,free-kick,right-foot,false
2022,Cameroon vs Brazil,,Cameroon,Olivier Ntcham,78,26.1,46.6,0.0396,save,assisted,right-foot,false
2022,Cameroon vs Serbia,,Serbia,Filip Kostic,11,11.5,25.3,0.0214,miss,assisted,left-foot,false
2022,Cameroon vs Serbia,,Serbia,Sergej Milinkovic-Savic,45,19.2,57.7,0.0622,goal,assisted,left-foot,true
2022,Cameroon vs Serbia,,Serbia,Aleksandar Mitrovic,45,19.3,59.6,0.109,block,fast-break,right-foot,false
2022,Cameroon vs Serbia,,Serbia,Aleksandar Mitrovic,17,8.8,46.8,0.1362,miss,regular,right-foot,false
2022,Cameroon vs Serbia,,Cameroon,Pierre Kunde,19,11.1,76.7,0.0173,save,assisted,right-foot,false
2022,Cameroon vs Serbia,,Serbia,Nikola Milenković,70,8.5,57.9,0.0451,miss,corner,head,false
2022,Cameroon vs Serbia,,Cameroon,Jean-Charles Castelletto,29,1,53.4,0.9474,goal,corner,right-foot,true
2022,Cameroon vs Serbia,,Cameroon,Pierre Kunde,43,9.8,68.6,0.0833,miss,regular,right-foot,false
2022,Cameroon vs Serbia,,Cameroon,Nicolas N'Koulou,29,4.6,41.5,0.0812,block,corner,head,false
2022,Cameroon vs Serbia,,Serbia,Aleksandar Mitrovic,89,14.9,47.8,0.1011,miss,assisted,right-foot,false
2022,Cameroon vs Serbia,,Cameroon,Vincent Aboubakar,60,13.5,59.4,0.0659,block,assisted,left-foot,false
2022,Cameroon vs Serbia,,Cameroon,Eric Maxim Choupo-Moting,66,8,45.6,0.589,goal,fast-break,left-foot,true
2022,Cameroon vs Serbia,,Serbia,Sergej Milinkovic-Savic,78,22.6,65.5,0.0245,miss,assisted,right-foot,false
2022,Cameroon vs Serbia,,Serbia,Aleksandar Mitrovic,6,9.4,39.4,0.0457,miss,assisted,head,false
2022,Cameroon vs Serbia,,Serbia,Aleksandar Mitrovic,53,6.8,47.8,0.841,goal,assisted,right-foot,true
2022,Cameroon vs Serbia,,Serbia,Aleksandar Mitrovic,11,5,67.7,0.0488,post,assisted,left-foot,false
2022,Cameroon vs Serbia,,Serbia,Sergej Milinkovic-Savic,63,20.8,61.2,0.0855,miss,regular,right-foot,false
2022,Cameroon vs Serbia,,Serbia,Strahinja Pavlović,45,9.8,54.2,0.0708,goal,set-piece,head,true
2022,Cameroon vs Serbia,,Serbia,Aleksandar Mitrovic,76,8,72.1,0.187,save,assisted,right-foot,false
2022,Cameroon vs Serbia,,Serbia,Sasa Lukic,45,14.5,60.3,0.0642,block,corner,right-foot,false
2022,Cameroon vs Serbia,,Cameroon,Karl Toko Ekambi,62,12.4,25,0.0292,save,fast-break,right-foot,false
2022,Cameroon vs Serbia,,Serbia,Marko Grujic,90,25.9,40.6,0.0352,save,assisted,right-foot,false
2022,Cameroon vs Serbia,,Cameroon,Vincent Aboubakar,63,14.3,65.2,0.2955,goal,assisted,right-foot,true
2022,Cameroon vs Serbia,,Cameroon,Vincent Aboubakar,87,23.5,25.9,0.0133,save,assisted,right-foot,false
2022,Cameroon vs Serbia,,Cameroon,Georges-Kévin N'Koudou,90,15.7,15.8,0.0403,save,free-kick,right-foot,false
2022,Cameroon vs Serbia,,Cameroon,Nicolas N'Koulou,16,24.1,41.6,0.024,miss,set-piece,left-foot,false
2022,Cameroon vs Serbia,,Cameroon,Pierre Kunde,43,14.5,70.9,0.081,save,regular,right-foot,false
2022,Cameroon vs Serbia,,Cameroon,Pierre Kunde,20,24.1,63.9,0.0262,block,corner,right-foot,false
2022,Canada vs Morocco,,Morocco,Hakim Ziyech,16,22.1,69,0.023,miss,assisted,left-foot,false
2022,Canada vs Morocco,,Canada,Tajon Buchanan,15,4.8,42.1,0.4459,miss,fast-break,right-foot,false
2022,Canada vs Morocco,,Canada,Alistair Johnston,71,1.6,51.8,0.7615,miss,corner,head,false
2022,Canada vs Morocco,,Morocco,Sofiane Boufal,10,11.2,60.6,0.0456,miss,corner,left-foot,false
2022,Canada vs Morocco,,Canada,Alphonso Davies,58,13.5,52.4,0.0824,miss,assisted,left-foot,false
2022,Canada vs Morocco,,Canada,Mark-Anthony Kaye,3,22.2,52.1,0.0422,block,assisted,left-foot,false
2022,Canada vs Morocco,,Canada,Atiba Hutchinson,71,8,48,0.0792,post,corner,head,false
2022,Canada vs Morocco,,Morocco,Youssef En-Nesyri,23,10.7,65.1,0.2774,goal,assisted,right-foot,true
2022,Canada vs Morocco,,Morocco,Hakim Ziyech,4,29.2,54.5,0.0677,goal,regular,left-foot,true
2022,Canada vs Morocco,,Morocco,Abdelhamid Sabiri,33,11.8,43.7,0.0738,block,assisted,right-foot,false
2022,Canada vs Morocco,,Canada,Nayef Aguerd,40,7,30.7,,goal,regular,right-foot,false
2022,Canada vs Morocco,,Morocco,Abdelhamid Sabiri,9,27.8,50,0.0393,block,free-kick,right-foot,false
2022,Costa Rica vs Germany,,Germany,Joshua Kimmich,35,27.2,72.1,0.021,save,assisted,right-foot,false
2022,Costa Rica vs Germany,,Costa Rica,Keysher Fuller,42,11.4,62.7,0.2556,save,regular,right-foot,false
2022,Costa Rica vs Germany,,Germany,Niclas Füllkrug,89,4.1,50,0.7336,goal,assisted,left-foot,true
2022,Costa Rica vs Germany,,Germany,Leroy Sané,55,26.6,46.4,0.0187,miss,corner,left-foot,false
2022,Costa Rica vs Germany,,Germany,Jamal Musiala,67,19.5,32.8,0.0381,post,assisted,right-foot,false
2022,Costa Rica vs Germany,,Germany,Leon Goretzka,7,10.3,58.8,0.1687,miss,assisted,right-foot,false
2022,Costa Rica vs Germany,,Germany,Serge Gnabry,10,7.7,40.6,0.1402,goal,assisted,head,true
2022,Costa Rica vs Germany,,Germany,Jamal Musiala,2,20.7,35.3,0.0604,save,assisted,right-foot,false
2022,Costa Rica vs Germany,,Costa Rica,Keysher Fuller,52,10.8,70.9,0.0522,block,assisted,right-foot,false
2022,Costa Rica vs Germany,,Germany,Kai Havertz,67,12.8,43.5,0.0778,miss,assisted,right-foot,false
2022,Costa Rica vs Germany,,Germany,Thomas Müller,9,10,53.2,0.1601,miss,assisted,head,false
2022,Costa Rica vs Germany,,Germany,Serge Gnabry,30,14,35.9,0.0392,block,regular,right-foot,false
2022,Costa Rica vs Germany,,Germany,Jamal Musiala,90,10.5,48.5,0.2188,save,assisted,left-foot,false
2022,Costa Rica vs Germany,,Germany,Leon Goretzka,14,6.3,41.2,0.1415,save,assisted,head,false
2022,Costa Rica vs Germany,,Germany,Niclas Füllkrug,90,18,49,0.0505,block,assisted,right-foot,false
2022,Costa Rica vs Germany,,Germany,Jamal Musiala,61,3.3,41.2,0.3538,miss,regular,right-foot,false
2022,Costa Rica vs Germany,,Germany,Serge Gnabry,55,19,33.4,0.0385,block,corner,right-foot,false
2022,Costa Rica vs Germany,,Germany,Jamal Musiala,61,8.2,32.2,0.0746,post,assisted,left-foot,false
2022,Costa Rica vs Germany,,Germany,Thomas Müller,62,11.4,58.1,0.0807,block,assisted,right-foot,false
2022,Costa Rica vs Germany,,Costa Rica,Juan Pablo Vargas,70,2.6,53,0.4083,goal,set-piece,left-foot,true
2022,Costa Rica vs Germany,,Germany,Kai Havertz,74,15.7,43.3,0.0825,miss,regular,left-foot,false
2022,Costa Rica vs Germany,,Germany,Serge Gnabry,39,11.8,37.5,0.1079,miss,assisted,right-foot,false
2022,Costa Rica vs Germany,,Germany,Leroy Sané,45,20.7,57.4,0.0319,miss,assisted,left-foot,false
2022,Costa Rica vs Germany,,Germany,Niclas Füllkrug,76,4.6,55.1,0.6156,save,fast-break,right-foot,false
2022,Costa Rica vs Germany,,Costa Rica,Juan Pablo Vargas,70,4.2,53.9,0.2393,save,set-piece,left-foot,false
2022,Costa Rica vs Germany,,Germany,Niclas Füllkrug,90,2.1,41.7,0.1579,miss,assisted,head,false
2022,Costa Rica vs Germany,,Germany,Kai Havertz,73,11,51.9,0.5809,goal,assisted,right-foot,true
2022,Costa Rica vs Germany,,Germany,Mario Götze,86,12.5,53.6,0.0855,save,regular,head,false
2022,Costa Rica vs Germany,,Costa Rica,Jewison Bennette,80,25.1,59.6,0.0429,miss,assisted,left-foot,false
2022,Costa Rica vs Germany,,Germany,Leroy Sané,45,19.1,54.9,0.0648,block,assisted,left-foot,false
2022,Costa Rica vs Germany,,Costa Rica,Yeltsin Tejeda,52,21.8,62.5,0.0249,save,assisted,right-foot,false
2022,Costa Rica vs Germany,,Germany,Jamal Musiala,90,10.8,45.9,0.0906,block,assisted,right-foot,false
2022,Costa Rica vs Germany,,Germany,Antonio Rüdiger,62,4.1,55,0.4338,post,corner,right-foot,false
2022,Costa Rica vs Germany,,Germany,Thomas Müller,21,8.4,48.7,0.0737,miss,corner,head,false
2022,Costa Rica vs Germany,,Costa Rica,Yeltsin Tejeda,58,4.5,49.4,0.4029,goal,regular,right-foot,true
2022,Costa Rica vs Germany,,Germany,Kai Havertz,85,6.4,46.8,0.5436,goal,assisted,left-foot,true
2022,Costa Rica vs Germany,,Germany,Jamal Musiala,36,12,44.3,0.354,miss,assisted,right-foot,false
2022,Costa Rica vs Germany,,Germany,Jamal Musiala,84,13.8,38.8,0.0849,miss,regular,right-foot,false
2022,Costa Rica vs Germany,,Germany,Kai Havertz,86,8.1,31.4,0.0759,save,assisted,left-foot,false
2022,Costa Rica vs Germany,,Costa Rica,Kendall Waston,58,9.2,56.5,0.1511,save,assisted,head,false
2022,Croatia vs Belgium,,Belgium,Yannick Carrasco,60,7.7,42.1,0.1288,block,assisted,right-foot,false
2022,Croatia vs Belgium,,Croatia,Ivan Perišić,1,16,27.2,0.0276,miss,assisted,right-foot,false
2022,Croatia vs Belgium,,Belgium,Thomas Meunier,87,8.4,66.4,0.1028,miss,regular,right-foot,false
2022,Croatia vs Belgium,,Croatia,Ivan Perišić,45,9.6,46.9,0.07,miss,assisted,head,false
2022,Croatia vs Belgium,,Belgium,Yannick Carrasco,48,18.5,34.7,0.0215,miss,corner,left-foot,false
2022,Croatia vs Belgium,,Croatia,Borna Sosa,50,24.4,46.6,0.0411,miss,corner,left-foot,false
2022,Croatia vs Belgium,,Belgium,Dries Mertens,13,13.4,39,0.3703,miss,fast-break,right-foot,false
2022,Croatia vs Belgium,,Belgium,Romelu Lukaku,60,9.1,56.1,0.1689,post,regular,right-foot,false
2022,Croatia vs Belgium,,Belgium,Yannick Carrasco,11,2.6,34.8,0.097,block,assisted,right-foot,false
2022,Croatia vs Belgium,,Belgium,Dries Mertens,42,4.3,58.8,0.3589,miss,assisted,left-foot,false
2022,Croatia vs Belgium,,Belgium,Romelu Lukaku,87,4.8,51.7,0.4648,miss,assisted,left-foot,false
2022,Croatia vs Belgium,,Croatia,Marcelo Brozovic,33,18.4,46.9,0.0509,block,assisted,left-foot,false
2022,Croatia vs Belgium,,Croatia,Luka Modrić,68,12,47,0.1292,save,assisted,right-foot,false
2022,Croatia vs Belgium,,Belgium,Romelu Lukaku,49,3.7,42.1,0.1169,save,corner,head,false
2022,Croatia vs Belgium,,Croatia,Marcelo Brozovic,54,18.5,47,0.0981,save,assisted,left-foot,false
2022,Croatia vs Belgium,,Belgium,Jan Vertonghen,78,6.4,49,0.1446,block,corner,head,false
2022,Croatia vs Belgium,,Belgium,Kevin De Bruyne,69,7.8,76.7,0.0173,save,assisted,right-foot,false
2022,Croatia vs Belgium,,Belgium,Kevin De Bruyne,51,17.8,38.4,0.0365,miss,assisted,left-foot,false
2022,Croatia vs Belgium,,Belgium,Axel Witsel,25,28.2,43.5,0.0249,block,assisted,right-foot,false
2022,Croatia vs Belgium,,Belgium,Romelu Lukaku,90,3.7,46.1,0.3655,save,assisted,other,false
2022,Croatia vs Belgium,,Belgium,Romelu Lukaku,62,7,51.5,0.6174,miss,regular,head,false
2022,Croatia vs Belgium,,Croatia,Luka Modrić,54,12.8,68.8,0.0311,save,assisted,left-foot,false
2022,Croatia vs Belgium,,Belgium,Yannick Carrasco,10,14.5,33.7,0.0332,block,assisted,right-foot,false
2022,Croatia vs Belgium,,Croatia,Marko Livaja,33,7.7,53,0.1163,miss,assisted,head,false
2022,Croatia vs Belgium,,Croatia,Mateo Kovačić,50,13.8,35.5,0.042,save,assisted,right-foot,false
2022,Croatia vs Belgium,,Croatia,Borna Sosa,45,24.8,28.3,0.0246,miss,assisted,left-foot,false
2022,Croatia vs Belgium,,Croatia,Josip Juranović,45,15.1,67.6,0.0329,miss,regular,right-foot,false
2022,Croatia vs Brazil,Quarterfinals,Brazil,Lucas Paquetá,66,7.2,42.8,0.4604,save,regular,left-foot,false
2022,Croatia vs Brazil,Quarterfinals,Brazil,Pedro,92,6.3,55.8,0.1254,miss,corner,head,false
2022,Croatia vs Brazil,Quarterfinals,Brazil,Pedro,124,11.5,50,0.7884,goal,shootout,right-foot,true
2022,Croatia vs Brazil,Quarterfinals,Brazil,Marquinhos,120,8.4,45.3,0.0779,block,set-piece,head,false
2022,Croatia vs Brazil,Quarterfinals,Brazil,Casemiro,120,4.7,38.8,0.1327,save,set-piece,left-foot,false
2022,Croatia vs Brazil,Quarterfinals,Brazil,Neymar,42,19.4,21.4,0.0411,save,free-kick,right-foot,false
2022,Croatia vs Brazil,Quarterfinals,Brazil,Vinícius Júnior,5,20.4,26.3,0.0303,save,regular,right-foot,false
2022,Croatia vs Brazil,Quarterfinals,Croatia,Ivan Perišić,30,19.1,26.3,0.0221,miss,assisted,right-foot,false
2022,Croatia vs Brazil,Quarterfinals,Brazil,Éder Militão,86,14.1,60.9,0.0515,block,regular,left-foot,false
2022,Croatia vs Brazil,Quarterfinals,Brazil,Rodrygo,121,11.5,50,0.7884,save,shootout,right-foot,false
2022,Croatia vs Brazil,Quarterfinals,Brazil,Neymar,105,2.6,56.9,0.6998,goal,assisted,right-foot,true
2022,Croatia vs Brazil,Quarterfinals,Croatia,Nikola Vlašić,121,11.5,50,0.7884,goal,shootout,right-foot,true
2022,Croatia vs Brazil,Quarterfinals,Brazil,Neymar,55,6.4,33.6,0.1076,save,assisted,left-foot,false
2022,Croatia vs Brazil,Quarterfinals,Brazil,Éder Militão,86,16.4,64.1,0.0404,block,assisted,right-foot,false
2022,Croatia vs Brazil,Quarterfinals,Croatia,Luka Modrić,124,11.5,50,0.7884,goal,shootout,right-foot,true
2022,Croatia vs Brazil,Quarterfinals,Brazil,Danilo,105,23.1,30.1,0.0196,miss,assisted,right-foot,false
2022,Croatia vs Brazil,Quarterfinals,Brazil,Vinícius Júnior,20,15.4,46.3,0.1264,block,assisted,right-foot,false
2022,Croatia vs Brazil,Quarterfinals,Brazil,Casemiro,66,30,27.5,0.0351,block,free-kick,right-foot,false
2022,Croatia vs Brazil,Quarterfinals,Brazil,Pedro,101,13.7,44.3,0.1679,save,assisted,right-foot,false
2022,Croatia vs Brazil,Quarterfinals,Brazil,Casemiro,123,11.5,50,0.7884,goal,shootout,right-foot,true
2022,Croatia vs Brazil,Quarterfinals,Croatia,Nikola Vlašić,85,12.7,69.9,0.0476,block,throw-in-set-piece,right-foot,false
2022,Croatia vs Brazil,Quarterfinals,Croatia,Bruno Petkovic,117,14.1,49.3,0.1169,goal,assisted,left-foot,true
2022,Croatia vs Brazil,Quarterfinals,Croatia,Mislav Oršić,125,11.5,50,0.7884,goal,shootout,right-foot,true
2022,Croatia vs Brazil,Quarterfinals,Brazil,Casemiro,23,21.9,59.3,0.0334,block,assisted,right-foot,false
2022,Croatia vs Brazil,Quarterfinals,Brazil,Éder Militão,67,16.5,64.7,0.0253,block,corner,right-foot,false
2022,Croatia vs Brazil,Quarterfinals,Brazil,Neymar,76,6,35.1,0.2167,save,assisted,left-foot,false
2022,Croatia vs Brazil,Quarterfinals,Croatia,Lovro Majer,120,28,71.3,0.0201,miss,assisted,left-foot,false
2022,Croatia vs Brazil,Quarterfinals,Croatia,Lovro Majer,122,11.5,50,0.7884,goal,shootout,left-foot,true
2022,Croatia vs Brazil,Quarterfinals,Croatia,Ivan Perišić,13,7.3,51.5,0.1838,miss,assisted,right-foot,false
2022,Croatia vs Brazil,Quarterfinals,Brazil,Marquinhos,126,11.5,50,0.7884,post,shootout,right-foot,false
2022,Croatia vs Brazil,Quarterfinals,Brazil,Richarlison,82,11.2,52.1,0.0466,miss,assisted,head,false
2022,Croatia vs Brazil,Quarterfinals,Croatia,Marcelo Brozovic,103,14.5,57.3,0.0929,miss,assisted,right-foot,false
2022,Croatia vs Brazil,Quarterfinals,Brazil,Lucas Paquetá,80,14.3,41,0.06,save,assisted,left-foot,false
2022,Croatia vs Brazil,Quarterfinals,Croatia,Andrej Kramarić,71,18.4,69,0.0231,block,assisted,left-foot,false
2022,Croatia vs Brazil,Quarterfinals,Croatia,Andrej Kramarić,19,19.9,31.8,0.0326,block,assisted,right-foot,false
2022,Croatia vs Brazil,Quarterfinals,Brazil,Neymar,21,10.8,32.4,0.0385,save,assisted,right-foot,false
2022,Croatia vs Brazil,Quarterfinals,Brazil,Antony,90,23.8,69.7,0.018,save,assisted,left-foot,false
2022,Croatia vs Brazil,Quarterfinals,Croatia,Ivan Perišić,51,7.9,48.2,0.0874,miss,corner,head,false
2022,Croatia vs Canada,,Croatia,Marko Livaja,35,9.1,64.3,0.0685,save,assisted,right-foot,false
2022,Croatia vs Canada,,Croatia,Andrej Kramarić,70,13.1,58.5,0.1943,goal,assisted,left-foot,true
2022,Croatia vs Canada,,Canada,Alphonso Davies,2,9.3,45.5,0.1398,goal,assisted,head,true
2022,Croatia vs Canada,,Canada,Junior Hoilett,90,20.8,31,0.0259,miss,regular,right-foot,false
2022,Croatia vs Canada,,Canada,Junior Hoilett,90,22.1,38.4,0.0344,block,regular,right-foot,false
2022,Croatia vs Canada,,Croatia,Andrej Kramarić,54,12.1,55.5,0.1974,save,assisted,right-foot,false
2022,Croatia vs Canada,,Canada,Tajon Buchanan,58,19.7,67.4,0.0352,block,assisted,right-foot,false
2022,Croatia vs Canada,,Croatia,Andrej Kramarić,72,4.8,58.1,0.3203,miss,assisted,left-foot,false
2022,Croatia vs Canada,,Croatia,Ivan Perišić,82,22.9,33.6,0.0398,miss,regular,left-foot,false
2022,Croatia vs Canada,,Croatia,Marcelo Brozovic,78,9.3,55.5,0.2899,save,assisted,left-foot,false
2022,Croatia vs Canada,,Canada,Junior Hoilett,77,27.1,35.9,0.0267,miss,assisted,right-foot,false
2022,Croatia vs Canada,,Croatia,Marko Livaja,44,18.3,46.6,0.133,goal,assisted,right-foot,true
2022,Croatia vs Canada,,Croatia,Andrej Kramarić,36,4.8,35.1,0.2654,goal,assisted,left-foot,true
2022,Croatia vs Canada,,Croatia,Mislav Oršić,90,20.8,46,0.0674,save,assisted,right-foot,false
2022,Croatia vs Canada,,Croatia,Ivan Perišić,78,3.4,33,0.046,save,assisted,left-foot,false
2022,Croatia vs Canada,,Croatia,Andrej Kramarić,45,20.9,39.6,0.0767,miss,assisted,left-foot,false
2022,Croatia vs Canada,,Canada,Jonathan David,56,22.6,50.5,0.0599,save,assisted,right-foot,false
2022,Croatia vs Canada,,Canada,Jonathan Osorio,49,20.9,63.7,0.0649,miss,assisted,right-foot,false
2022,Croatia vs Canada,,Croatia,Marko Livaja,22,8.4,46.6,0.375,save,assisted,right-foot,false
2022,Croatia vs Canada,,Croatia,Lovro Majer,90,9.2,55.3,0.5564,goal,fast-break,left-foot,true
2022,Croatia vs Canada,,Canada,Alphonso Davies,63,19.2,73.4,0.0611,block,free-kick,left-foot,false
2022,Croatia vs Morocco,Match for 3rd place,Morocco,Youssef En-Nesyri,75,3.6,60.1,0.2035,save,regular,left-foot,false
2022,Croatia vs Morocco,Match for 3rd place,Croatia,Andrej Kramarić,18,8.7,43.9,0.0802,save,assisted,head,false
2022,Croatia vs Morocco,Match for 3rd place,Morocco,Jawad El Yamiq,65,9.8,49.1,0.07,block,assisted,head,false
2022,Croatia vs Morocco,Match for 3rd place,Croatia,Mislav Oršić,10,19.7,28.7,0.023,miss,assisted,right-foot,false
2022,Croatia vs Morocco,Match for 3rd place,Morocco,Hakim Ziyech,40,27.2,66.6,0.0162,miss,assisted,left-foot,false
2022,Croatia vs Morocco,Match for 3rd place,Croatia,Luka Modrić,24,18.7,62.5,0.0493,save,assisted,left-foot,false
2022,Croatia vs Morocco,Match for 3rd place,Morocco,Youssef En-Nesyri,37,2.3,59.1,0.0989,miss,corner,head,false
2022,Croatia vs Morocco,Match for 3rd place,Croatia,Mislav Oršić,47,20.5,32.1,0.0304,block,assisted,right-foot,false
2022,Croatia vs Morocco,Match for 3rd place,Morocco,Hakim Ziyech,90,27.5,61.6,0.0176,miss,assisted,left-foot,false
2022,Croatia vs Morocco,Match for 3rd place,Morocco,Sofiane Boufal,33,6.9,34.2,0.0527,miss,regular,left-foot,false
2022,Croatia vs Morocco,Match for 3rd place,Croatia,Mislav Oršić,55,29.5,32.6,0.0084,miss,corner,right-foot,false
2022,Croatia vs Morocco,Match for 3rd place,Croatia,Josip Stanišić,14,24.9,50.3,0.0221,miss,regular,right-foot,false
2022,Croatia vs Morocco,Match for 3rd place,Croatia,Marko Livaja,45,27.4,49.5,0.0199,block,assisted,right-foot,false
2022,Croatia vs Morocco,Match for 3rd place,Croatia,Nikola Vlašić,71,26.4,44.7,0.0225,miss,regular,right-foot,false
2022,Croatia vs Morocco,Match for 3rd place,Morocco,Youssef En-Nesyri,90,8.7,58,0.0499,miss,assisted,head,false
2022,Croatia vs Morocco,Match for 3rd place,Croatia,Mislav Oršić,18,13.5,47,0.0813,block,assisted,right-foot,false
2022,Croatia vs Morocco,Match for 3rd place,Croatia,Mislav Oršić,42,13.1,24.3,0.0274,goal,assisted,right-foot,true
2022,Croatia vs Morocco,Match for 3rd place,Croatia,Mateo Kovačić,87,8.8,34.5,0.2485,miss,assisted,left-foot,false
2022,Croatia vs Morocco,Match for 3rd place,Croatia,Joško Gvardiol,7,11.5,46.6,0.0494,goal,set-piece,head,true
2022,Croatia vs Morocco,Match for 3rd place,Morocco,Achraf Dari,9,3.6,50.2,0.6327,goal,set-piece,head,true
2022,Croatia vs Morocco,Match for 3rd place,Morocco,Youssef En-Nesyri,90,10.6,48.6,0.0486,block,set-piece,head,false
2022,Denmark vs Tunisia,,Tunisia,Ellyes Skhiri,43,19,49.1,0.0415,miss,corner,left-foot,false
2022,Denmark vs Tunisia,,Denmark,Christian Eriksen,69,20.7,46.7,0.0975,save,assisted,left-foot,false
2022,Denmark vs Tunisia,,Denmark,Joachim Andersen,23,19.4,37.1,0.0214,save,corner,left-foot,false
2022,Denmark vs Tunisia,,Tunisia,Issam Jebali,46,7.1,63.9,0.0188,miss,corner,head,false
2022,Denmark vs Tunisia,,Tunisia,Youssef Msakni,3,24.4,66.6,0.0358,block,assisted,right-foot,false
2022,Denmark vs Tunisia,,Tunisia,Mohamed Dräger,11,27.3,59.8,0.0185,block,assisted,right-foot,false
2022,Denmark vs Tunisia,,Denmark,Andreas Cornelius,70,0.7,54,0.8104,post,corner,head,false
2022,Denmark vs Tunisia,,Denmark,Mathias Jensen,76,15.6,31.2,0.0404,miss,assisted,right-foot,false
2022,Denmark vs Tunisia,,Tunisia,Youssef Msakni,46,5.7,64.9,0.0334,miss,corner,right-foot,false
2022,Denmark vs Tunisia,,Denmark,Kasper Dolberg,23,4.7,42.9,0.143,block,corner,right-foot,false
2022,Denmark vs Tunisia,,Tunisia,Dylan Bronn,53,15.5,47.4,0.0723,block,corner,right-foot,false
2022,Denmark vs Tunisia,,Tunisia,Issam Jebali,5,7.6,68,0.0449,block,regular,left-foot,false
2022,Denmark vs Tunisia,,Tunisia,Mohamed Dräger,51,25.9,62,0.027,block,corner,right-foot,false
2022,Denmark vs Tunisia,,Denmark,Pierre Emile Hojbjerg,33,24.8,23.7,0.0125,save,corner,right-foot,false
2022,Denmark vs Tunisia,,Denmark,Kasper Dolberg,57,4.1,42.4,0.1683,miss,assisted,head,false
2022,Denmark vs Tunisia,,Tunisia,Ellyes Skhiri,52,20.1,52.6,0.0271,block,corner,right-foot,false
2022,Denmark vs Tunisia,,Tunisia,Issam Jebali,42,7.7,52.9,0.4653,save,assisted,right-foot,false
2022,Denmark vs Tunisia,,Denmark,Andreas Cornelius,90,10.8,59.3,0.0179,save,corner,head,false
2022,Denmark vs Tunisia,,Tunisia,Youssef Msakni,12,4.6,33,0.0211,miss,corner,head,false
2022,Denmark vs Tunisia,,Denmark,Joakim Mæhle,90,22.9,37.7,0.0201,block,assisted,right-foot,false
2022,Denmark vs Tunisia,,Tunisia,Aissa Laïdouni,39,4.1,65.3,0.0377,miss,corner,right-foot,false
2022,Denmark vs Tunisia,,Tunisia,Yassine Meriah,39,8.1,57.5,0.0716,block,corner,right-foot,false
2022,Denmark vs Tunisia,,Denmark,Andreas Christensen,70,4.3,43.7,0.1249,block,corner,head,false
2022,Denmark vs Tunisia,,Denmark,Andreas Cornelius,90,7.1,47.4,0.1406,save,throw-in-set-piece,head,false
2022,Ecuador vs Senegal,,Ecuador,Moisés Caicedo,67,2,45.5,0.4477,goal,corner,right-foot,true
2022,Ecuador vs Senegal,,Senegal,Iliman Ndiaye,45,12.4,56.1,0.0892,block,regular,left-foot,false
2022,Ecuador vs Senegal,,Senegal,Idrissa Gana Gueye,3,11.8,56.7,0.1623,miss,assisted,right-foot,false
2022,Ecuador vs Senegal,,Senegal,Kalidou Koulibaly,70,5.7,54.9,0.447,goal,set-piece,right-foot,true
2022,Ecuador vs Senegal,,Ecuador,José Cifuentes,49,26.1,64.9,0.0178,save,assisted,right-foot,false
2022,Ecuador vs Senegal,,Ecuador,Félix Torres,67,7.4,53.9,0.1157,miss,corner,head,false
2022,Ecuador vs Senegal,,Senegal,Boulaye Dia,82,18.1,71.1,0.0279,miss,assisted,right-foot,false
2022,Ecuador vs Senegal,,Ecuador,Michael Estrada,57,12.2,48,0.0566,miss,assisted,head,false
2022,Ecuador vs Senegal,,Ecuador,Gonzalo Plata,76,11.8,52,0.0792,save,assisted,left-foot,false
2022,Ecuador vs Senegal,,Senegal,Ismaïla Sarr,24,13.8,29.9,0.0303,block,assisted,right-foot,false
2022,Ecuador vs Senegal,,Senegal,Kalidou Koulibaly,79,8.2,57,0.0468,miss,corner,head,false
2022,Ecuador vs Senegal,,Senegal,Ismaïla Sarr,44,11.5,50,0.7884,goal,penalty,right-foot,true
2022,Ecuador vs Senegal,,Senegal,Abdou Diallo,25,13.4,53.3,0.0272,miss,corner,head,false
2022,Ecuador vs Senegal,,Senegal,Boulaye Dia,8,10.5,64.5,0.293,miss,assisted,right-foot,false
2022,Ecuador vs Senegal,,Ecuador,Jeremy Sarmiento,89,12.8,43.1,0.0654,save,assisted,head,false
2022,Ecuador vs Senegal,,Senegal,Pape Gueye,25,24.4,44,0.0259,block,corner,left-foot,false
2022,Ecuador vs Senegal,,Ecuador,Jackson Porozo,90,13,45.8,0.0515,miss,assisted,head,false
2022,Ecuador vs Senegal,,Ecuador,Enner Valencia,10,22.8,49.3,0.0451,block,set-piece,right-foot,false
2022,Ecuador vs Senegal,,Senegal,Iliman Ndiaye,12,19.8,64.3,0.0413,miss,regular,left-foot,false
2022,Ecuador vs Senegal,,Senegal,Pathé Ismaël Ciss,37,11.2,45,0.0359,miss,set-piece,head,false
2022,Ecuador vs Senegal,,Ecuador,Enner Valencia,10,26.9,53.8,0.0495,block,free-kick,right-foot,false
2022,Ecuador vs Senegal,,Senegal,Pape Gueye,88,15.5,70.1,0.0395,save,set-piece,right-foot,false
2022,Ecuador vs Senegal,,Senegal,Ismaïla Sarr,11,18.3,48.4,0.0846,block,corner,right-foot,false
2022,England vs France,Quarterfinals,England,Marcus Rashford,90,21.6,41.8,0.08,miss,free-kick,right-foot,false
2022,England vs France,Quarterfinals,England,Jordan Henderson,52,18.8,70.9,0.0254,block,regular,right-foot,false
2022,England vs France,Quarterfinals,France,Ousmane Dembélé,61,20.5,67.2,0.0321,block,assisted,left-foot,false
2022,England vs France,Quarterfinals,England,Bukayo Saka,60,14.1,58.7,0.0646,save,assisted,right-foot,false
2022,England vs France,Quarterfinals,England,Luke Shaw,21,22.5,70.5,0.0515,save,free-kick,left-foot,false
2022,England vs France,Quarterfinals,England,Harry Kane,62,20.9,71.1,0.0234,save,assisted,left-foot,false
2022,England vs France,Quarterfinals,France,Olivier Giroud,75,8.8,58.5,0.0452,miss,assisted,head,false
2022,England vs France,Quarterfinals,England,Harry Kane,84,11.5,50,0.7884,miss,penalty,right-foot,false
2022,England vs France,Quarterfinals,England,Phil Foden,4,18.8,49.5,0.0389,block,assisted,left-foot,false
2022,England vs France,Quarterfinals,England,Harry Maguire,70,12,43.4,0.0982,post,set-piece,head,false
2022,England vs France,Quarterfinals,England,Luke Shaw,71,9.7,24.7,0.0185,block,assisted,left-foot,false
2022,England vs France,Quarterfinals,England,Mason Mount,88,28.5,57.3,0.0251,miss,assisted,right-foot,false
2022,England vs France,Quarterfinals,England,Harry Kane,54,11.5,50,0.7884,goal,penalty,right-foot,true
2022,England vs France,Quarterfinals,England,Harry Maguire,48,4.1,37.1,0.0403,block,corner,head,false
2022,England vs France,Quarterfinals,England,Harry Kane,29,22.5,71.7,0.0297,save,assisted,right-foot,false
2022,England vs France,Quarterfinals,England,Jude Bellingham,47,18.7,54.6,0.0335,save,corner,right-foot,false
2022,England vs France,Quarterfinals,England,Harry Kane,22,5.3,67.2,0.1635,save,assisted,right-foot,false
2022,England vs France,Quarterfinals,England,Jude Bellingham,22,3.3,42.5,0.1645,block,assisted,head,false
2022,England vs France,Quarterfinals,France,Adrien Rabiot,55,23.9,53,0.074,save,assisted,left-foot,false
2022,England vs France,Quarterfinals,France,Olivier Giroud,11,9.1,48.9,0.1521,save,assisted,head,false
2022,England vs France,Quarterfinals,France,Kylian Mbappé,39,11.9,43.8,0.1325,miss,set-piece,left-foot,false
2022,England vs France,Quarterfinals,France,Olivier Giroud,78,5.3,49.3,0.1712,goal,corner,head,true
2022,England vs France,Quarterfinals,France,Olivier Giroud,77,8.3,52.1,0.3786,save,assisted,left-foot,false
2022,England vs France,Quarterfinals,France,Aurélien Tchouaméni,17,26.1,53.4,0.0266,goal,assisted,right-foot,true
2022,England vs Iran,,Iran,Alireza Jahanbakhsh,45,12,60.2,0.1321,miss,fast-break,right-foot,false
2022,England vs Iran,,England,Bukayo Saka,43,13.9,48,0.0335,goal,corner,left-foot,true
2022,England vs Iran,,Iran,Mehdi Taremi,77,12.7,68.6,0.1175,miss,fast-break,right-foot,false
2022,England vs Iran,,England,Luke Shaw,59,20.9,30.1,0.0284,block,regular,left-foot,false
2022,England vs Iran,,England,Raheem Sterling,45,8.1,54,0.3655,goal,assisted,right-foot,true
2022,England vs Iran,,Iran,Sardar Azmoun,90,9,38.8,0.5013,save,assisted,right-foot,false
2022,England vs Iran,,England,Mason Mount,30,6.5,60.6,0.0976,miss,assisted,right-foot,false
2022,England vs Iran,,England,Marcus Rashford,71,9.4,61.6,0.3684,goal,assisted,left-foot,true
2022,England vs Iran,,Iran,Ahmad Nourollahi,70,21.6,41.7,0.028,miss,assisted,left-foot,false
2022,England vs Iran,,England,Marcus Rashford,84,11.5,66.4,0.0689,block,assisted,left-foot,false
2022,England vs Iran,,Iran,Mehdi Taremi,65,10.3,60.5,0.1192,goal,assisted,right-foot,true
2022,England vs Iran,,England,Jack Grealish,90,7.7,50,0.6483,goal,assisted,right-foot,true
2022,England vs Iran,,England,Bukayo Saka,62,13.5,56.1,0.1441,goal,assisted,left-foot,true
2022,England vs Iran,,England,Harry Maguire,8,4,34.2,0.1083,miss,set-piece,left-foot,false
2022,England vs Iran,,England,Jude Bellingham,35,7.9,47.2,0.1067,goal,assisted,head,true
2022,England vs Iran,,Iran,Saeid Ezatolahi,61,31.8,48.7,0.0204,miss,assisted,right-foot,false
2022,England vs Iran,,England,Harry Maguire,32,9.3,50.3,0.0561,block,corner,head,false
2022,England vs Iran,,England,Bukayo Saka,27,18.2,69.9,0.0349,save,assisted,left-foot,false
2022,England vs Iran,,England,Kieran Trippier,51,24.2,32.8,0.0482,block,free-kick,right-foot,false
2022,England vs Iran,,Iran,Mahdi Torabi,70,15.2,39,0.0443,block,assisted,right-foot,false
2022,England vs Iran,,Iran,Mehdi Taremi,90,11.5,50,0.7884,goal,penalty,right-foot,true
2022,England vs Senegal,Round of 16,Senegal,Boulaye Dia,22,10.8,53.2,0.0761,block,assisted,right-foot,false
2022,England vs Senegal,Round of 16,England,Marcus Rashford,90,3.3,59.7,0.1833,miss,assisted,right-foot,false
2022,England vs Senegal,Round of 16,England,Bukayo Saka,54,11.9,68.4,0.0476,miss,assisted,right-foot,false
2022,England vs Senegal,Round of 16,Senegal,Pape Gueye,87,21.2,66.8,0.0203,block,assisted,left-foot,false
2022,England vs Senegal,Round of 16,Senegal,Pape Matar Sarr,89,25.7,43.3,0.0311,miss,assisted,right-foot,false
2022,England vs Senegal,Round of 16,England,Harry Kane,45,12.6,64.8,0.2429,goal,fast-break,right-foot,true
2022,England vs Senegal,Round of 16,Senegal,Ismaïla Sarr,22,4.3,49.7,0.3163,miss,regular,right-foot,false
2022,England vs Senegal,Round of 16,Senegal,Pape Matar Sarr,69,27.3,43.9,0.0189,block,assisted,right-foot,false
2022,England vs Senegal,Round of 16,England,Harry Kane,41,9.7,50.7,0.1994,miss,assisted,right-foot,false
2022,England vs Senegal,Round of 16,England,John Stones,21,7.7,55.9,0.0888,miss,corner,other,false
2022,England vs Senegal,Round of 16,England,Jordan Henderson,39,12.4,45.3,0.1384,goal,assisted,left-foot,true
2022,England vs Senegal,Round of 16,Senegal,Ahmadou Bamba Dieng,90,24.2,68.8,0.0474,block,free-kick,right-foot,false
2022,England vs Senegal,Round of 16,Senegal,Ismaïla Sarr,84,8,47,0.1233,miss,assisted,head,false
2022,England vs Senegal,Round of 16,England,Bukayo Saka,57,9.9,45.5,0.1013,goal,assisted,left-foot,true
2022,England vs Senegal,Round of 16,England,Harry Kane,56,26.1,34.2,0.0176,save,assisted,right-foot,false
2022,England vs Senegal,Round of 16,Senegal,Pape Matar Sarr,74,28.6,63.3,0.0328,miss,free-kick,right-foot,false
2022,England vs Senegal,Round of 16,Senegal,Pape Matar Sarr,50,26.8,41.6,0.0383,miss,regular,left-foot,false
2022,England vs Senegal,Round of 16,Senegal,Boulaye Dia,32,6.8,34.6,0.0946,save,assisted,left-foot,false
2022,England vs USA,,England,Bukayo Saka,45,7.7,46,0.2148,miss,assisted,left-foot,false
2022,England vs USA,,USA,Haji Wright,49,14,36.4,0.086,block,fast-break,right-foot,false
2022,England vs USA,,USA,Christian Pulišić,33,12.7,28.1,0.0341,post,assisted,left-foot,false
2022,England vs USA,,England,Harry Kane,90,8.1,46.6,0.1695,miss,set-piece,head,false
2022,England vs USA,,USA,Weston McKennie,26,10.3,44,0.1955,miss,assisted,right-foot,false
2022,England vs USA,,England,Mason Mount,11,26.5,28.5,0.014,miss,corner,right-foot,false
2022,England vs USA,,England,Marcus Rashford,87,14.4,23.9,0.0301,save,assisted,right-foot,false
2022,England vs USA,,England,Mason Mount,45,18.5,39.6,0.0748,save,regular,right-foot,false
2022,England vs USA,,USA,Haji Wright,17,11.2,54.8,0.0435,miss,assisted,head,false
2022,England vs USA,,USA,Yunus Musah,29,25.5,30.7,0.0242,save,assisted,right-foot,false
2022,England vs USA,,England,John Stones,10,9.8,47.6,0.0441,miss,corner,head,false
2022,England vs USA,,USA,Weston McKennie,49,18.9,69.5,0.0614,miss,fast-break,right-foot,false
2022,England vs USA,,USA,Sergiño Dest,41,9.3,60.2,0.0836,block,assisted,left-foot,false
2022,England vs USA,,England,Harry Kane,10,10.4,53.8,0.1706,block,assisted,right-foot,false
2022,England vs USA,,USA,Christian Pulišić,62,24.3,50.3,0.0232,block,assisted,left-foot,false
2022,England vs USA,,USA,Christian Pulišić,58,20.2,28.3,0.0163,block,assisted,right-foot,false
2022,England vs USA,,England,Harry Maguire,90,9.1,44.8,0.0487,save,corner,head,false
2022,England vs USA,,USA,Christian Pulišić,43,9,54.8,0.0636,miss,assisted,other,false
2022,France vs Australia,,France,Kylian Mbappé,64,11.7,30.7,0.0402,block,assisted,right-foot,false
2022,France vs Australia,,Australia,Mitchell Duke,22,26.4,58.5,0.0219,miss,regular,right-foot,false
2022,France vs Australia,,France,Kylian Mbappé,45,7,50.5,0.4686,miss,assisted,right-foot,false
2022,France vs Australia,,France,Olivier Giroud,50,7.9,53.3,0.1911,miss,assisted,left-foot,false
2022,France vs Australia,,Australia,Jackson Irvine,45,8.5,55,0.2018,post,assisted,head,false
2022,France vs Australia,,France,Theo Hernández,90,5.4,42.3,0.1038,save,assisted,head,false
2022,France vs Australia,,France,Antoine Griezmann,26,6.3,67.5,0.0562,block,assisted,right-foot,false
2022,France vs Australia,,France,Kylian Mbappé,61,10.4,40.8,0.1224,block,assisted,right-foot,false
2022,France vs Australia,,France,Olivier Giroud,71,5.4,51.1,0.3826,goal,assisted,head,true
2022,France vs Australia,,France,Ousmane Dembélé,40,13.2,47.6,0.1842,miss,assisted,right-foot,false
2022,France vs Australia,,France,Ousmane Dembélé,2,23.8,60.1,0.0131,block,corner,left-foot,false
2022,France vs Australia,,France,Olivier Giroud,32,9.4,50.5,0.805,goal,assisted,right-foot,true
2022,France vs Australia,,France,Kylian Mbappé,68,4.8,50.7,0.4536,goal,assisted,head,true
2022,France vs Australia,,France,Antoine Griezmann,42,20.1,59.8,0.0465,miss,assisted,left-foot,false
2022,France vs Australia,,France,Ibrahima Konaté,63,6.8,48.5,0.1432,miss,corner,head,false
2022,France vs Australia,,France,Aurélien Tchouaméni,50,22.4,51.3,0.0587,block,regular,right-foot,false
2022,France vs Australia,,Australia,Craig Goodwin,9,5,39.2,0.2516,goal,assisted,left-foot,true
2022,France vs Australia,,France,Olivier Giroud,29,7.8,51.3,0.1812,miss,corner,head,false
2022,France vs Australia,,France,Adrien Rabiot,27,8.6,54,0.1768,goal,corner,head,true
2022,France vs Australia,,France,Olivier Giroud,37,14.2,47.4,0.1567,miss,regular,right-foot,false
2022,France vs Australia,,France,Kylian Mbappé,67,4.2,30.4,0.0542,miss,assisted,left-foot,false
2022,France vs Australia,,France,Ibrahima Konaté,90,6.7,52.6,0.2246,save,corner,head,false
2022,France vs Australia,,Australia,Riley McGree,3,27.1,50.7,0.0481,miss,regular,right-foot,false
2022,France vs Australia,,France,Antoine Griezmann,67,14.4,46.4,0.2117,block,assisted,left-foot,false
2022,France vs Australia,,France,Kylian Mbappé,37,15.1,60,0.0542,miss,assisted,right-foot,false
2022,France vs Australia,,France,Kylian Mbappé,62,11.2,40.4,0.0651,block,regular,left-foot,false
2022,France vs Australia,,France,Theo Hernández,13,26.6,40.7,0.0134,miss,corner,left-foot,false
2022,France vs Denmark,,Denmark,Jesper Lindstrøm,73,11.4,40.2,0.1571,save,assisted,right-foot,false
2022,France vs Denmark,,France,Antoine Griezmann,60,15.2,47.9,0.29,miss,assisted,left-foot,false
2022,France vs Denmark,,France,Ousmane Dembélé,6,20.8,48.5,0.0339,block,assisted,right-foot,false
2022,France vs Denmark,,France,Jules Koundé,30,9.5,68.6,0.0651,block,assisted,right-foot,false
2022,France vs Denmark,,Denmark,Joakim Mæhle,90,27.6,52.2,0.0194,miss,throw-in-set-piece,right-foot,false
2022,France vs Denmark,,Denmark,Joachim Andersen,89,25,66.1,0.015,block,assisted,left-foot,false
2022,France vs Denmark,,France,Raphaël Varane,13,7.3,55.7,0.0883,miss,corner,head,false
2022,France vs Denmark,,France,Kylian Mbappé,40,13.9,53.3,0.1577,miss,assisted,right-foot,false
2022,France vs Denmark,,France,Jules Koundé,79,8.1,50.5,0.0792,block,corner,head,false
2022,France vs Denmark,,Denmark,Joachim Andersen,68,8.1,56,0.0537,miss,corner,head,false
2022,France vs Denmark,,France,Kylian Mbappé,90,19.3,31.3,0.0758,save,fast-break,right-foot,false
2022,France vs Denmark,,France,Adrien Rabiot,21,9.3,54.6,0.0788,save,set-piece,head,false
2022,France vs Denmark,,France,Ousmane Dembélé,33,10.5,59.4,0.071,block,assisted,left-foot,false
2022,France vs Denmark,,Denmark,Pierre Emile Hojbjerg,84,27.5,59.8,0.0145,miss,assisted,right-foot,false
2022,France vs Denmark,,Denmark,Martin Braithwaite,81,10.3,60,0.0692,post,assisted,right-foot,false
2022,France vs Denmark,,France,Kylian Mbappé,61,8.3,40.1,0.0869,goal,assisted,right-foot,true
2022,France vs Denmark,,Denmark,Andreas Christensen,68,6.1,48.2,0.2387,goal,corner,head,true
2022,France vs Denmark,,France,Adrien Rabiot,10,4.9,56.3,0.1538,block,assisted,head,false
2022,France vs Denmark,,Denmark,Christian Eriksen,45,33,52.7,0.0204,miss,regular,right-foot,false
2022,France vs Denmark,,France,Kylian Mbappé,56,13.6,32.2,0.0499,save,assisted,left-foot,false
2022,France vs Denmark,,France,Kylian Mbappé,45,21.9,24.4,0.041,block,assisted,right-foot,false
2022,France vs Denmark,,Denmark,Christian Eriksen,74,25.2,53.9,0.0216,block,corner,left-foot,false
2022,France vs Denmark,,France,Adrien Rabiot,34,18.2,25.5,0.0356,block,regular,left-foot,false
2022,France vs Denmark,,France,Olivier Giroud,37,9.5,56.3,0.051,miss,assisted,head,false
2022,France vs Denmark,,France,Aurélien Tchouaméni,33,19.5,48.9,0.0368,block,assisted,right-foot,false
2022,France vs Denmark,,Denmark,Andreas Cornelius,36,13.8,70.9,0.0322,miss,fast-break,right-foot,false
2022,France vs Denmark,,France,Kylian Mbappé,86,2,46.4,0.631,goal,assisted,right-foot,true
2022,France vs Denmark,,France,Antoine Griezmann,33,3.6,28.7,0.0262,save,assisted,left-foot,false
2022,France vs Denmark,,France,Olivier Giroud,15,7.9,49.7,0.1209,miss,regular,head,false
2022,France vs Denmark,,France,Adrien Rabiot,80,7.5,63.7,0.0923,miss,corner,left-foot,false
2022,France vs Denmark,,France,Aurélien Tchouaméni,78,5.4,47.2,0.1595,block,corner,head,false
2022,France vs Morocco,Semifinals,Morocco,Hakim Ziyech,17,11.7,69.3,0.0438,miss,assisted,right-foot,false
2022,France vs Morocco,Semifinals,France,Kylian Mbappé,5,11.9,57.9,0.0805,block,assisted,left-foot,false
2022,France vs Morocco,Semifinals,Morocco,Sofiane Boufal,44,20.4,39.7,0.0368,miss,corner,right-foot,false
2022,France vs Morocco,Semifinals,France,Kylian Mbappé,36,8.7,38.8,0.4957,block,fast-break,right-foot,false
2022,France vs Morocco,Semifinals,France,Randal Kolo Muani,79,3.5,54.2,0.6888,goal,regular,right-foot,true
2022,France vs Morocco,Semifinals,France,Olivier Giroud,35,9.1,58.7,0.0271,block,corner,head,false
2022,France vs Morocco,Semifinals,France,Youssouf Fofana,74,7.4,31,0.0352,miss,assisted,left-foot,false
2022,France vs Morocco,Semifinals,Morocco,Sofyan Amrabat,54,25.1,44.7,0.0296,miss,regular,right-foot,false
2022,France vs Morocco,Semifinals,Morocco,Azzedine Ounahi,90,22.8,61.6,0.039,block,corner,left-foot,false
2022,France vs Morocco,Semifinals,France,Olivier Giroud,17,11.7,33.6,0.0794,post,assisted,left-foot,false
2022,France vs Morocco,Semifinals,Morocco,Azzedine Ounahi,10,22.9,29.6,0.0257,save,assisted,right-foot,false
2022,France vs Morocco,Semifinals,Morocco,Jawad El Yamiq,44,12,39,0.0328,save,corner,right-foot,false
2022,France vs Morocco,Semifinals,Morocco,Achraf Hakimi,26,23.6,73.8,0.0164,block,assisted,right-foot,false
2022,France vs Morocco,Semifinals,France,Youssouf Fofana,35,14.3,58.2,0.0594,miss,corner,left-foot,false
2022,France vs Morocco,Semifinals,Morocco,Yahia Attiyat Allah,53,9.5,47.2,0.1433,miss,regular,right-foot,false
2022,France vs Morocco,Semifinals,Morocco,Zakaria Aboukhlal,86,12.4,54,0.0366,miss,assisted,head,false
2022,France vs Morocco,Semifinals,Morocco,Abderrazak Hamdallah,90,3.9,46.2,0.3393,block,regular,left-foot,false
2022,France vs Morocco,Semifinals,Morocco,Azzedine Ounahi,90,9.4,53.3,0.1359,block,assisted,right-foot,false
2022,France vs Morocco,Semifinals,France,Kylian Mbappé,79,10.7,36.1,0.0611,block,assisted,right-foot,false
2022,France vs Morocco,Semifinals,France,Marcus Thuram,71,4.7,53.8,0.2156,miss,set-piece,head,false
2022,France vs Morocco,Semifinals,Morocco,Abdessamad Ezzalzouli,90,11.9,39.8,0.0647,block,regular,right-foot,false
2022,France vs Morocco,Semifinals,France,Jules Koundé,47,24.4,69.7,0.0182,block,assisted,right-foot,false
2022,France vs Morocco,Semifinals,France,Aurélien Tchouaméni,33,22.2,39,0.0475,block,assisted,right-foot,false
2022,France vs Morocco,Semifinals,France,Theo Hernández,5,3.8,39.2,0.1243,goal,regular,left-foot,true
2022,France vs Morocco,Semifinals,Morocco,Azzedine Ounahi,90,14.2,60.8,0.0518,block,regular,right-foot,false
2022,France vs Morocco,Semifinals,France,Raphaël Varane,40,6.4,59.6,0.0689,miss,corner,right-foot,false
2022,France vs Morocco,Semifinals,France,Olivier Giroud,36,13,51,0.2024,miss,assisted,left-foot,false
2022,France vs Poland,Round of 16,France,Kylian Mbappé,35,7.6,28.9,0.0379,save,assisted,left-foot,false
2022,France vs Poland,Round of 16,France,Kylian Mbappé,63,10.1,32.8,0.0665,miss,assisted,right-foot,false
2022,France vs Poland,Round of 16,France,Dayot Upamecano,36,8.5,56.7,0.0476,block,corner,head,false
2022,France vs Poland,Round of 16,France,Jules Koundé,22,24.5,68.8,0.0255,save,assisted,right-foot,false
2022,France vs Poland,Round of 16,Poland,Piotr Zielinski,38,12.4,53,0.1879,save,regular,right-foot,false
2022,France vs Poland,Round of 16,Poland,Robert Lewandowski,21,27.5,55.7,0.028,miss,regular,left-foot,false
2022,France vs Poland,Round of 16,France,Aurélien Tchouaméni,13,28.9,37.5,0.0159,save,assisted,right-foot,false
2022,France vs Poland,Round of 16,Poland,Jakub Kamiński,45,11.4,60.8,0.0951,block,assisted,right-foot,false
2022,France vs Poland,Round of 16,France,Theo Hernández,81,13.4,44.2,0.1224,miss,set-piece,right-foot,false
2022,France vs Poland,Round of 16,France,Olivier Giroud,36,13,56.3,0.051,miss,corner,left-foot,false
2022,France vs Poland,Round of 16,France,Theo Hernández,48,22.3,46.1,0.0358,miss,set-piece,right-foot,false
2022,France vs Poland,Round of 16,France,Ousmane Dembélé,11,4.1,67.5,0.0499,block,assisted,right-foot,false
2022,France vs Poland,Round of 16,France,Kylian Mbappé,90,13.4,31,0.0426,goal,assisted,right-foot,true
2022,France vs Poland,Round of 16,France,Ousmane Dembélé,17,20.8,56.5,0.06,save,regular,left-foot,false
2022,France vs Poland,Round of 16,Poland,Robert Lewandowski,90,9,54.8,0.0753,block,assisted,head,false
2022,France vs Poland,Round of 16,Poland,Matty Cash,34,19.4,74,0.0374,miss,assisted,right-foot,false
2022,France vs Poland,Round of 16,Poland,Przemyslaw Frankowski,25,10.3,29.3,0.0344,block,assisted,right-foot,false
2022,France vs Poland,Round of 16,Poland,Robert Lewandowski,33,22.7,31.8,0.0684,block,free-kick,right-foot,false
2022,France vs Poland,Round of 16,France,Kylian Mbappé,74,13.4,34.9,0.1108,goal,fast-break,right-foot,true
2022,France vs Poland,Round of 16,France,Raphaël Varane,4,4.8,51.9,0.191,miss,corner,head,false
2022,France vs Poland,Round of 16,Poland,Piotr Zielinski,38,10,53,0.2297,block,regular,left-foot,false
2022,France vs Poland,Round of 16,France,Olivier Giroud,44,12.8,39.3,0.4348,goal,assisted,left-foot,true
2022,France vs Poland,Round of 16,Poland,Robert Lewandowski,90,12,61.6,0.0945,miss,assisted,right-foot,false
2022,France vs Poland,Round of 16,Poland,Jakub Kamiński,38,5.6,61.8,0.1347,block,regular,right-foot,false
2022,France vs Poland,Round of 16,Poland,Kamil Glik,71,8.3,40.4,0.0426,miss,set-piece,head,false
2022,France vs Poland,Round of 16,France,Antoine Griezmann,48,12.7,83.6,0.0415,save,free-kick,left-foot,false
2022,France vs Poland,Round of 16,France,Kylian Mbappé,56,18.2,30.1,0.0349,block,assisted,right-foot,false
2022,France vs Poland,Round of 16,Poland,Robert Lewandowski,90,11.5,50,0.7884,goal,penalty,right-foot,true
2022,Germany vs Japan,,Germany,Jamal Musiala,38,10.2,33,0.0463,block,assisted,right-foot,false
2022,Germany vs Japan,,Germany,Joshua Kimmich,20,22.7,45,0.0386,save,regular,right-foot,false
2022,Germany vs Japan,,Japan,Takuma Asano,83,2.3,62.9,0.0856,goal,assisted,right-foot,true
2022,Germany vs Japan,,Japan,Ko Itakura,67,8.7,65.1,0.0254,block,corner,head,false
2022,Germany vs Japan,,Japan,Ritsu Doan,75,7.5,52,0.3838,goal,regular,left-foot,true
2022,Germany vs Japan,,Germany,İlkay Gündoğan,28,25.5,50.7,0.0356,save,assisted,right-foot,false
2022,Germany vs Japan,,Japan,Daizen Maeda,45,9.8,47,0.1094,miss,assisted,head,false
2022,Germany vs Japan,,Germany,Joshua Kimmich,42,25.6,51.5,0.0351,miss,assisted,right-foot,false
2022,Germany vs Japan,,Germany,Joshua Kimmich,45,18.1,49.1,0.0993,save,regular,left-foot,false
2022,Germany vs Japan,,Germany,Leon Goretzka,90,18.9,51.5,0.0994,miss,regular,right-foot,false
2022,Germany vs Japan,,Japan,Daichi Kamada,50,14.4,62.3,0.0403,block,assisted,right-foot,false
2022,Germany vs Japan,,Germany,Niclas Füllkrug,90,13,51.3,0.0369,miss,assisted,head,false
2022,Germany vs Japan,,Japan,Takuma Asano,58,4,62,0.0589,miss,assisted,head,false
2022,Germany vs Japan,,Germany,İlkay Gündoğan,26,21.9,34.6,0.0464,block,assisted,right-foot,false
2022,Germany vs Japan,,Japan,Takuma Asano,61,12,28.7,0.0473,miss,assisted,left-foot,false
2022,Germany vs Japan,,Germany,İlkay Gündoğan,29,13,46.4,0.1825,block,regular,right-foot,false
2022,Germany vs Japan,,Japan,Takuma Asano,68,7.5,63.9,0.0734,block,assisted,right-foot,false
2022,Germany vs Japan,,Germany,İlkay Gündoğan,41,26.1,49.1,0.0189,save,assisted,right-foot,false
2022,Germany vs Japan,,Germany,Serge Gnabry,47,11.1,74.4,0.0507,post,assisted,right-foot,false
2022,Germany vs Japan,,Germany,Antonio Rüdiger,90,30.1,48.5,0.0224,miss,assisted,right-foot,false
2022,Germany vs Japan,,Germany,Joshua Kimmich,14,25.3,34.5,0.0181,block,assisted,right-foot,false
2022,Germany vs Japan,,Japan,Takuma Asano,66,11.7,32.2,0.0356,block,assisted,left-foot,false
2022,Germany vs Japan,,Germany,İlkay Gündoğan,33,11.5,50,0.7884,goal,penalty,right-foot,true
2022,Germany vs Japan,,Germany,Jamal Musiala,51,12.4,53.6,0.1708,miss,assisted,right-foot,false
2022,Germany vs Japan,,Germany,Serge Gnabry,70,15.4,71.9,0.0532,save,assisted,left-foot,false
2022,Germany vs Japan,,Germany,Niklas Sule,90,3.4,39.6,0.1089,block,set-piece,right-foot,false
2022,Germany vs Japan,,Germany,Jonas Hofmann,70,9.8,62.7,0.2742,save,assisted,right-foot,false
2022,Germany vs Japan,,Germany,Serge Gnabry,71,2.6,61.4,0.2326,save,regular,right-foot,false
2022,Germany vs Japan,,Germany,Antonio Rüdiger,16,11,60.8,0.0162,miss,corner,head,false
2022,Germany vs Japan,,Japan,Junya Ito,73,10,42.1,0.0908,save,assisted,right-foot,false
2022,Germany vs Japan,,Germany,Serge Gnabry,38,24.9,54.2,0.0327,block,assisted,left-foot,false
2022,Germany vs Japan,,Germany,İlkay Gündoğan,60,15.4,50.5,0.0683,post,assisted,right-foot,false
2022,Germany vs Japan,,Germany,Serge Gnabry,71,8.4,54.6,0.0936,save,assisted,head,false
2022,Germany vs Japan,,Germany,Jamal Musiala,45,16.1,52.8,0.1006,miss,assisted,right-foot,false
2022,Germany vs Japan,,Germany,Antonio Rüdiger,80,4,49.7,0.2439,miss,corner,head,false
2022,Germany vs Japan,,Japan,Hiroki Sakai,73,4.8,56.7,0.5333,miss,regular,right-foot,false
2022,Germany vs Japan,,Japan,Takumi Minamino,75,6.7,29.9,0.0473,save,regular,left-foot,false
2022,Germany vs Japan,,Germany,Serge Gnabry,45,5.1,35.7,0.2155,miss,regular,left-foot,false
2022,Ghana vs Uruguay,,Uruguay,Luis Suárez,26,10,41.5,0.2335,save,assisted,right-foot,false
2022,Ghana vs Uruguay,,Ghana,Mohammed Kudus,90,10,53.6,0.2352,block,assisted,left-foot,false
2022,Ghana vs Uruguay,,Uruguay,Facundo Pellistri,65,10.1,42.1,0.1701,miss,assisted,right-foot,false
2022,Ghana vs Uruguay,,Uruguay,Giorgian de Arrascaeta,26,2.4,51.8,0.9349,goal,regular,head,true
2022,Ghana vs Uruguay,,Uruguay,Nicolás de la Cruz,90,28.4,43.8,0.0365,save,free-kick,right-foot,false
2022,Ghana vs Uruguay,,Ghana,André Ayew,21,11.5,50,0.7884,save,penalty,left-foot,false
2022,Ghana vs Uruguay,,Uruguay,Maximiliano Gómez,90,27.3,62.7,0.0365,save,fast-break,right-foot,false
2022,Ghana vs Uruguay,,Ghana,Daniel Amartey,82,5,52.8,0.2258,block,throw-in-set-piece,head,false
2022,Ghana vs Uruguay,,Uruguay,Darwin Núñez,23,11,34.7,0.3284,block,assisted,right-foot,false
2022,Ghana vs Uruguay,,Uruguay,Federico Valverde,70,26.9,30.3,0.0132,save,regular,right-foot,false
2022,Ghana vs Uruguay,,Ghana,Osman Bukari,46,13.8,64.7,0.0645,miss,regular,right-foot,false
2022,Ghana vs Uruguay,,Ghana,Jordan Ayew,15,18.5,48.2,0.0519,save,assisted,right-foot,false
2022,Ghana vs Uruguay,,Uruguay,Sebastián Coates,90,10,54.6,0.0989,miss,assisted,right-foot,false
2022,Ghana vs Uruguay,,Ghana,Antoine Semenyo,79,10,33,0.0484,miss,regular,left-foot,false
2022,Ghana vs Uruguay,,Uruguay,Federico Valverde,70,25.2,28.3,0.0168,miss,regular,right-foot,false
2022,Ghana vs Uruguay,,Uruguay,Giorgian de Arrascaeta,32,9.3,37.5,0.0574,goal,assisted,right-foot,true
2022,Ghana vs Uruguay,,Uruguay,Federico Valverde,77,52.6,10.6,0.0201,miss,assisted,right-foot,false
2022,Ghana vs Uruguay,,Ghana,Mohammed Kudus,71,24.6,61,0.0384,miss,assisted,right-foot,false
2022,Ghana vs Uruguay,,Ghana,Mohammed Kudus,37,24.2,56.9,0.0543,block,assisted,left-foot,false
2022,Ghana vs Uruguay,,Ghana,Mohammed Kudus,81,23.1,54.8,0.0432,save,assisted,left-foot,false
2022,Ghana vs Uruguay,,Ghana,Kamaldeen Sulemana,90,19.4,66.8,0.061,save,assisted,right-foot,false
2022,Ghana vs Uruguay,,Uruguay,José María Giménez,45,10,56.8,0.0857,miss,set-piece,head,false
2022,Iran vs USA,,USA,Josh Sargent,42,5.4,71.6,0.0321,miss,assisted,right-foot,false
2022,Iran vs USA,,USA,Josh Sargent,47,8.2,29.7,0.0595,save,assisted,left-foot,false
2022,Iran vs USA,,Iran,Morteza Pouraliganji,90,10.4,42.7,0.0335,miss,set-piece,head,false
2022,Iran vs USA,,USA,Timothy Weah,33,9.5,69.2,0.063,miss,assisted,right-foot,false
2022,Iran vs USA,,USA,Yunus Musah,69,20.8,53.6,0.1328,miss,free-kick,right-foot,false
2022,Iran vs USA,,USA,Josh Sargent,28,20.4,38.4,0.0445,block,assisted,right-foot,false
2022,Iran vs USA,,USA,Haji Wright,90,13.2,27.7,0.1247,save,fast-break,left-foot,false
2022,Iran vs USA,,Iran,Mehdi Taremi,90,7.3,48.5,0.1828,block,assisted,left-foot,false
2022,Iran vs USA,,USA,Timothy Weah,28,9.1,43.3,0.135,save,regular,head,false
2022,Iran vs USA,,USA,Sergiño Dest,36,16.3,64.6,0.0221,block,corner,right-foot,false
2022,Iran vs USA,,USA,Christian Pulišić,38,5.2,48,0.4119,goal,assisted,right-foot,true
2022,Iran vs USA,,Iran,Saman Ghoddos,52,5.6,46,0.1811,miss,assisted,head,false
2022,Iran vs USA,,Iran,Saeid Ezatolahi,70,26.5,29.6,0.0241,miss,assisted,right-foot,false
2022,Iran vs USA,,USA,Christian Pulišić,11,10.7,43.3,0.0376,save,assisted,head,false
2022,Iran vs USA,,USA,Sergiño Dest,30,18.2,61.2,0.0364,block,assisted,left-foot,false
2022,Iran vs USA,,USA,Yunus Musah,9,18.7,44.2,0.0777,miss,regular,left-foot,false
2022,Japan vs Costa Rica,,Japan,Daichi Kamada,72,18.3,50,0.1654,block,free-kick,right-foot,false
2022,Japan vs Costa Rica,,Japan,Yuki Soma,63,19.9,43.1,0.1092,miss,free-kick,right-foot,false
2022,Japan vs Costa Rica,,Japan,Ko Itakura,50,13.4,45.4,0.0492,block,corner,left-foot,false
2022,Japan vs Costa Rica,,Costa Rica,Keysher Fuller,81,15.2,61.9,0.0729,goal,assisted,left-foot,true
2022,Japan vs Costa Rica,,Japan,Wataru Endo,38,21.7,67.5,0.0108,block,assisted,left-foot,false
2022,Japan vs Costa Rica,,Costa Rica,Joel Campbell,35,18.2,32.8,0.011,miss,assisted,left-foot,false
2022,Japan vs Costa Rica,,Japan,Daichi Kamada,88,11.2,47,0.2016,save,assisted,right-foot,false
2022,Japan vs Costa Rica,,Costa Rica,Francisco Calvo,35,24.8,28.3,0.0108,miss,regular,left-foot,false
2022,Japan vs Costa Rica,,Japan,Takuma Asano,46,14.4,70.1,0.0422,block,regular,right-foot,false
2022,Japan vs Costa Rica,,Japan,Hidemasa Morita,46,18.5,35.1,0.0481,save,assisted,left-foot,false
2022,Japan vs Costa Rica,,Japan,Takuma Asano,48,10,47.3,0.0778,save,assisted,head,false
2022,Japan vs Costa Rica,,Japan,Ritsu Doan,3,25.4,68.6,0.0108,miss,assisted,left-foot,false
2022,Japan vs Costa Rica,,Japan,Yuki Soma,57,14.3,27.5,0.0427,miss,assisted,right-foot,false
2022,Japan vs Costa Rica,,Japan,Wataru Endo,50,13.9,45.7,0.0505,block,corner,right-foot,false
2022,Japan vs Costa Rica,,Japan,Yuki Soma,72,22.5,54.8,0.0405,block,set-piece,right-foot,false
2022,Japan vs Costa Rica,,Costa Rica,Gerson Torres,4,27.6,65.3,0.0127,block,set-piece,left-foot,false
2022,Japan vs Costa Rica,,Japan,Wataru Endo,48,23.4,54.2,0.0366,block,assisted,right-foot,false
2022,Japan vs Croatia,Round of 16,Croatia,Mario Pašalić,125,11.5,50,0.7884,goal,shootout,right-foot,true
2022,Japan vs Croatia,Round of 16,Croatia,Ante Budimir,66,9.4,55,0.1801,miss,regular,head,false
2022,Japan vs Croatia,Round of 16,Croatia,Nikola Vlašić,121,11.5,50,0.7884,goal,shootout,right-foot,true
2022,Japan vs Croatia,Round of 16,Japan,Wataru Endo,60,27.2,50.3,0.0161,block,regular,right-foot,false
2022,Japan vs Croatia,Round of 16,Croatia,Mario Pašalić,74,10.3,55.3,0.0465,miss,assisted,head,false
2022,Japan vs Croatia,Round of 16,Croatia,Andrej Kramarić,8,4.2,49.8,0.4135,block,regular,left-foot,false
2022,Japan vs Croatia,Round of 16,Croatia,Marcelo Brozovic,122,11.5,50,0.7884,goal,shootout,right-foot,true
2022,Japan vs Croatia,Round of 16,Japan,Takuma Asano,123,11.5,50,0.7884,goal,shootout,right-foot,true
2022,Japan vs Croatia,Round of 16,Croatia,Marko Livaja,114,7,59.1,0.0705,save,throw-in-set-piece,head,false
2022,Japan vs Croatia,Round of 16,Japan,Daichi Kamada,46,24.8,50.9,0.0496,miss,assisted,right-foot,false
2022,Japan vs Croatia,Round of 16,Japan,Maya Yoshida,124,11.5,50,0.7884,save,shootout,right-foot,false
2022,Japan vs Croatia,Round of 16,Croatia,Mario Pašalić,86,7.7,52.2,0.1244,miss,assisted,head,false
2022,Japan vs Croatia,Round of 16,Japan,Wataru Endo,57,23.8,69.9,0.0304,save,regular,right-foot,false
2022,Japan vs Croatia,Round of 16,Japan,Takumi Minamino,121,11.5,50,0.7884,save,shootout,right-foot,false
2022,Japan vs Croatia,Round of 16,Croatia,Ivan Perišić,66,22.9,63.4,0.02,block,assisted,left-foot,false
2022,Japan vs Croatia,Round of 16,Croatia,Andrej Kramarić,66,21.6,28.7,0.0356,block,assisted,right-foot,false
2022,Japan vs Croatia,Round of 16,Croatia,Mateo Kovačić,49,20.5,60.7,0.0291,miss,throw-in-set-piece,right-foot,false
2022,Japan vs Croatia,Round of 16,Japan,Shogo Taniguchi,3,6.8,48.7,0.2246,miss,corner,head,false
2022,Japan vs Croatia,Round of 16,Japan,Takumi Minamino,105,15.1,49.1,0.0732,block,assisted,right-foot,false
2022,Japan vs Croatia,Round of 16,Croatia,Ivan Perišić,77,22.4,37.5,0.0354,block,assisted,left-foot,false
2022,Japan vs Croatia,Round of 16,Croatia,Borna Barisic,101,22,36.6,0.0201,block,throw-in-set-piece,left-foot,false
2022,Japan vs Croatia,Round of 16,Japan,Wataru Endo,105,23.5,45.6,0.0352,block,regular,right-foot,false
2022,Japan vs Croatia,Round of 16,Croatia,Ivan Perišić,55,12.5,42.9,0.0333,goal,assisted,head,true
2022,Japan vs Croatia,Round of 16,Japan,Shogo Taniguchi,92,4.3,64.5,0.0253,miss,corner,head,false
2022,Japan vs Croatia,Round of 16,Croatia,Ivan Perišić,8,3.8,33.2,0.1858,save,regular,right-foot,false
2022,Japan vs Croatia,Round of 16,Japan,Hidemasa Morita,50,19.7,45.4,0.0685,miss,regular,right-foot,false
2022,Japan vs Croatia,Round of 16,Japan,Daichi Kamada,41,5.7,34.9,0.1508,miss,assisted,right-foot,false
2022,Japan vs Croatia,Round of 16,Croatia,Joško Gvardiol,24,17.7,52.8,0.0933,miss,set-piece,left-foot,false
2022,Japan vs Croatia,Round of 16,Croatia,Marko Livaja,124,11.5,50,0.7884,post,shootout,right-foot,false
2022,Japan vs Croatia,Round of 16,Japan,Kaoru Mitoma,105,18.7,44.7,0.0808,save,fast-break,right-foot,false
2022,Japan vs Croatia,Round of 16,Japan,Kaoru Mitoma,122,11.5,50,0.7884,save,shootout,right-foot,false
2022,Japan vs Croatia,Round of 16,Japan,Daizen Maeda,43,6.7,54,0.3661,goal,corner,left-foot,true
2022,Japan vs Croatia,Round of 16,Croatia,Lovro Majer,120,19.5,40.6,0.0958,miss,assisted,right-foot,false
2022,Japan vs Croatia,Round of 16,Japan,Hidemasa Morita,60,21.7,43.3,0.0418,block,assisted,right-foot,false
2022,Japan vs Croatia,Round of 16,Croatia,Luka Modrić,63,22.6,60.6,0.0404,save,assisted,right-foot,false
2022,Japan vs Croatia,Round of 16,Croatia,Mislav Oršić,120,12.6,23.9,0.0553,block,assisted,right-foot,false
2022,Japan vs Croatia,Round of 16,Croatia,Ivan Perišić,101,12.5,42.1,0.0521,block,throw-in-set-piece,right-foot,false
2022,Japan vs Croatia,Round of 16,Japan,Ritsu Doan,60,18.2,55.3,0.0554,save,assisted,left-foot,false
2022,Japan vs Spain,,Spain,Dani Olmo,90,8.4,64.9,0.1734,save,assisted,right-foot,false
2022,Japan vs Spain,,Spain,Marco Asensio,89,23.6,74.4,0.0164,save,assisted,left-foot,false
2022,Japan vs Spain,,Spain,Alvaro Morata,12,4.1,47.6,0.5327,goal,assisted,head,true
2022,Japan vs Spain,,Japan,Daichi Kamada,36,12.1,71.1,0.0399,block,assisted,right-foot,false
2022,Japan vs Spain,,Spain,Alvaro Morata,9,9.2,44.5,0.0463,save,corner,head,false
2022,Japan vs Spain,,Japan,Ao Tanaka,51,1.3,49.1,0.9609,goal,assisted,right-foot,true
2022,Japan vs Spain,,Japan,Takuma Asano,70,18.3,47.5,0.2372,miss,fast-break,right-foot,false
2022,Japan vs Spain,,Japan,Junya Ito,8,5.7,67,0.0802,miss,assisted,right-foot,false
2022,Japan vs Spain,,Spain,Sergio Busquets,7,23.1,58.8,0.0553,miss,regular,left-foot,false
2022,Japan vs Spain,,Spain,Dani Olmo,42,16.3,45.5,0.0554,block,assisted,right-foot,false
2022,Japan vs Spain,,Japan,Ko Itakura,83,15,46.8,0.0758,save,set-piece,head,false
2022,Japan vs Spain,,Spain,Dani Olmo,80,28.2,54.8,0.0183,block,assisted,right-foot,false
2022,Japan vs Spain,,Spain,Dani Olmo,90,26.4,67.3,0.0172,miss,assisted,right-foot,false
2022,Japan vs Spain,,Spain,Alvaro Morata,23,12.7,64.5,0.0488,save,regular,right-foot,false
2022,Japan vs Spain,,Spain,Jordi Alba,89,21.6,27.2,0.0193,block,regular,right-foot,false
2022,Japan vs Spain,,Japan,Ritsu Doan,48,19.1,69.4,0.0541,goal,assisted,left-foot,true
2022,Japan vs Spain,,Spain,Marco Asensio,85,21.6,66,0.019,block,assisted,left-foot,false
2022,Japan vs Spain,,Spain,Marco Asensio,74,13.8,26.2,0.0356,block,assisted,left-foot,false
2022,Mexico vs Poland,,Mexico,Uriel Antuna,90,17.8,73,0.0394,save,assisted,left-foot,false
2022,Mexico vs Poland,,Poland,Jakub Kiwior,82,9.2,57,0.0328,miss,corner,head,false
2022,Mexico vs Poland,,Mexico,Alexis Vega,26,6.9,44.7,0.1109,miss,assisted,head,false
2022,Mexico vs Poland,,Mexico,Hirving Lozano,52,24.8,30.6,0.0137,save,corner,right-foot,false
2022,Mexico vs Poland,,Poland,Jakub Kamiński,90,8.1,31.8,0.0397,save,assisted,left-foot,false
2022,Mexico vs Poland,,Poland,Robert Lewandowski,7,9.8,45.8,0.0411,miss,corner,head,false
2022,Mexico vs Poland,,Mexico,Jorge Sánchez,45,8.7,76.7,0.0206,save,assisted,right-foot,false
2022,Mexico vs Poland,,Mexico,Luis Chávez,45,29.6,72.8,0.0098,block,assisted,left-foot,false
2022,Mexico vs Poland,,Mexico,Alexis Vega,66,14.6,77.1,0.0351,miss,assisted,right-foot,false
2022,Mexico vs Poland,,Mexico,Alexis Vega,60,12,36.7,0.0568,block,regular,right-foot,false
2022,Mexico vs Poland,,Mexico,Héctor Moreno,12,5,51.9,0.1798,miss,corner,head,false
2022,Mexico vs Poland,,Mexico,Alexis Vega,44,10.3,26.9,0.0258,block,regular,left-foot,false
2022,Mexico vs Poland,,Mexico,Alexis Vega,80,26.2,30.5,0.0209,miss,assisted,right-foot,false
2022,Mexico vs Poland,,Poland,Jakub Kamiński,58,4.9,61.3,0.0964,block,set-piece,right-foot,false
2022,Mexico vs Poland,,Mexico,Henry Martín,64,11.4,47.2,0.2096,save,assisted,head,false
2022,Mexico vs Poland,,Poland,Grzegorz Krychowiak,90,26.1,61,0.0194,miss,assisted,right-foot,false
2022,Mexico vs Poland,,Poland,Robert Lewandowski,58,11.5,50,0.7884,save,penalty,right-foot,false
2022,Morocco vs Croatia,,Croatia,Luka Modrić,45,18.8,49.1,0.0728,miss,throw-in-set-piece,left-foot,false
2022,Morocco vs Croatia,,Morocco,Noussair Mazraoui,7,22.6,40.8,0.0213,block,regular,right-foot,false
2022,Morocco vs Croatia,,Morocco,Sofiane Boufal,51,27,50.7,0.0165,block,assisted,left-foot,false
2022,Morocco vs Croatia,,Morocco,Achraf Hakimi,65,27.2,43.5,0.0217,save,set-piece,right-foot,false
2022,Morocco vs Croatia,,Morocco,Sofiane Boufal,19,21.9,57.9,0.0297,block,assisted,left-foot,false
2022,Morocco vs Croatia,,Croatia,Dejan Lovren,52,8.3,49.5,0.1072,block,corner,left-foot,false
2022,Morocco vs Croatia,,Croatia,Nikola Vlašić,45,4.6,43.1,0.2578,save,assisted,right-foot,false
2022,Morocco vs Croatia,,Croatia,Ivan Perišić,17,31.9,44.5,0.0122,miss,regular,left-foot,false
2022,Morocco vs Croatia,,Morocco,Hakim Ziyech,13,15.9,50.7,0.0606,block,regular,left-foot,false
2022,Morocco vs Croatia,,Morocco,Hakim Ziyech,21,24.5,49.8,0.0725,block,free-kick,left-foot,false
2022,Morocco vs Croatia,,Morocco,Youssef En-Nesyri,25,1.7,38.2,0.0619,block,assisted,left-foot,false
2022,Morocco vs Croatia,,Croatia,Nikola Vlašić,45,13.4,43.9,0.0735,block,throw-in-set-piece,right-foot,false
2022,Morocco vs Croatia,,Morocco,Noussair Mazraoui,51,5.4,35.5,0.0816,save,regular,head,false
2022,Morocco vs Portugal,Quarterfinals,Morocco,Youssef En-Nesyri,6,8,54.2,0.0856,miss,corner,head,false
2022,Morocco vs Portugal,Quarterfinals,Morocco,Yahia Attiyat Allah,45,9.7,28.9,0.0834,miss,fast-break,left-foot,false
2022,Morocco vs Portugal,Quarterfinals,Portugal,João Félix,4,12.1,56.1,0.1021,save,set-piece,head,false
2022,Morocco vs Portugal,Quarterfinals,Morocco,Zakaria Aboukhlal,90,17.7,54.8,0.5659,save,fast-break,right-foot,false
2022,Morocco vs Portugal,Quarterfinals,Portugal,Gonçalo Ramos,58,10.8,50.1,0.1076,miss,assisted,head,false
2022,Morocco vs Portugal,Quarterfinals,Morocco,Hakim Ziyech,18,23.4,74.6,0.0239,miss,assisted,left-foot,false
2022,Morocco vs Portugal,Quarterfinals,Portugal,Pepe,90,4.7,56.6,0.1522,miss,assisted,head,false
2022,Morocco vs Portugal,Quarterfinals,Portugal,Bruno Fernandes,64,17.8,45.2,0.0864,miss,assisted,right-foot,false
2022,Morocco vs Portugal,Quarterfinals,Portugal,João Félix,61,9,38.8,0.0341,block,assisted,head,false
2022,Morocco vs Portugal,Quarterfinals,Portugal,João Félix,39,15.5,45,0.0936,miss,assisted,right-foot,false
2022,Morocco vs Portugal,Quarterfinals,Portugal,João Félix,82,16.8,73.8,0.0349,save,assisted,left-foot,false
2022,Morocco vs Portugal,Quarterfinals,Portugal,Bruno Fernandes,45,9.5,79.6,0.0123,post,assisted,right-foot,false
2022,Morocco vs Portugal,Quarterfinals,Morocco,Youssef En-Nesyri,26,12.8,51,0.0328,miss,set-piece,head,false
2022,Morocco vs Portugal,Quarterfinals,Portugal,Bernardo Silva,71,9.3,46.4,0.1781,miss,set-piece,right-foot,false
2022,Morocco vs Portugal,Quarterfinals,Morocco,Sofiane Boufal,35,23.1,29.2,0.0194,save,assisted,right-foot,false
2022,Morocco vs Portugal,Quarterfinals,Portugal,Raphael Guerreiro,13,11.7,30.3,0.0364,block,set-piece,left-foot,false
2022,Morocco vs Portugal,Quarterfinals,Morocco,Youssef En-Nesyri,42,7.4,53,0.3796,goal,assisted,head,true
2022,Morocco vs Portugal,Quarterfinals,Morocco,Azzedine Ounahi,55,26.1,53.6,0.0388,miss,assisted,right-foot,false
2022,Morocco vs Portugal,Quarterfinals,Portugal,João Félix,31,18.7,30.2,0.0294,block,regular,right-foot,false
2022,Morocco vs Portugal,Quarterfinals,Morocco,Selim Amallah,35,9.5,43.5,0.1695,miss,assisted,left-foot,false
2022,Morocco vs Portugal,Quarterfinals,Portugal,Cristiano Ronaldo,90,17.9,71.1,0.0486,save,assisted,right-foot,false
2022,Morocco vs Spain,Round of 16,Morocco,Abdelhamid Sabiri,106,49.8,49.9,0.0169,miss,regular,right-foot,false
2022,Morocco vs Spain,Round of 16,Spain,Dani Olmo,54,9.8,14,0.0122,save,set-piece,right-foot,false
2022,Morocco vs Spain,Round of 16,Spain,Sergio Busquets,125,11.5,50,0.7884,save,shootout,right-foot,false
2022,Morocco vs Spain,Round of 16,Spain,Marcos Llorente,105,19.4,69.7,0.0178,block,corner,right-foot,false
2022,Morocco vs Spain,Round of 16,Spain,Carlos Soler,120,13.4,55.3,0.1014,block,assisted,head,false
2022,Morocco vs Spain,Round of 16,Morocco,Achraf Hakimi,126,11.5,50,0.7884,goal,shootout,right-foot,true
2022,Morocco vs Spain,Round of 16,Morocco,Noussair Mazraoui,33,27.5,46.4,0.0272,save,regular,left-foot,false
2022,Morocco vs Spain,Round of 16,Morocco,Abdelhamid Sabiri,121,11.5,50,0.7884,goal,shootout,right-foot,true
2022,Morocco vs Spain,Round of 16,Spain,Alvaro Morata,82,1.6,66,0.0666,miss,regular,right-foot,false
2022,Morocco vs Spain,Round of 16,Morocco,Hakim Ziyech,122,11.5,50,0.7884,goal,shootout,left-foot,true
2022,Morocco vs Spain,Round of 16,Morocco,Achraf Hakimi,12,26.5,38,0.0388,miss,free-kick,right-foot,false
2022,Morocco vs Spain,Round of 16,Spain,Dani Olmo,78,22.2,40,0.023,miss,regular,right-foot,false
2022,Morocco vs Spain,Round of 16,Spain,Marco Asensio,26,5.6,31,0.2318,miss,assisted,left-foot,false
2022,Morocco vs Spain,Round of 16,Spain,Pablo Sarabia,120,1.6,60.8,0.1076,post,corner,right-foot,false
2022,Morocco vs Spain,Round of 16,Spain,Nico Williams,89,12.4,62,0.1093,miss,assisted,right-foot,false
2022,Morocco vs Spain,Round of 16,Morocco,Badr Benoun,124,11.5,50,0.7884,save,shootout,right-foot,false
2022,Morocco vs Spain,Round of 16,Morocco,Walid Cheddira,104,8.5,55.9,0.3227,save,assisted,left-foot,false
2022,Morocco vs Spain,Round of 16,Spain,Rodri,103,31.9,61,0.0204,miss,assisted,right-foot,false
2022,Morocco vs Spain,Round of 16,Morocco,Walid Cheddira,86,8.5,52.2,0.1448,miss,assisted,right-foot,false
2022,Morocco vs Spain,Round of 16,Spain,Alejandro Balde,100,6.9,32.8,0.0493,block,regular,left-foot,false
2022,Morocco vs Spain,Round of 16,Spain,Alvaro Morata,90,4.6,61.3,0.1445,miss,set-piece,head,false
2022,Morocco vs Spain,Round of 16,Spain,Carlos Soler,123,11.5,50,0.7884,save,shootout,right-foot,false
2022,Morocco vs Spain,Round of 16,Morocco,Nayef Aguerd,42,7,52.2,0.1658,miss,set-piece,head,false
2022,Morocco vs Spain,Round of 16,Spain,Aymeric Laporte,90,11.8,47.4,0.0335,block,corner,head,false
2022,Morocco vs Spain,Round of 16,Spain,Sergio Busquets,120,14.1,60,0.0888,block,assisted,left-foot,false
2022,Morocco vs Spain,Round of 16,Spain,Pablo Sarabia,121,11.5,50,0.7884,post,shootout,left-foot,false
2022,Netherlands vs Argentina,Quarterfinals,Netherlands,Wout Weghorst,125,11.5,50,0.7884,goal,shootout,right-foot,true
2022,Netherlands vs Argentina,Quarterfinals,Netherlands,Steven Berghuis,90,21.4,44.4,0.1148,block,free-kick,left-foot,false
2022,Netherlands vs Argentina,Quarterfinals,Argentina,Leandro Paredes,123,11.5,50,0.7884,goal,shootout,right-foot,true
2022,Netherlands vs Argentina,Quarterfinals,Argentina,Nahuel Molina,35,10.1,52.6,0.3834,goal,assisted,right-foot,true
2022,Netherlands vs Argentina,Quarterfinals,Argentina,Lionel Messi,110,19.1,67.6,0.0202,miss,set-piece,left-foot,false
2022,Netherlands vs Argentina,Quarterfinals,Argentina,Lautaro Martínez,114,10.4,55.9,0.2312,block,assisted,right-foot,false
2022,Netherlands vs Argentina,Quarterfinals,Netherlands,Steven Berghuis,85,12.7,64.3,0.0478,block,regular,left-foot,false
2022,Netherlands vs Argentina,Quarterfinals,Netherlands,Steven Bergwijn,24,18.2,45.6,0.1226,miss,assisted,left-foot,false
2022,Netherlands vs Argentina,Quarterfinals,Argentina,Enzo Fernández,126,11.5,50,0.7884,miss,shootout,right-foot,false
2022,Netherlands vs Argentina,Quarterfinals,Netherlands,Wout Weghorst,83,12.7,56.3,0.0515,goal,assisted,head,true
2022,Netherlands vs Argentina,Quarterfinals,Argentina,Lionel Messi,73,11.5,50,0.7884,goal,penalty,left-foot,true
2022,Netherlands vs Argentina,Quarterfinals,Argentina,Gonzalo Montiel,125,11.5,50,0.7884,goal,shootout,right-foot,true
2022,Netherlands vs Argentina,Quarterfinals,Netherlands,Virgil van Dijk,121,11.5,50,0.7884,save,shootout,right-foot,false
2022,Netherlands vs Argentina,Quarterfinals,Netherlands,Luuk de Jong,113,9.6,33.4,0.0753,block,set-piece,left-foot,false
2022,Netherlands vs Argentina,Quarterfinals,Argentina,Lionel Messi,120,22.2,52.6,0.0307,block,assisted,left-foot,false
2022,Netherlands vs Argentina,Quarterfinals,Argentina,Lionel Messi,40,14.4,41.6,0.0624,save,assisted,right-foot,false
2022,Netherlands vs Argentina,Quarterfinals,Argentina,Enzo Fernández,120,22.9,66.4,0.0298,post,corner,right-foot,false
2022,Netherlands vs Argentina,Quarterfinals,Netherlands,Steven Berghuis,122,11.5,50,0.7884,save,shootout,left-foot,false
2022,Netherlands vs Argentina,Quarterfinals,Argentina,Rodrigo De Paul,33,21.8,54.2,0.0428,save,assisted,right-foot,false
2022,Netherlands vs Argentina,Quarterfinals,Argentina,German Pezzella,116,8.7,45.2,0.0656,miss,corner,head,false
2022,Netherlands vs Argentina,Quarterfinals,Argentina,Lautaro Martínez,128,11.5,50,0.7884,goal,shootout,right-foot,true
2022,Netherlands vs Argentina,Quarterfinals,Netherlands,Wout Weghorst,90,8.2,46.4,0.1407,goal,set-piece,left-foot,true
2022,Netherlands vs Argentina,Quarterfinals,Argentina,Lionel Messi,122,11.5,50,0.7884,goal,shootout,left-foot,true
2022,Netherlands vs Argentina,Quarterfinals,Netherlands,Luuk de Jong,127,11.5,50,0.7884,goal,shootout,right-foot,true
2022,Netherlands vs Argentina,Quarterfinals,Argentina,Lionel Messi,22,21.9,65.1,0.0559,miss,assisted,left-foot,false
2022,Netherlands vs Argentina,Quarterfinals,Argentina,Lautaro Martínez,119,21.9,48,0.0432,save,assisted,left-foot,false
2022,Netherlands vs Argentina,Quarterfinals,Netherlands,Teun Koopmeiners,124,11.5,50,0.7884,goal,shootout,left-foot,true
2022,Netherlands vs Argentina,Quarterfinals,Argentina,Rodrigo De Paul,5,18.1,66.5,0.0468,block,regular,right-foot,false
2022,Netherlands vs Argentina,Quarterfinals,Argentina,Lionel Messi,63,21.6,39.6,0.0784,miss,free-kick,left-foot,false
2022,Netherlands vs Argentina,Quarterfinals,Argentina,Enzo Fernández,115,24.5,54,0.0414,block,corner,left-foot,false
2022,Netherlands vs Ecuador,,Ecuador,Pervis Estupiñán,49,11.8,33.9,0.0681,save,assisted,left-foot,false
2022,Netherlands vs Ecuador,,Ecuador,Gonzalo Plata,59,14.2,65.4,0.0555,post,regular,left-foot,false
2022,Netherlands vs Ecuador,,Ecuador,Kevin Rodriguez,90,12.8,46.2,0.0366,save,throw-in-set-piece,head,false
2022,Netherlands vs Ecuador,,Ecuador,Enner Valencia,45,8.7,58.8,0.0432,block,set-piece,head,false
2022,Netherlands vs Ecuador,,Ecuador,Enner Valencia,11,12.4,32.2,0.0494,block,set-piece,left-foot,false
2022,Netherlands vs Ecuador,,Ecuador,Michael Estrada,27,7.5,41.8,0.1816,miss,assisted,left-foot,false
2022,Netherlands vs Ecuador,,Ecuador,Enner Valencia,49,2.8,49.1,0.9693,goal,regular,right-foot,true
2022,Netherlands vs Ecuador,,Netherlands,Cody Gakpo,6,18.1,35.5,0.0571,goal,assisted,left-foot,true
2022,Netherlands vs Ecuador,,Ecuador,Enner Valencia,32,19.5,31.7,0.0224,save,assisted,right-foot,false
2022,Netherlands vs Ecuador,,Ecuador,Moisés Caicedo,73,15.5,35.6,0.0375,block,regular,right-foot,false
2022,Netherlands vs Ecuador,,Ecuador,Ángelo Preciado,45,19.4,70.4,0.0129,block,corner,right-foot,false
2022,Netherlands vs Ecuador,,Ecuador,Moisés Caicedo,24,24.6,49.4,0.0303,block,regular,right-foot,false
2022,Netherlands vs Ecuador,,Ecuador,Michael Estrada,64,14.3,48.8,0.0759,miss,assisted,left-foot,false
2022,Netherlands vs Ecuador,,Netherlands,Teun Koopmeiners,66,22.5,49.1,0.0423,miss,assisted,left-foot,false
2022,Netherlands vs Ecuador,,Ecuador,Ángelo Preciado,90,19.2,48.5,0.029,block,throw-in-set-piece,head,false
2022,Netherlands vs Ecuador,,Ecuador,Ángelo Preciado,81,22.9,71.5,0.007,miss,corner,right-foot,false
2022,Netherlands vs Ecuador,,Ecuador,Enner Valencia,59,15.6,49,0.1271,block,assisted,right-foot,false
2022,Netherlands vs Qatar,,Qatar,Pedro Miguel,88,28.2,62.5,0.0235,miss,assisted,right-foot,false
2022,Netherlands vs Qatar,,Netherlands,Frenkie de Jong,14,23.2,37.1,0.029,block,assisted,right-foot,false
2022,Netherlands vs Qatar,,Qatar,Hassan Al Haydos,3,24.5,75.1,0.0126,save,regular,right-foot,false
2022,Netherlands vs Qatar,,Qatar,Ismaeel Mohammad,29,24.8,49.7,0.0231,save,regular,right-foot,false
2022,Netherlands vs Qatar,,Netherlands,Steven Berghuis,90,15.8,73.5,0.0282,post,assisted,left-foot,false
2022,Netherlands vs Qatar,,Netherlands,Cody Gakpo,26,15.5,45.8,0.0654,goal,assisted,right-foot,true
2022,Netherlands vs Qatar,,Netherlands,Cody Gakpo,7,26.6,33.6,0.0139,block,assisted,right-foot,false
2022,Netherlands vs Qatar,,Netherlands,Daley Blind,4,5.6,32.2,0.0366,miss,regular,right-foot,false
2022,Netherlands vs Qatar,,Qatar,Abdelkarim Hassan,25,9.5,56.1,0.0559,miss,corner,right-foot,false
2022,Netherlands vs Qatar,,Netherlands,Memphis Depay,49,2.6,45.4,0.4851,save,regular,right-foot,false
2022,Netherlands vs Qatar,,Netherlands,Memphis Depay,26,6.3,37.3,0.0867,block,assisted,right-foot,false
2022,Netherlands vs Qatar,,Netherlands,Davy Klaassen,19,7.2,54.8,0.0911,miss,corner,head,false
2022,Netherlands vs Qatar,,Netherlands,Memphis Depay,1,3.6,66.4,0.1167,miss,assisted,right-foot,false
2022,Netherlands vs Qatar,,Netherlands,Memphis Depay,14,12.4,38.8,0.0956,miss,assisted,right-foot,false
2022,Netherlands vs Qatar,,Qatar,Abdelaziz Hatem,77,24.2,62.3,0.0231,save,assisted,right-foot,false
2022,Netherlands vs Qatar,,Netherlands,Daley Blind,4,5.3,34,0.0598,save,regular,right-foot,false
2022,Netherlands vs Qatar,,Netherlands,Frenkie de Jong,49,2.3,50.4,0.8472,goal,regular,right-foot,true
2022,Netherlands vs Qatar,,Netherlands,Memphis Depay,45,23.9,60.2,0.0703,miss,assisted,right-foot,false
2022,Netherlands vs USA,Round of 16,USA,Weston McKennie,49,10.4,47.6,0.0356,miss,corner,head,false
2022,Netherlands vs USA,Round of 16,USA,Weston McKennie,54,16.8,44.3,0.0904,miss,assisted,left-foot,false
2022,Netherlands vs USA,Round of 16,USA,Weston McKennie,49,11,42.9,0.0196,save,corner,head,false
2022,Netherlands vs USA,Round of 16,USA,Yunus Musah,90,14.7,54.6,0.0749,block,assisted,right-foot,false
2022,Netherlands vs USA,Round of 16,USA,Haji Wright,75,3.9,72.2,0.049,block,regular,right-foot,false
2022,Netherlands vs USA,Round of 16,Netherlands,Steven Bergwijn,78,9,41.8,0.3834,miss,assisted,right-foot,false
2022,Netherlands vs USA,Round of 16,Netherlands,Memphis Depay,10,13.9,54.3,0.1593,goal,assisted,right-foot,true
2022,Netherlands vs USA,Round of 16,Netherlands,Teun Koopmeiners,71,25.6,43.4,0.0381,save,assisted,left-foot,false
2022,Netherlands vs USA,Round of 16,Netherlands,Memphis Depay,71,5.3,42.7,0.3374,save,regular,head,false
2022,Netherlands vs USA,Round of 16,USA,Giovanni Reyna,74,20.2,64.3,0.0273,miss,assisted,left-foot,false
2022,Netherlands vs USA,Round of 16,USA,Christian Pulišić,79,19.5,29.7,0.0277,save,assisted,left-foot,false
2022,Netherlands vs USA,Round of 16,USA,Giovanni Reyna,89,15.8,67.7,0.0302,block,assisted,left-foot,false
2022,Netherlands vs USA,Round of 16,USA,Tim Ream,49,3.2,45.5,0.2998,block,corner,left-foot,false
2022,Netherlands vs USA,Round of 16,USA,Christian Pulišić,53,21.7,31.6,0.0262,save,assisted,right-foot,false
2022,Netherlands vs USA,Round of 16,USA,Timothy Weah,43,21.2,71.1,0.0155,save,regular,right-foot,false
2022,Netherlands vs USA,Round of 16,Netherlands,Memphis Depay,61,20.8,57.7,0.043,save,assisted,right-foot,false
2022,Netherlands vs USA,Round of 16,USA,Sergiño Dest,51,17.9,73.4,0.0257,miss,assisted,left-foot,false
2022,Netherlands vs USA,Round of 16,Netherlands,Denzel Dumfries,81,7.6,54.7,0.3781,goal,assisted,left-foot,true
2022,Netherlands vs USA,Round of 16,Netherlands,Memphis Depay,21,12.7,80,0.0312,miss,assisted,right-foot,false
2022,Netherlands vs USA,Round of 16,Netherlands,Daley Blind,45,13,48,0.1563,goal,assisted,right-foot,true
2022,Netherlands vs USA,Round of 16,USA,Walker Zimmerman,86,13.1,54.4,0.0723,miss,corner,right-foot,false
2022,Netherlands vs USA,Round of 16,Netherlands,Daley Blind,18,14.6,34.9,0.0593,miss,assisted,left-foot,false
2022,Netherlands vs USA,Round of 16,USA,Christian Pulišić,3,12.5,41.2,0.4165,save,assisted,left-foot,false
2022,Netherlands vs USA,Round of 16,Netherlands,Cody Gakpo,61,19.4,67.1,0.0381,block,assisted,left-foot,false
2022,Netherlands vs USA,Round of 16,USA,Timothy Weah,63,21.9,65,0.0283,block,assisted,left-foot,false
2022,Netherlands vs USA,Round of 16,USA,Haji Wright,76,4.4,56,0.1962,goal,assisted,right-foot,true
2022,Netherlands vs USA,Round of 16,USA,Sergiño Dest,44,14.2,60.8,0.0537,block,assisted,right-foot,false
2022,Netherlands vs USA,Round of 16,Netherlands,Virgil van Dijk,71,8.7,47.6,0.0618,miss,corner,head,false
2022,Poland vs Argentina,,Argentina,Enzo Fernández,35,25.9,50.5,0.032,miss,corner,right-foot,false
2022,Poland vs Argentina,,Argentina,Lionel Messi,56,12.3,62.9,0.0531,miss,assisted,left-foot,false
2022,Poland vs Argentina,,Argentina,Rodrigo De Paul,43,7.3,49.9,0.5597,save,regular,other,false
2022,Poland vs Argentina,,Argentina,Marcos Acuña,17,11.7,33.2,0.0358,miss,assisted,right-foot,false
2022,Poland vs Argentina,,Argentina,Julián Alvarez,28,9.8,60.4,0.1287,block,assisted,right-foot,false
2022,Poland vs Argentina,,Argentina,Ángel Di María,44,14,72.8,0.0335,save,assisted,left-foot,false
2022,Poland vs Argentina,,Poland,Kamil Glik,49,10.1,53.4,0.0519,miss,set-piece,head,false
2022,Poland vs Argentina,,Argentina,Lionel Messi,10,6.5,29.7,0.04,save,assisted,left-foot,false
2022,Poland vs Argentina,,Argentina,Julián Alvarez,43,16.4,33.5,0.044,save,assisted,right-foot,false
2022,Poland vs Argentina,,Argentina,Julián Alvarez,73,12.4,65.5,0.2261,miss,assisted,right-foot,false
2022,Poland vs Argentina,,Argentina,Nicolás Tagliafico,90,10.5,38,0.2458,block,assisted,left-foot,false
2022,Poland vs Argentina,,Argentina,Ángel Di María,9,25.1,48.9,0.0326,block,assisted,left-foot,false
2022,Poland vs Argentina,,Argentina,Lionel Messi,71,12.5,42.9,0.2245,save,assisted,left-foot,false
2022,Poland vs Argentina,,Argentina,Lautaro Martínez,86,9.3,66,0.2275,miss,regular,right-foot,false
2022,Poland vs Argentina,,Poland,Michał Skóraś,53,17.9,71.1,0.0211,block,assisted,left-foot,false
2022,Poland vs Argentina,,Argentina,Marcos Acuña,28,15.7,26.1,0.0489,miss,regular,left-foot,false
2022,Poland vs Argentina,,Argentina,Lionel Messi,7,19.8,46.9,0.038,save,regular,right-foot,false
2022,Poland vs Argentina,,Argentina,Julián Alvarez,36,7.7,32.7,0.2387,save,assisted,left-foot,false
2022,Poland vs Argentina,,Poland,Krystian Bielik,5,18.1,49.8,0.1167,block,assisted,left-foot,false
2022,Poland vs Argentina,,Argentina,Julián Alvarez,67,12.4,41.9,0.1317,goal,assisted,right-foot,true
2022,Poland vs Argentina,,Argentina,Alexis Mac Allister,61,12.1,57.9,0.1597,save,assisted,left-foot,false
2022,Poland vs Argentina,,Argentina,Julián Alvarez,56,12.2,51.7,0.1834,block,assisted,left-foot,false
2022,Poland vs Argentina,,Argentina,Alexis Mac Allister,46,13.3,55.5,0.1657,goal,assisted,right-foot,true
2022,Poland vs Argentina,,Poland,Kamil Glik,22,11.8,54.3,0.1327,miss,corner,right-foot,false
2022,Poland vs Argentina,,Argentina,Lionel Messi,39,11.5,50,0.7884,save,penalty,left-foot,false
2022,Poland vs Argentina,,Argentina,Lionel Messi,53,13,34.2,0.0338,miss,assisted,left-foot,false
2022,Poland vs Argentina,,Argentina,Lionel Messi,64,10.6,30.7,0.0451,block,regular,left-foot,false
2022,Poland vs Saudi Arabia,,Saudi Arabia,Salem Al-Dawsari,45,11.5,50,0.7884,save,penalty,right-foot,false
2022,Poland vs Saudi Arabia,,Saudi Arabia,Abdulelah Al-Malki,55,20.9,48.8,0.0386,miss,regular,right-foot,false
2022,Poland vs Saudi Arabia,,Saudi Arabia,Salem Al-Dawsari,54,24.2,25.8,0.0164,miss,assisted,right-foot,false
2022,Poland vs Saudi Arabia,,Saudi Arabia,Mohamed Kanno,13,14,70.9,0.0332,save,assisted,right-foot,false
2022,Poland vs Saudi Arabia,,Poland,Piotr Zielinski,39,7.1,54.5,0.1928,goal,assisted,right-foot,true
2022,Poland vs Saudi Arabia,,Saudi Arabia,Mohamed Kanno,51,15.2,47.2,0.0498,miss,corner,right-foot,false
2022,Poland vs Saudi Arabia,,Saudi Arabia,Saud Abdulhamid,51,30.7,26.7,0.0184,block,corner,right-foot,false
2022,Poland vs Saudi Arabia,,Saudi Arabia,Abdulrahman Alobud,87,2.1,60.4,0.0704,miss,assisted,head,false
2022,Poland vs Saudi Arabia,,Saudi Arabia,Mohammed Al-Burayk,45,7.8,41.2,0.3441,save,set-piece,right-foot,false
2022,Poland vs Saudi Arabia,,Poland,Robert Lewandowski,90,10.5,65.1,0.2048,save,regular,right-foot,false
2022,Poland vs Saudi Arabia,,Saudi Arabia,Mohamed Kanno,61,12.4,59.4,0.1024,miss,assisted,right-foot,false
2022,Poland vs Saudi Arabia,,Saudi Arabia,Mohammed Al-Burayk,8,27.9,33,0.0219,block,assisted,right-foot,false
2022,Poland vs Saudi Arabia,,Poland,Krzysztof Piątek,81,13.6,54.6,0.0265,miss,assisted,head,false
2022,Poland vs Saudi Arabia,,Poland,Robert Lewandowski,82,13.7,53.4,0.5266,goal,regular,left-foot,true
2022,Poland vs Saudi Arabia,,Poland,Arkadiusz Milik,63,7.8,46.3,0.2461,post,assisted,head,false
2022,Poland vs Saudi Arabia,,Poland,Robert Lewandowski,73,14,58.4,0.063,block,assisted,right-foot,false
2022,Poland vs Saudi Arabia,,Poland,Krystian Bielik,26,9.4,48.9,0.0538,block,corner,head,false
2022,Poland vs Saudi Arabia,,Saudi Arabia,Nawaf Al-Abed,68,23.7,61.5,0.0728,block,free-kick,left-foot,false
2022,Poland vs Saudi Arabia,,Saudi Arabia,Mohamed Kanno,90,27.8,44.9,0.019,miss,assisted,right-foot,false
2022,Poland vs Saudi Arabia,,Saudi Arabia,Firas Al-Buraikan,60,5.8,32.4,0.0898,miss,assisted,left-foot,false
2022,Poland vs Saudi Arabia,,Poland,Robert Lewandowski,66,3.9,55,0.1969,post,assisted,right-foot,false
2022,Poland vs Saudi Arabia,,Saudi Arabia,Abdulelah Al-Malki,78,15.8,45.9,0.084,miss,regular,left-foot,false
2022,Poland vs Saudi Arabia,,Saudi Arabia,Salem Al-Dawsari,69,22.7,44.4,0.0603,save,assisted,right-foot,false
2022,Poland vs Saudi Arabia,,Poland,Robert Lewandowski,41,5.7,72.3,0.0519,miss,assisted,right-foot,false
2022,Poland vs Saudi Arabia,,Saudi Arabia,Salem Al-Dawsari,55,4.9,44.2,0.1986,save,regular,left-foot,false
2022,Portugal vs Ghana,,Portugal,Rúben Neves,6,20.4,46.7,0.0647,block,regular,right-foot,false
2022,Portugal vs Ghana,,Portugal,Cristiano Ronaldo,13,3,55.8,0.1875,miss,corner,head,false
2022,Portugal vs Ghana,,Ghana,Iñaki Williams,67,26.1,59.2,0.0214,block,assisted,right-foot,false
2022,Portugal vs Ghana,,Portugal,Cristiano Ronaldo,10,11,50.9,0.1856,save,assisted,right-foot,false
2022,Portugal vs Ghana,,Ghana,Osman Bukari,89,6.5,51.1,0.4121,goal,regular,head,true
2022,Portugal vs Ghana,,Portugal,Cristiano Ronaldo,42,8.8,29,0.0246,block,assisted,left-foot,false
2022,Portugal vs Ghana,,Ghana,Mohammed Kudus,72,28.5,41.8,0.018,save,assisted,left-foot,false
2022,Portugal vs Ghana,,Portugal,Otavio,36,19.7,41.9,0.0334,save,assisted,right-foot,false
2022,Portugal vs Ghana,,Ghana,Alidu Seidu,54,27.9,57.2,0.0114,miss,corner,left-foot,false
2022,Portugal vs Ghana,,Portugal,Cristiano Ronaldo,65,11.5,50,0.7884,goal,penalty,right-foot,true
2022,Portugal vs Ghana,,Portugal,Otavio,5,23.1,42.5,0.0221,miss,corner,right-foot,false
2022,Portugal vs Ghana,,Portugal,João Félix,78,12.7,68.2,0.272,goal,assisted,right-foot,true
2022,Portugal vs Ghana,,Ghana,Mohammed Salisu,90,12.4,45.2,0.0366,miss,assisted,head,false
2022,Portugal vs Ghana,,Ghana,André Ayew,73,3.6,49.7,0.3579,goal,regular,right-foot,true
2022,Portugal vs Ghana,,Portugal,Rafael Leão,90,19.9,38,0.0445,block,assisted,right-foot,false
2022,Portugal vs Ghana,,Portugal,João Félix,28,15.2,48.9,0.1302,miss,assisted,left-foot,false
2022,Portugal vs Ghana,,Portugal,Rafael Leão,80,8.8,35,0.2518,goal,fast-break,right-foot,true
2022,Portugal vs Ghana,,Ghana,Mohammed Kudus,55,24.2,34.9,0.0367,miss,assisted,left-foot,false
2022,Portugal vs Ghana,,Ghana,Thomas Partey,69,27,64.6,0.0142,miss,assisted,right-foot,false
2022,Portugal vs Ghana,,Ghana,Osman Bukari,90,17.9,13.2,0.0221,miss,assisted,right-foot,false
2022,Portugal vs Switzerland,Round of 16,Portugal,Gonçalo Ramos,51,4.6,57.7,0.261,goal,regular,left-foot,true
2022,Portugal vs Switzerland,Round of 16,Switzerland,Xherdan Shaqiri,30,28.8,59.5,0.0334,save,free-kick,left-foot,false
2022,Portugal vs Switzerland,Round of 16,Portugal,Rúben Dias,90,10.6,50.2,0.0348,block,corner,head,false
2022,Portugal vs Switzerland,Round of 16,Switzerland,Xherdan Shaqiri,66,15.8,85.7,0.0365,miss,assisted,left-foot,false
2022,Portugal vs Switzerland,Round of 16,Portugal,Gonçalo Ramos,22,17.6,39.6,0.1071,save,fast-break,right-foot,false
2022,Portugal vs Switzerland,Round of 16,Switzerland,Remo Freuler,38,4.4,56.2,0.1654,block,regular,head,false
2022,Portugal vs Switzerland,Round of 16,Portugal,Pepe,54,8.9,43.6,0.0414,miss,corner,head,false
2022,Portugal vs Switzerland,Round of 16,Portugal,Rafael Leão,90,13,27.9,0.0239,goal,assisted,right-foot,true
2022,Portugal vs Switzerland,Round of 16,Portugal,Gonçalo Ramos,17,8.2,32.2,0.0659,goal,assisted,left-foot,true
2022,Portugal vs Switzerland,Round of 16,Portugal,Gonçalo Ramos,49,4.8,42.7,0.1676,miss,corner,head,false
2022,Portugal vs Switzerland,Round of 16,Switzerland,Breel Embolo,80,18.4,47.9,0.0431,block,assisted,right-foot,false
2022,Portugal vs Switzerland,Round of 16,Switzerland,Manuel Akanji,58,2.4,42,0.5397,goal,corner,right-foot,true
2022,Portugal vs Switzerland,Round of 16,Portugal,Otavio,22,17.1,43.4,0.0556,save,assisted,right-foot,false
2022,Portugal vs Switzerland,Round of 16,Switzerland,Breel Embolo,5,15.4,34.2,0.052,block,assisted,left-foot,false
2022,Portugal vs Switzerland,Round of 16,Switzerland,Noah Okafor,85,11.1,28.9,0.025,block,assisted,right-foot,false
2022,Portugal vs Switzerland,Round of 16,Portugal,Pepe,33,5.3,50.5,0.2992,goal,corner,head,true
2022,Portugal vs Switzerland,Round of 16,Portugal,Raphael Guerreiro,55,8.4,41.3,0.3526,goal,assisted,left-foot,true
2022,Portugal vs Switzerland,Round of 16,Switzerland,Fabian Schar,38,17.9,69.2,0.038,miss,regular,right-foot,false
2022,Portugal vs Switzerland,Round of 16,Portugal,Gonçalo Ramos,67,7.8,57.7,0.3255,goal,assisted,right-foot,true
2022,Portugal vs Switzerland,Round of 16,Switzerland,Denis Zakaria,71,21.5,46.1,0.0486,block,assisted,right-foot,false
2022,Portugal vs Switzerland,Round of 16,Portugal,João Félix,53,14.5,30.6,0.0376,block,assisted,left-foot,false
2022,Portugal vs Switzerland,Round of 16,Portugal,Gonçalo Ramos,43,11.1,40.1,0.5072,save,fast-break,left-foot,false
2022,Portugal vs Switzerland,Round of 16,Portugal,Raphael Guerreiro,45,21.1,29.8,0.0376,miss,corner,left-foot,false
2022,Portugal vs Switzerland,Round of 16,Portugal,Cristiano Ronaldo,76,27.2,57.6,0.0402,block,free-kick,right-foot,false
2022,Portugal vs Switzerland,Round of 16,Switzerland,Granit Xhaka,81,5.9,42.8,0.0909,miss,corner,head,false
2022,Portugal vs Uruguay,,Uruguay,Federico Valverde,86,30.2,58.5,0.0203,miss,set-piece,right-foot,false
2022,Portugal vs Uruguay,,Uruguay,Mathías Olivera,3,20.7,35.3,0.0362,miss,assisted,left-foot,false
2022,Portugal vs Uruguay,,Portugal,Rúben Neves,20,26.6,64.5,0.0223,block,regular,right-foot,false
2022,Portugal vs Uruguay,,Uruguay,Mathías Olivera,65,9.3,44,0.0566,block,assisted,head,false
2022,Portugal vs Uruguay,,Portugal,Bruno Fernandes,90,11.5,50,0.7884,goal,penalty,right-foot,true
2022,Portugal vs Uruguay,,Uruguay,Edinson Cavani,58,15.5,51.3,0.0978,miss,assisted,right-foot,false
2022,Portugal vs Uruguay,,Uruguay,Maximiliano Gómez,75,18.7,50.2,0.0498,post,assisted,right-foot,false
2022,Portugal vs Uruguay,,Portugal,Bruno Fernandes,54,19.8,16.1,0.0157,goal,assisted,right-foot,true
2022,Portugal vs Uruguay,,Portugal,Cristiano Ronaldo,35,19.7,27.2,0.0162,block,assisted,left-foot,false
2022,Portugal vs Uruguay,,Portugal,João Félix,52,10.3,31.2,0.0696,miss,assisted,left-foot,false
2022,Portugal vs Uruguay,,Portugal,João Félix,35,28.4,38.8,0.0134,block,assisted,right-foot,false
2022,Portugal vs Uruguay,,Uruguay,Luis Suárez,78,3.4,43.1,0.1875,miss,set-piece,left-foot,false
2022,Portugal vs Uruguay,,Uruguay,Rodrigo Bentancur,36,10.3,36.8,0.0596,block,assisted,right-foot,false
2022,Portugal vs Uruguay,,Uruguay,José María Giménez,12,10.1,48.5,0.0436,miss,corner,head,false
2022,Portugal vs Uruguay,,Portugal,William Carvalho,3,14.2,36.8,0.0668,miss,throw-in-set-piece,right-foot,false
2022,Portugal vs Uruguay,,Portugal,Bruno Fernandes,90,17.7,42.5,0.0829,post,assisted,right-foot,false
2022,Portugal vs Uruguay,,Portugal,Cristiano Ronaldo,57,31.9,26.4,0.0098,miss,regular,right-foot,false
2022,Portugal vs Uruguay,,Portugal,Bruno Fernandes,37,26.2,39,0.0187,block,assisted,right-foot,false
2022,Portugal vs Uruguay,,Portugal,Rafael Leão,83,23.6,61.4,0.0468,miss,assisted,right-foot,false
2022,Portugal vs Uruguay,,Uruguay,Giorgian de Arrascaeta,79,10.8,68.9,0.2137,save,assisted,right-foot,false
2022,Portugal vs Uruguay,,Portugal,Bruno Fernandes,90,3.6,64.7,0.0938,save,assisted,right-foot,false
2022,Portugal vs Uruguay,,Portugal,João Félix,16,19.2,37.6,0.0326,block,assisted,right-foot,false
2022,Portugal vs Uruguay,,Portugal,Cristiano Ronaldo,18,24.9,25.8,0.0326,block,free-kick,right-foot,false
2022,Portugal vs Uruguay,,Portugal,Bruno Fernandes,8,26.5,72.1,0.022,miss,assisted,right-foot,false
2022,Portugal vs Uruguay,,Uruguay,Rodrigo Bentancur,32,12.1,53.8,0.4835,save,assisted,right-foot,false
2022,Portugal vs Uruguay,,Uruguay,Darwin Núñez,60,26.7,54.5,0.0229,save,regular,right-foot,false
2022,Qatar vs Ecuador,,Qatar,Mohammed Muntari,86,17.5,72.3,0.025,miss,assisted,right-foot,false
2022,Qatar vs Ecuador,,Qatar,Akram Afif,75,26.8,30.3,0.0227,miss,assisted,right-foot,false
2022,Qatar vs Ecuador,,Qatar,Almoez Ali,45,6.3,56.9,0.2254,miss,assisted,head,false
2022,Qatar vs Ecuador,,Ecuador,Kevin Rodriguez,90,9.1,47.2,0.0573,miss,corner,head,false
2022,Qatar vs Ecuador,,Ecuador,Romario Ibarra,55,17.1,40.7,0.1212,save,assisted,right-foot,false
2022,Qatar vs Ecuador,,Ecuador,Enner Valencia,16,11.5,50,0.7884,goal,penalty,right-foot,true
2022,Qatar vs Ecuador,,Ecuador,Enner Valencia,31,9.5,46.6,0.1753,goal,assisted,head,true
2022,Qatar vs Ecuador,,Ecuador,Romario Ibarra,29,23.6,57.8,0.021,miss,regular,right-foot,false
2022,Qatar vs Ecuador,,Ecuador,Ángelo Preciado,52,26.1,78.9,0.0202,miss,assisted,right-foot,false
2022,Qatar vs Ecuador,,Qatar,Pedro Miguel,62,12.5,57.9,0.0274,miss,assisted,head,false
2022,Qatar vs Ecuador,,Qatar,Abdelkarim Hassan,33,30.1,26.8,0.0202,miss,assisted,left-foot,false
2022,Qatar vs Senegal,,Qatar,Almoez Ali,90,20.9,50.9,0.0381,miss,assisted,left-foot,false
2022,Qatar vs Senegal,,Senegal,Ahmadou Bamba Dieng,84,10.4,55.3,0.205,goal,assisted,right-foot,true
2022,Qatar vs Senegal,,Qatar,Mohammed Muntari,90,8.3,49.9,0.1037,block,assisted,head,false
2022,Qatar vs Senegal,,Qatar,Akram Afif,15,24.9,53.4,0.0223,miss,regular,right-foot,false
2022,Qatar vs Senegal,,Qatar,Abdelkarim Hassan,89,23.8,66.8,0.0188,miss,set-piece,left-foot,false
2022,Qatar vs Senegal,,Qatar,Ismaeel Mohammad,67,7.2,53.8,0.3901,save,assisted,other,false
2022,Qatar vs Senegal,,Senegal,Famara Diedhiou,17,8,48.9,0.0873,miss,corner,head,false
2022,Qatar vs Senegal,,Qatar,Almoez Ali,63,15.7,43.9,0.1004,save,assisted,left-foot,false
2022,Qatar vs Senegal,,Qatar,Abdelkarim Hassan,55,7.3,49.5,0.1754,block,set-piece,right-foot,false
2022,Qatar vs Senegal,,Senegal,Famara Diedhiou,48,6.8,61.2,0.0337,goal,corner,head,true
2022,Qatar vs Senegal,,Senegal,Ismaïla Sarr,30,19.4,69.8,0.0342,save,fast-break,right-foot,false
2022,Qatar vs Senegal,,Senegal,Nampalys Mendy,9,26.4,47.9,0.0245,miss,regular,right-foot,false
2022,Qatar vs Senegal,,Qatar,Mohammed Muntari,78,8.7,48,0.0819,goal,assisted,head,true
2022,Qatar vs Senegal,,Senegal,Boulaye Dia,41,10.8,41.5,0.0789,goal,regular,right-foot,true
2022,Qatar vs Senegal,,Senegal,Famara Diedhiou,59,8.5,60.8,0.0743,block,assisted,right-foot,false
2022,Qatar vs Senegal,,Qatar,Abdelkarim Hassan,26,26.2,23.9,0.0096,miss,assisted,left-foot,false
2022,Qatar vs Senegal,,Senegal,Krépin Diatta,16,6.8,27.9,0.023,save,regular,left-foot,false
2022,Qatar vs Senegal,,Senegal,Ismaïla Sarr,4,5.3,66.2,0.0634,miss,assisted,right-foot,false
2022,Qatar vs Senegal,,Qatar,Abdelkarim Hassan,61,26.2,28.1,0.0159,miss,assisted,right-foot,false
2022,Qatar vs Senegal,,Senegal,Boulaye Dia,81,13.2,49.3,0.0325,miss,set-piece,head,false
2022,Qatar vs Senegal,,Senegal,Nampalys Mendy,69,10.8,68.7,0.0352,miss,assisted,right-foot,false
2022,Qatar vs Senegal,,Senegal,Idrissa Gana Gueye,24,22.3,65.1,0.0244,miss,assisted,right-foot,false
2022,Qatar vs Senegal,,Senegal,Ismaïla Sarr,57,7,32.6,0.037,block,assisted,left-foot,false
2022,Saudi Arabia vs Mexico,,Mexico,Hirving Lozano,47,16,25,0.0181,block,regular,right-foot,false
2022,Saudi Arabia vs Mexico,,Mexico,Luis Chávez,52,30.4,52,0.0311,goal,free-kick,left-foot,true
2022,Saudi Arabia vs Mexico,,Mexico,Luis Chávez,73,29.1,51,0.0342,save,free-kick,left-foot,false
2022,Saudi Arabia vs Mexico,,Saudi Arabia,Sultan Al-Ghannam,55,3.7,66.8,0.0263,miss,assisted,head,false
2022,Saudi Arabia vs Mexico,,Mexico,Henry Martín,59,9.8,52,0.0473,miss,corner,head,false
2022,Saudi Arabia vs Mexico,,Mexico,Orbelín Pineda,25,13.7,52.4,0.0726,save,assisted,right-foot,false
2022,Saudi Arabia vs Mexico,,Saudi Arabia,Ali Al-Hassan,45,9.1,55.8,0.0739,miss,assisted,head,false
2022,Saudi Arabia vs Mexico,,Mexico,Orbelín Pineda,27,3.8,40,0.1058,miss,assisted,head,false
2022,Saudi Arabia vs Mexico,,Saudi Arabia,Sultan Al-Ghannam,50,2.5,61.7,0.1351,miss,set-piece,right-foot,false
2022,Saudi Arabia vs Mexico,,Saudi Arabia,Mohamed Kanno,8,6.1,73.5,0.0195,miss,assisted,right-foot,false
2022,Saudi Arabia vs Mexico,,Mexico,Rogelio Funes Mori,89,19.7,48.5,0.0683,block,assisted,right-foot,false
2022,Saudi Arabia vs Mexico,,Mexico,Henry Martín,70,10.8,41.2,0.1567,miss,set-piece,left-foot,false
2022,Saudi Arabia vs Mexico,,Mexico,Luis Chávez,47,28.9,51.5,0.0147,save,assisted,left-foot,false
2022,Saudi Arabia vs Mexico,,Saudi Arabia,Firas Al-Buraikan,67,16.5,30.1,0.0246,block,assisted,left-foot,false
2022,Saudi Arabia vs Mexico,,Mexico,Luis Chávez,45,26,33.1,0.0166,block,regular,left-foot,false
2022,Saudi Arabia vs Mexico,,Mexico,Hirving Lozano,90,23.8,40.3,0.0599,save,free-kick,right-foot,false
2022,Saudi Arabia vs Mexico,,Mexico,Jesús Gallardo,36,13.2,51.5,0.1191,miss,corner,right-foot,false
2022,Saudi Arabia vs Mexico,,Mexico,Hirving Lozano,90,17.9,31.2,0.0232,miss,regular,right-foot,false
2022,Saudi Arabia vs Mexico,,Mexico,Hirving Lozano,67,22.1,37.7,0.0564,save,assisted,right-foot,false
2022,Saudi Arabia vs Mexico,,Mexico,Luis Chávez,83,18.5,55.5,0.1153,block,free-kick,left-foot,false
2022,Saudi Arabia vs Mexico,,Mexico,Alexis Vega,3,17.6,49.8,0.4762,save,assisted,right-foot,false
2022,Saudi Arabia vs Mexico,,Saudi Arabia,Salem Al-Dawsari,80,25.3,51.7,0.0276,miss,assisted,right-foot,false
2022,Saudi Arabia vs Mexico,,Mexico,Luis Chávez,23,26.8,49.5,0.0152,save,regular,left-foot,false
2022,Saudi Arabia vs Mexico,,Saudi Arabia,Saleh Al-Shehri,3,24.7,51.9,0.0249,save,regular,left-foot,false
2022,Saudi Arabia vs Mexico,,Mexico,Orbelín Pineda,41,16.3,55,0.0728,block,set-piece,left-foot,false
2022,Saudi Arabia vs Mexico,,Mexico,Orbelín Pineda,76,18.2,39.8,0.0685,miss,assisted,right-foot,false
2022,Saudi Arabia vs Mexico,,Saudi Arabia,Salem Al-Dawsari,90,7.7,55.1,0.6386,goal,assisted,right-foot,true
2022,Saudi Arabia vs Mexico,,Saudi Arabia,Abdulelah Al-Amri,62,9.2,54.2,0.0683,miss,set-piece,head,false
2022,Saudi Arabia vs Mexico,,Mexico,Alexis Vega,45,13.5,35.8,0.0393,block,assisted,right-foot,false
2022,Saudi Arabia vs Mexico,,Mexico,Edson Álvarez,78,28.9,49.1,0.0187,save,regular,right-foot,false
2022,Saudi Arabia vs Mexico,,Saudi Arabia,Mohamed Kanno,13,22.9,39.4,0.0679,miss,free-kick,right-foot,false
2022,Saudi Arabia vs Mexico,,Mexico,Luis Chávez,2,25.4,66.4,0.0135,miss,assisted,left-foot,false
2022,Saudi Arabia vs Mexico,,Mexico,Henry Martín,47,2.7,51.8,0.5053,goal,corner,left-foot,true
2022,Saudi Arabia vs Mexico,,Mexico,Uriel Antuna,78,8.8,45.2,0.1138,block,assisted,right-foot,false
2022,Saudi Arabia vs Mexico,,Mexico,Luis Chávez,35,29.6,34.2,0.011,block,set-piece,left-foot,false
2022,Saudi Arabia vs Mexico,,Mexico,Luis Chávez,41,30.9,60.2,0.0296,block,free-kick,left-foot,false
2022,Senegal vs Netherlands,,Netherlands,Steven Berghuis,40,21.8,59.8,0.0377,miss,assisted,left-foot,false
2022,Senegal vs Netherlands,,Senegal,Idrissa Gana Gueye,73,15.5,50.5,0.1086,save,assisted,right-foot,false
2022,Senegal vs Netherlands,,Netherlands,Vincent Janssen,4,14.4,42.7,0.0621,block,regular,left-foot,false
2022,Senegal vs Netherlands,,Netherlands,Steven Berghuis,60,23.9,35.5,0.0227,block,assisted,left-foot,false
2022,Senegal vs Netherlands,,Netherlands,Davy Klaassen,90,10.1,41.2,0.1436,goal,regular,left-foot,true
2022,Senegal vs Netherlands,,Senegal,Youssouf Sabaly,54,24.4,73.5,0.0242,block,regular,right-foot,false
2022,Senegal vs Netherlands,,Senegal,Ismaïla Sarr,9,22.8,54.4,0.0401,miss,assisted,left-foot,false
2022,Senegal vs Netherlands,,Senegal,Ahmadou Bamba Dieng,90,7.6,43.9,0.1584,miss,assisted,head,false
2022,Senegal vs Netherlands,,Senegal,Ismaïla Sarr,82,8.1,51.8,0.1032,miss,assisted,head,false
2022,Senegal vs Netherlands,,Netherlands,Virgil van Dijk,53,8,52.6,0.0938,miss,corner,head,false
2022,Senegal vs Netherlands,,Senegal,Ismail Jakobs,90,26.9,27.9,0.0128,miss,regular,left-foot,false
2022,Senegal vs Netherlands,,Netherlands,Vincent Janssen,19,22.4,57,0.0273,block,assisted,left-foot,false
2022,Senegal vs Netherlands,,Senegal,Krépin Diatta,58,5.7,66.6,0.0834,miss,assisted,right-foot,false
2022,Senegal vs Netherlands,,Senegal,Pape Gueye,86,24.5,68.8,0.0251,save,assisted,left-foot,false
2022,Senegal vs Netherlands,,Senegal,Krépin Diatta,29,20.9,72.1,0.0222,miss,assisted,left-foot,false
2022,Senegal vs Netherlands,,Senegal,Idrissa Gana Gueye,29,18.9,61.5,0.0326,block,assisted,right-foot,false
2022,Senegal vs Netherlands,,Netherlands,Cody Gakpo,84,7.4,47.8,0.1397,goal,assisted,head,true
2022,Senegal vs Netherlands,,Netherlands,Virgil van Dijk,27,11,49.5,0.0318,miss,corner,head,false
2022,Senegal vs Netherlands,,Senegal,Youssouf Sabaly,33,29.8,71.5,0.0202,save,assisted,right-foot,false
2022,Senegal vs Netherlands,,Netherlands,Daley Blind,17,7.7,42.3,0.0709,miss,assisted,head,false
2022,Senegal vs Netherlands,,Senegal,Boulaye Dia,1,11.7,34.7,0.0472,block,assisted,left-foot,false
2022,Senegal vs Netherlands,,Senegal,Ismaïla Sarr,25,15.5,29.9,0.0364,block,assisted,right-foot,false
2022,Senegal vs Netherlands,,Senegal,Boulaye Dia,65,10.4,67.2,0.0881,save,assisted,right-foot,false
2022,Senegal vs Netherlands,,Senegal,Ahmadou Bamba Dieng,75,14.4,41.2,0.0856,miss,assisted,left-foot,false
2022,Senegal vs Netherlands,,Netherlands,Memphis Depay,90,17.4,66.3,0.0458,save,assisted,left-foot,false
2022,Serbia vs Switzerland,,Switzerland,Xherdan Shaqiri,30,11.5,60,0.1281,miss,assisted,left-foot,false
2022,Serbia vs Switzerland,,Switzerland,Breel Embolo,1,8.3,48.2,0.2611,save,assisted,left-foot,false
2022,Serbia vs Switzerland,,Switzerland,Christian Fassnacht,89,13.3,38.8,0.2294,save,assisted,right-foot,false
2022,Serbia vs Switzerland,,Switzerland,Granit Xhaka,1,14.8,51.8,0.0812,save,regular,right-foot,false
2022,Serbia vs Switzerland,,Switzerland,Granit Xhaka,1,22.1,47.8,0.0607,block,regular,left-foot,false
2022,Serbia vs Switzerland,,Serbia,Aleksandar Mitrovic,45,16.4,43.5,0.0419,miss,assisted,right-foot,false
2022,Serbia vs Switzerland,,Switzerland,Xherdan Shaqiri,20,11.7,63,0.1174,goal,assisted,left-foot,true
2022,Serbia vs Switzerland,,Serbia,Andrija Zivkovic,11,21.1,62.5,0.0603,post,assisted,left-foot,false
2022,Serbia vs Switzerland,,Switzerland,Remo Freuler,14,11,43.9,0.1364,miss,regular,left-foot,false
2022,Serbia vs Switzerland,,Serbia,Dušan Tadić,61,11.8,42.1,0.0783,miss,assisted,left-foot,false
2022,Serbia vs Switzerland,,Serbia,Aleksandar Mitrovic,26,11,46.4,0.1065,goal,fast-break,head,true
2022,Serbia vs Switzerland,,Serbia,Nemanja Radonjić,90,13.9,61.8,0.081,miss,set-piece,left-foot,false
2022,Serbia vs Switzerland,,Serbia,Luka Jovic,72,16.6,56,0.0215,block,assisted,head,false
2022,Serbia vs Switzerland,,Serbia,Luka Jovic,90,14.1,50.5,0.0305,miss,assisted,head,false
2022,Serbia vs Switzerland,,Switzerland,Rubén Vargas,38,18.8,59.2,0.0766,block,regular,right-foot,false
2022,Serbia vs Switzerland,,Serbia,Aleksandar Mitrovic,71,12.4,30.7,0.0311,block,assisted,right-foot,false
2022,Serbia vs Switzerland,,Serbia,Nikola Milenković,5,8,48.7,0.1052,miss,corner,head,false
2022,Serbia vs Switzerland,,Serbia,Dušan Vlahović,11,4.4,48.7,0.6784,save,assisted,right-foot,false
2022,Serbia vs Switzerland,,Switzerland,Granit Xhaka,22,20.4,39.6,0.0615,save,assisted,left-foot,false
2022,Serbia vs Switzerland,,Serbia,Dušan Vlahović,35,11.8,36.5,0.0897,goal,regular,left-foot,true
2022,Serbia vs Switzerland,,Switzerland,Breel Embolo,57,2.4,49.3,0.7796,miss,set-piece,right-foot,false
2022,Serbia vs Switzerland,,Switzerland,Fabian Schar,57,8.7,37.5,0.1039,block,set-piece,right-foot,false
2022,Serbia vs Switzerland,,Switzerland,Breel Embolo,44,4.2,46.2,0.6262,goal,assisted,right-foot,true
2022,Serbia vs Switzerland,,Switzerland,Remo Freuler,48,11.5,52.4,0.1036,goal,assisted,left-foot,true
2022,Serbia vs Switzerland,,Serbia,Dušan Vlahović,23,12.3,46.9,0.0371,save,assisted,head,false
2022,Serbia vs Switzerland,,Switzerland,Manuel Akanji,82,20.9,69.9,0.0505,miss,free-kick,right-foot,false
2022,South Korea vs Ghana,,South Korea,Kim Jin-su,84,10.5,31,0.0739,miss,assisted,left-foot,false
2022,South Korea vs Ghana,,South Korea,Kim Jin-su,86,7.7,41.2,0.0606,miss,assisted,head,false
2022,South Korea vs Ghana,,South Korea,Woo-Yeong Jeong,8,21.5,61.6,0.0278,block,corner,right-foot,false
2022,South Korea vs Ghana,,South Korea,Son Heung-min,90,9.5,35.9,0.0679,block,assisted,right-foot,false
2022,South Korea vs Ghana,,South Korea,Kim Jin-su,76,8.3,35.9,0.1582,block,regular,left-foot,false
2022,South Korea vs Ghana,,South Korea,Kim Jin-su,90,9.4,41,0.0371,block,assisted,head,false
2022,South Korea vs Ghana,,South Korea,Gue-sung Cho,4,7,54.5,0.1805,block,assisted,left-foot,false
2022,South Korea vs Ghana,,South Korea,Gue-sung Cho,58,7.5,46.2,0.2092,goal,assisted,head,true
2022,South Korea vs Ghana,,South Korea,Son Heung-min,76,9.8,35.3,0.0759,block,corner,right-foot,false
2022,South Korea vs Ghana,,Ghana,Mohammed Salisu,24,3.8,49.4,0.7307,goal,set-piece,left-foot,true
2022,South Korea vs Ghana,,South Korea,Kim Min-jae,8,7.4,57.2,0.0567,miss,corner,head,false
2022,South Korea vs Ghana,,South Korea,Gue-sung Cho,18,3.8,37.5,0.0409,block,corner,head,false
2022,South Korea vs Ghana,,Ghana,Mohammed Kudus,68,11.1,57.9,0.1294,goal,assisted,left-foot,true
2022,South Korea vs Ghana,,Ghana,Tariq Lamptey,50,13.8,63.9,0.0645,miss,regular,left-foot,false
2022,South Korea vs Ghana,,South Korea,Gue-sung Cho,90,7.5,27.7,0.0226,save,assisted,left-foot,false
2022,South Korea vs Ghana,,South Korea,Sang-Ho Na,90,9.1,61.1,0.0341,save,assisted,head,false
2022,South Korea vs Ghana,,Ghana,Mohammed Kudus,34,6.8,53,0.2751,goal,assisted,head,true
2022,South Korea vs Ghana,,South Korea,Gue-sung Cho,61,4.1,54.5,0.3699,goal,assisted,head,true
2022,South Korea vs Ghana,,South Korea,Woo-Young Jung,45,19.9,25,0.0298,miss,assisted,right-foot,false
2022,South Korea vs Ghana,,South Korea,Hwang In-beom,8,22.4,64.3,0.0334,block,corner,right-foot,false
2022,South Korea vs Ghana,,Ghana,Thomas Partey,45,2.2,43.8,0.1913,miss,corner,head,false
2022,South Korea vs Ghana,,Ghana,Salis Abdul Samed,83,23.4,50.7,0.0231,miss,corner,right-foot,false
2022,South Korea vs Ghana,,South Korea,Kang-in Lee,90,20.8,75.8,0.0189,miss,regular,left-foot,false
2022,South Korea vs Ghana,,South Korea,Kang-in Lee,75,26.2,59.1,0.0476,save,free-kick,left-foot,false
2022,South Korea vs Ghana,,Ghana,Iñaki Williams,68,9.3,43.5,0.2702,miss,assisted,right-foot,false
2022,South Korea vs Ghana,,South Korea,Kyung-won Kwon,90,29.9,67.2,0.02,block,assisted,left-foot,false
2022,South Korea vs Ghana,,South Korea,Gue-sung Cho,53,8.8,43.7,0.1194,save,assisted,head,false
2022,South Korea vs Ghana,,South Korea,Kang-in Lee,76,6,72.3,0.0361,block,assisted,left-foot,false
2022,South Korea vs Ghana,,South Korea,Kim Young-gwon,90,15.3,47.6,0.0747,block,corner,left-foot,false
2022,South Korea vs Portugal,,Portugal,Ricardo Horta,44,13.8,54.8,0.1994,save,assisted,left-foot,false
2022,South Korea vs Portugal,,South Korea,Gue-sung Cho,86,8.3,52.4,0.0718,block,corner,head,false
2022,South Korea vs Portugal,,South Korea,Son Heung-min,66,21.4,59,0.042,save,assisted,left-foot,false
2022,South Korea vs Portugal,,South Korea,Jae-sung Lee,57,23.4,62.7,0.0226,miss,corner,left-foot,false
2022,South Korea vs Portugal,,Portugal,João Cancelo,90,8.6,27.1,0.02,block,assisted,left-foot,false
2022,South Korea vs Portugal,,South Korea,Gue-sung Cho,17,9.4,34.5,0.0218,save,corner,head,false
2022,South Korea vs Portugal,,Portugal,Ricardo Horta,5,5.1,57.5,0.4774,goal,assisted,right-foot,true
2022,South Korea vs Portugal,,South Korea,Son Heung-min,56,12.9,72.3,0.0305,block,assisted,right-foot,false
2022,South Korea vs Portugal,,Portugal,Vitinha,42,21.6,61.6,0.0597,save,regular,right-foot,false
2022,South Korea vs Portugal,,South Korea,Hwang In-beom,31,20.9,36.7,0.0246,block,regular,left-foot,false
2022,South Korea vs Portugal,,Portugal,Ricardo Horta,45,16.5,55.3,0.0862,block,regular,right-foot,false
2022,South Korea vs Portugal,,Portugal,João Cancelo,15,3.1,25.6,0.023,save,assisted,right-foot,false
2022,South Korea vs Portugal,,South Korea,Hwang In-beom,67,21.1,42.9,0.1108,save,assisted,left-foot,false
2022,South Korea vs Portugal,,South Korea,Hwang Hee-chan,90,10.7,55.3,0.5823,goal,fast-break,right-foot,true
2022,South Korea vs Portugal,,South Korea,Kang-in Lee,74,26.5,63.6,0.0407,miss,free-kick,left-foot,false
2022,South Korea vs Portugal,,Portugal,Rafael Leão,72,23,71.7,0.0408,miss,fast-break,right-foot,false
2022,South Korea vs Portugal,,South Korea,Son Heung-min,16,10.9,25.6,0.0212,block,assisted,right-foot,false
2022,South Korea vs Portugal,,Portugal,Diogo Dalot,34,25.9,54.2,0.042,save,assisted,left-foot,false
2022,South Korea vs Portugal,,Portugal,Joao Palhinha,81,28.9,51.1,0.026,block,regular,right-foot,false
2022,South Korea vs Portugal,,Portugal,Cristiano Ronaldo,37,9.8,67.7,0.0695,block,assisted,right-foot,false
2022,South Korea vs Portugal,,Portugal,Matheus Nunes,41,26.2,75.9,0.0203,miss,assisted,right-foot,false
2022,South Korea vs Portugal,,South Korea,Kim Young-gwon,27,3.7,47.6,0.6784,goal,corner,left-foot,true
2022,South Korea vs Portugal,,South Korea,Son Heung-min,70,8.3,67.8,0.0457,block,assisted,right-foot,false
2022,South Korea vs Portugal,,Portugal,Vitinha,35,28.3,62.7,0.0105,save,corner,right-foot,false
2022,South Korea vs Portugal,,South Korea,Son Heung-min,40,25.1,50.9,0.0179,save,regular,left-foot,false
2022,South Korea vs Portugal,,Portugal,Cristiano Ronaldo,42,7.8,43.7,0.2299,miss,regular,head,false
2022,Spain vs Costa Rica,,Spain,Carlos Soler,90,15.9,53.8,0.0862,miss,assisted,right-foot,false
2022,Spain vs Costa Rica,,Spain,Ferran Torres,31,11.5,50,0.7884,goal,penalty,right-foot,true
2022,Spain vs Costa Rica,,Spain,Alvaro Morata,90,14.4,43.1,0.1965,goal,assisted,left-foot,true
2022,Spain vs Costa Rica,,Spain,Carlos Soler,90,9.1,50.3,0.3107,goal,regular,right-foot,true
2022,Spain vs Costa Rica,,Spain,Carlos Soler,90,15.1,17.5,0.0416,block,free-kick,right-foot,false
2022,Spain vs Costa Rica,,Spain,Dani Olmo,11,7.9,50.2,0.6049,goal,regular,right-foot,true
2022,Spain vs Costa Rica,,Spain,Marco Asensio,45,9,40.2,0.1401,miss,assisted,left-foot,false
2022,Spain vs Costa Rica,,Spain,Dani Olmo,62,25.1,31.2,0.0172,miss,assisted,right-foot,false
2022,Spain vs Costa Rica,,Spain,Marco Asensio,21,13.7,43.7,0.312,goal,assisted,left-foot,true
2022,Spain vs Costa Rica,,Spain,Alvaro Morata,63,6.2,71.3,0.0351,miss,assisted,right-foot,false
2022,Spain vs Costa Rica,,Spain,Marco Asensio,43,27,38.5,0.0183,block,assisted,left-foot,false
2022,Spain vs Costa Rica,,Spain,Marco Asensio,48,19.6,54.3,0.0665,miss,assisted,left-foot,false
2022,Spain vs Costa Rica,,Spain,Marco Asensio,9,15.4,51.2,0.2362,miss,assisted,left-foot,false
2022,Spain vs Costa Rica,,Spain,Dani Olmo,5,6.7,57.6,0.3728,miss,assisted,right-foot,false
2022,Spain vs Costa Rica,,Spain,Dani Olmo,70,8.9,31.6,0.0346,save,assisted,head,false
2022,Spain vs Costa Rica,,Spain,Gavi,74,15.3,57.1,0.1358,goal,assisted,right-foot,true
2022,Spain vs Costa Rica,,Spain,Ferran Torres,54,4.2,60.3,0.1328,goal,regular,left-foot,true
2022,Spain vs Germany,,Spain,Alvaro Morata,62,6.9,44.7,0.2914,goal,assisted,right-foot,true
2022,Spain vs Germany,,Spain,Ferran Torres,36,11.4,68.9,0.0369,block,corner,right-foot,false
2022,Spain vs Germany,,Germany,Niclas Füllkrug,73,7.7,52.6,0.3382,miss,assisted,right-foot,false
2022,Spain vs Germany,,Germany,Niclas Füllkrug,74,10.2,51.9,0.0514,miss,corner,head,false
2022,Spain vs Germany,,Germany,Jamal Musiala,73,8.8,64.1,0.3568,save,assisted,right-foot,false
2022,Spain vs Germany,,Germany,Joshua Kimmich,56,14.3,49.8,0.1148,save,assisted,right-foot,false
2022,Spain vs Germany,,Germany,Serge Gnabry,25,16.2,67.8,0.0644,miss,regular,left-foot,false
2022,Spain vs Germany,,Spain,Dani Olmo,7,20.1,29.7,0.0395,save,assisted,right-foot,false
2022,Spain vs Germany,,Spain,Dani Olmo,58,27.8,41.2,0.0296,save,assisted,right-foot,false
2022,Spain vs Germany,,Germany,Antonio Rüdiger,30,27.9,33.8,0.0224,miss,assisted,right-foot,false
2022,Spain vs Germany,,Spain,Marco Asensio,65,18.3,54.8,0.137,miss,assisted,left-foot,false
2022,Spain vs Germany,,Germany,Serge Gnabry,73,13.2,31,0.041,block,assisted,right-foot,false
2022,Spain vs Germany,,Germany,Antonio Rüdiger,45,7.7,74.4,0.0178,save,set-piece,right-foot,false
2022,Spain vs Germany,,Germany,Niclas Füllkrug,83,8,64.7,0.2097,goal,assisted,right-foot,true
2022,Spain vs Germany,,Spain,Ferran Torres,26,14.8,57.7,0.064,block,assisted,left-foot,false
2022,Spain vs Germany,,Germany,Leon Goretzka,64,22.9,48.7,0.0411,block,regular,right-foot,false
2022,Spain vs Germany,,Spain,Jordi Alba,22,22.9,26.4,0.0169,miss,assisted,right-foot,false
2022,Spain vs Germany,,Germany,Joshua Kimmich,81,25.6,29.5,0.035,block,free-kick,right-foot,false
2022,Switzerland vs Cameroon,,Cameroon,Karl Toko Ekambi,10,10.3,38.9,0.1533,miss,regular,right-foot,false
2022,Switzerland vs Cameroon,,Switzerland,Rubén Vargas,66,10.3,53,0.223,save,assisted,right-foot,false
2022,Switzerland vs Cameroon,,Cameroon,Frank Anguissa,66,9.8,54.2,0.055,save,set-piece,head,false
2022,Switzerland vs Cameroon,,Switzerland,Nico Elvedi,40,8.1,48.5,0.0782,miss,corner,head,false
2022,Switzerland vs Cameroon,,Cameroon,Martin Hongla,30,10.4,65.4,0.0537,save,assisted,right-foot,false
2022,Switzerland vs Cameroon,,Switzerland,Granit Xhaka,89,22.5,48.9,0.0467,save,assisted,left-foot,false
2022,Switzerland vs Cameroon,,Cameroon,Eric Maxim Choupo-Moting,57,1.2,58.8,0.094,save,regular,right-foot,false
2022,Switzerland vs Cameroon,,Switzerland,Granit Xhaka,12,24.7,31.7,0.0263,miss,assisted,left-foot,false
2022,Switzerland vs Cameroon,,Switzerland,Breel Embolo,48,7.2,47.6,0.5389,goal,assisted,right-foot,true
2022,Switzerland vs Cameroon,,Switzerland,Haris Seferović,90,11.2,54.4,0.19,block,assisted,left-foot,false
2022,Switzerland vs Cameroon,,Switzerland,Manuel Akanji,45,4,49.6,0.3412,miss,corner,head,false
2022,Switzerland vs Cameroon,,Cameroon,Bryan Mbeumo,10,9.6,29.9,0.0469,save,assisted,left-foot,false
2022,Switzerland vs Cameroon,,Cameroon,Nicolas N'Koulou,50,3.3,43.1,0.1777,save,set-piece,head,false
2022,Switzerland vs Cameroon,,Cameroon,Eric Maxim Choupo-Moting,41,13.2,60.6,0.1448,block,regular,right-foot,false
2022,Switzerland vs Cameroon,,Cameroon,Collins Fai,26,21.2,78.5,0.0239,miss,assisted,right-foot,false
2022,Tunisia vs Australia,,Australia,Mitchell Duke,57,10.7,49.5,0.0966,miss,assisted,head,false
2022,Tunisia vs Australia,,Tunisia,Youssef Msakni,66,16.8,37.1,0.0797,block,assisted,right-foot,false
2022,Tunisia vs Australia,,Tunisia,Youssef Msakni,72,23.4,56.1,0.0348,save,assisted,right-foot,false
2022,Tunisia vs Australia,,Australia,Fran Karačić,45,28.1,64.1,0.0131,miss,corner,right-foot,false
2022,Tunisia vs Australia,,Australia,Mitchell Duke,44,12.8,48.7,0.0643,save,set-piece,head,false
2022,Tunisia vs Australia,,Australia,Jackson Irvine,34,4.3,59,0.1016,miss,corner,right-foot,false
2022,Tunisia vs Australia,,Tunisia,Ferjani Sassi,61,29.1,67.6,0.0203,miss,assisted,right-foot,false
2022,Tunisia vs Australia,,Tunisia,Wahbi Khazri,90,10,30.8,0.035,block,regular,right-foot,false
2022,Tunisia vs Australia,,Australia,Mitchell Duke,27,9,43.7,0.0679,block,set-piece,head,false
2022,Tunisia vs Australia,,Tunisia,Mohamed Dräger,41,10.4,58.3,0.1235,block,throw-in-set-piece,right-foot,false
2022,Tunisia vs Australia,,Australia,Mitchell Duke,23,9.2,41.7,0.0549,goal,regular,head,true
2022,Tunisia vs Australia,,Australia,Fran Karačić,44,10.5,65.8,0.1561,miss,regular,left-foot,false
2022,Tunisia vs Australia,,Tunisia,Youssef Msakni,72,8.9,29.2,0.0409,save,assisted,left-foot,false
2022,Tunisia vs Australia,,Tunisia,Youssef Msakni,45,8.5,54.8,0.1318,miss,assisted,right-foot,false
2022,Tunisia vs Australia,,Tunisia,Taha Yassine Khenissi,86,19.5,69.5,0.0202,block,regular,right-foot,false
2022,Tunisia vs Australia,,Tunisia,Naïm Sliti,87,9,53.6,0.1444,block,assisted,left-foot,false
2022,Tunisia vs Australia,,Australia,Fran Karačić,6,28.6,50.5,0.0089,block,set-piece,right-foot,false
2022,Tunisia vs Australia,,Tunisia,Montassar Talbi,84,29.5,44.1,0.015,save,throw-in-set-piece,right-foot,false
2022,Tunisia vs Australia,,Tunisia,Wahbi Khazri,88,8.4,58.1,0.0987,save,assisted,left-foot,false
2022,Tunisia vs Australia,,Tunisia,Youssef Msakni,38,15.5,66.3,0.0555,block,assisted,right-foot,false
2022,Tunisia vs Australia,,Tunisia,Youssef Msakni,75,8.1,47.2,0.104,miss,regular,head,false
2022,Tunisia vs Australia,,Australia,Aaron Mooy,74,25.4,57.1,0.0477,miss,assisted,right-foot,false
2022,Tunisia vs Australia,,Tunisia,Mohamed Dräger,21,27.3,59,0.0319,miss,assisted,right-foot,false
2022,Tunisia vs France,,Tunisia,Wahbi Khazri,45,23.8,23.7,0.0313,miss,fast-break,right-foot,false
2022,Tunisia vs France,,France,Kingsley Coman,25,7.7,35.3,0.1552,miss,fast-break,left-foot,false
2022,Tunisia vs France,,France,Youssouf Fofana,45,18.9,68.6,0.0402,block,assisted,right-foot,false
2022,Tunisia vs France,,France,Adrien Rabiot,85,11,35.5,0.1019,miss,assisted,left-foot,false
2022,Tunisia vs France,,France,Axel Disasi,80,8.4,52.6,0.0669,block,corner,head,false
2022,Tunisia vs France,,France,Kylian Mbappé,89,3,25.2,0.0153,save,assisted,right-foot,false
2022,Tunisia vs France,,Tunisia,Aissa Laïdouni,52,3.8,31.4,0.093,miss,assisted,right-foot,false
2022,Tunisia vs France,,Tunisia,Wahbi Khazri,35,23.6,64.1,0.0318,save,regular,left-foot,false
2022,Tunisia vs France,,Tunisia,Wahbi Khazri,58,14.7,48,0.2327,goal,assisted,left-foot,true
2022,Tunisia vs France,,France,Kylian Mbappé,90,27.6,20.5,0.0182,save,set-piece,right-foot,false
2022,Tunisia vs France,,France,Kylian Mbappé,90,24.1,35.1,0.0608,block,free-kick,right-foot,false
2022,Tunisia vs France,,Tunisia,Anis Ben Slimane,30,8.4,52,0.1095,save,assisted,head,false
2022,Tunisia vs France,,France,Randal Kolo Muani,90,21.2,46.2,0.0397,block,assisted,right-foot,false
2022,Tunisia vs France,,France,Ousmane Dembélé,82,22.1,68,0.0348,save,corner,right-foot,false
2022,Tunisia vs France,,France,Adrien Rabiot,82,5.4,56.3,0.2749,miss,corner,right-foot,false
2022,USA vs Wales,,USA,Timothy Weah,36,11.8,46,0.4076,goal,assisted,right-foot,true
2022,USA vs Wales,,USA,Tyler Adams,90,26.5,45.9,0.0241,block,regular,right-foot,false
2022,USA vs Wales,,Wales,Kieffer Moore,65,2.7,53,0.3507,miss,corner,head,false
2022,USA vs Wales,,USA,Sergiño Dest,29,26.1,72.1,0.0222,miss,assisted,right-foot,false
2022,USA vs Wales,,Wales,Kieffer Moore,61,27.2,53.4,0.02,block,assisted,left-foot,false
2022,USA vs Wales,,USA,Brenden Aaronson,77,3.2,59.9,0.0709,miss,corner,head,false
2022,USA vs Wales,,Wales,Gareth Bale,82,11.5,50,0.7884,goal,penalty,left-foot,true
2022,USA vs Wales,,USA,Haji Wright,75,14.2,57,0.0352,miss,assisted,head,false
2022,USA vs Wales,,Wales,Brennan Johnson,89,7.4,71.5,0.0912,save,fast-break,right-foot,false
2022,USA vs Wales,,Wales,Ethan Ampadu,14,28.2,58.1,0.0394,miss,set-piece,right-foot,false
2022,USA vs Wales,,USA,Josh Sargent,10,4.2,41.6,0.2314,post,assisted,head,false
2022,USA vs Wales,,Wales,Ben Davies,45,6.4,46,0.1266,miss,corner,head,false
2022,USA vs Wales,,Wales,Ben Davies,64,8.9,46.9,0.1308,save,set-piece,head,false
2022,Uruguay vs South Korea,,South Korea,Kim Min-jae,53,7.1,59.4,0.0406,miss,corner,other,false
2022,Uruguay vs South Korea,,South Korea,Son Heung-min,90,25.4,44.3,0.0403,miss,assisted,left-foot,false
2022,Uruguay vs South Korea,,Uruguay,Darwin Núñez,81,20.4,32.6,0.0322,miss,assisted,right-foot,false
2022,Uruguay vs South Korea,,South Korea,Hwang In-beom,90,22.9,32.6,0.0215,miss,assisted,left-foot,false
2022,Uruguay vs South Korea,,Uruguay,Federico Valverde,69,26.6,33.2,0.013,miss,regular,right-foot,false
2022,Uruguay vs South Korea,,Uruguay,Diego Godín,43,9.2,50.1,0.0586,post,corner,head,false
2022,Uruguay vs South Korea,,South Korea,Hwang In-beom,39,28.2,70.1,0.0205,miss,assisted,right-foot,false
2022,Uruguay vs South Korea,,Uruguay,Federico Valverde,89,25.4,26.2,0.0223,post,regular,right-foot,false
2022,Uruguay vs South Korea,,South Korea,Gue-sung Cho,77,24.3,50.9,0.0304,miss,assisted,left-foot,false
2022,Uruguay vs South Korea,,South Korea,Kang-in Lee,75,24.6,72.7,0.0134,block,assisted,left-foot,false
2022,Uruguay vs South Korea,,Uruguay,Edinson Cavani,87,8.3,50.9,0.1242,miss,assisted,head,false
2022,Uruguay vs South Korea,,Uruguay,Edinson Cavani,69,12.3,60.5,0.0647,block,assisted,right-foot,false
2022,Uruguay vs South Korea,,Uruguay,Matias Vecino,13,8.4,38,0.1039,save,assisted,head,false
2022,Uruguay vs South Korea,,Uruguay,Rodrigo Bentancur,55,18.4,48.5,0.0747,block,set-piece,right-foot,false
2022,Uruguay vs South Korea,,Uruguay,Federico Valverde,19,13.8,46.8,0.0617,miss,regular,left-foot,false
2022,Uruguay vs South Korea,,South Korea,Ui-Jo Hwang,34,9.1,53.2,0.4686,miss,assisted,right-foot,false
2022,Uruguay vs South Korea,,Uruguay,José María Giménez,45,14.5,48.7,0.0358,miss,set-piece,head,false
2022,Wales vs England,,England,John Stones,45,6.8,67.2,0.0119,save,corner,head,false
2022,Wales vs England,,England,Phil Foden,38,14.1,57.9,0.114,miss,assisted,left-foot,false
2022,Wales vs England,,England,Marcus Rashford,24,21.5,24.4,0.0153,block,set-piece,right-foot,false
2022,Wales vs England,,England,Phil Foden,90,8.3,58.8,0.0849,block,assisted,left-foot,false
2022,Wales vs England,,England,Phil Foden,77,4.1,49.9,0.5204,miss,regular,left-foot,false
2022,Wales vs England,,England,Marcus Rashford,72,8.8,66.7,0.1765,save,fast-break,right-foot,false
2022,Wales vs England,,Wales,Joe Allen,45,18.8,62.9,0.0779,miss,assisted,left-foot,false
2022,Wales vs England,,Wales,Kieffer Moore,56,24.6,31.8,0.0265,save,assisted,right-foot,false
2022,Wales vs England,,Wales,Rubin Colwill,84,21.9,33.6,0.0229,miss,regular,right-foot,false
2022,Wales vs England,,England,Marcus Rashford,39,11.4,41.5,0.1199,miss,regular,right-foot,false
2022,Wales vs England,,England,Marcus Rashford,10,14,49.1,0.4337,save,assisted,right-foot,false
2022,Wales vs England,,England,Harry Kane,44,15.9,46.4,0.0532,block,assisted,left-foot,false
2022,Wales vs England,,Wales,Harry Wilson,83,24.1,67.2,0.0522,block,free-kick,left-foot,false
2022,Wales vs England,,England,John Stones,90,6.4,56.5,0.2126,post,corner,left-foot,false
2022,Wales vs England,,Wales,Joe Allen,39,24.1,59.2,0.0255,block,assisted,right-foot,false
2022,Wales vs England,,Wales,Brennan Johnson,73,14.8,72.9,0.0569,block,assisted,right-foot,false
2022,Wales vs England,,England,Phil Foden,51,4.3,41,0.2848,goal,assisted,left-foot,true
2022,Wales vs England,,England,Jude Bellingham,77,14.9,40.7,0.081,save,assisted,right-foot,false
2022,Wales vs England,,England,Marcus Rashford,68,8.8,62.3,0.0772,goal,assisted,left-foot,true
2022,Wales vs England,,England,Phil Foden,15,21.5,70.5,0.0327,miss,set-piece,left-foot,false
2022,Wales vs England,,England,Harry Maguire,18,3,66.2,0.0222,block,set-piece,head,false
2022,Wales vs England,,England,Harry Kane,45,18.4,34.2,0.0441,block,assisted,right-foot,false
2022,Wales vs England,,Wales,Kieffer Moore,87,17.1,42.6,0.0853,miss,assisted,right-foot,false
2022,Wales vs England,,England,Marcus Rashford,50,24.8,37.1,0.0518,goal,free-kick,right-foot,true
2022,Wales vs England,,England,Jude Bellingham,77,7.9,35.2,0.1857,miss,regular,left-foot,false
2022,Wales vs Iran,,Iran,Morteza Pouraliganji,72,19.1,47.6,0.0452,block,corner,left-foot,false
2022,Wales vs Iran,,Wales,Neco Williams,90,25.5,61.1,0.0308,miss,regular,right-foot,false
2022,Wales vs Iran,,Iran,Mehdi Taremi,64,12.6,35.2,0.0704,block,fast-break,right-foot,false
2022,Wales vs Iran,,Wales,Ben Davies,83,16.4,36.7,0.0889,save,assisted,left-foot,false
2022,Wales vs Iran,,Iran,Roozbeh Cheshmi,90,24.5,46.8,0.0539,goal,regular,right-foot,true
2022,Wales vs Iran,,Wales,Neco Williams,3,20.5,27,0.0161,miss,assisted,right-foot,false
2022,Wales vs Iran,,Iran,Sardar Azmoun,7,23.4,37.1,0.0194,save,assisted,right-foot,false
2022,Wales vs Iran,,Iran,Ramin Rezaeian,90,12.8,56.5,0.2269,goal,fast-break,right-foot,true
2022,Wales vs Iran,,Iran,Sardar Azmoun,52,8.1,45.2,0.2833,save,regular,head,false
2022,Wales vs Iran,,Iran,Alireza Jahanbakhsh,90,20,62.3,0.0349,block,assisted,right-foot,false
2022,Wales vs Iran,,Iran,Ahmad Nourollahi,70,25.2,58.8,0.0198,block,regular,right-foot,false
2022,Wales vs Iran,,Iran,Ahmad Nourollahi,20,23.3,40.6,0.0221,block,assisted,right-foot,false
2022,Wales vs Iran,,Iran,Sardar Azmoun,23,8.8,44.1,0.0626,miss,set-piece,head,false
2022,Wales vs Iran,,Iran,Sardar Azmoun,51,9.2,67.7,0.0917,post,fast-break,right-foot,false
2022,Wales vs Iran,,Wales,Gareth Bale,29,29.4,41,0.0152,save,assisted,left-foot,false
2022,Wales vs Iran,,Iran,Ahmad Nourollahi,75,30.1,67.9,0.0202,block,regular,right-foot,false
2022,Wales vs Iran,,Iran,Ahmad Nourollahi,45,28.3,59.4,0.0134,save,regular,right-foot,false
2022,Wales vs Iran,,Iran,Ehsan Hajsafi,56,12.8,40.6,0.1591,block,assisted,left-foot,false
2022,Wales vs Iran,,Iran,Alireza Jahanbakhsh,90,28.2,29.5,0.0203,block,assisted,right-foot,false
2022,Wales vs Iran,,Wales,Aaron Ramsey,83,12.6,72,0.0411,miss,assisted,right-foot,false
2022,Wales vs Iran,,Wales,Harry Wilson,42,11.8,34.6,0.0445,block,assisted,left-foot,false
2022,Wales vs Iran,,Wales,Brennan Johnson,90,5.4,66.2,0.0642,miss,assisted,right-foot,false
2022,Wales vs Iran,,Iran,Saeid Ezatolahi,73,18.8,63.9,0.0506,save,assisted,right-foot,false
2022,Wales vs Iran,,Iran,Ali Gholizadeh,52,22.9,60,0.0318,post,regular,left-foot,false
2022,Wales vs Iran,,Wales,Kieffer Moore,53,5.6,46.6,0.1909,miss,assisted,head,false
2022,Wales vs Iran,,Wales,Neco Williams,83,22.1,63.6,0.0421,block,regular,right-foot,false
2022,Wales vs Iran,,Iran,Mehdi Taremi,45,13.3,50.7,0.0633,miss,set-piece,left-foot,false
2022,Wales vs Iran,,Wales,Kieffer Moore,12,7.5,53.1,0.3535,save,assisted,right-foot,false
2022,Wales vs Iran,,Iran,Mahdi Torabi,88,19.1,50.1,0.0782,miss,assisted,right-foot,false
2022,Wales vs Iran,,Iran,Ramin Rezaeian,90,19.5,66.9,0.042,block,assisted,right-foot,false
2022,Wales vs Iran,,Iran,Karim Ansarifard,88,19.1,47.6,0.0677,miss,assisted,right-foot,false
2026,Algeria vs Austria,,Austria,Nicolas Seiwald,65,27.4,31.3,0.0179,miss,assisted,right-foot,false
2026,Algeria vs Austria,,Algeria,Farès Chaïbi,40,20.2,57.6,0.089,post,assisted,left-foot,false
2026,Algeria vs Austria,,Austria,Marko Arnautović,28,6.3,46.4,0.7664,goal,assisted,right-foot,true
2026,Algeria vs Austria,,Algeria,Riyad Mahrez,42,17.9,57.3,0.0513,block,assisted,left-foot,false
2026,Algeria vs Austria,,Algeria,Ibrahim Maza,10,29.7,40.3,0.013,miss,throw-in-set-piece,right-foot,false
2026,Algeria vs Austria,,Austria,Xaver Schlager,8,24.1,67.6,0.0085,miss,throw-in-set-piece,left-foot,false
2026,Algeria vs Austria,,Austria,Romano Schmid,38,24.2,75.6,0.0031,miss,corner,right-foot,false
2026,Algeria vs Austria,,Austria,Philipp Lienhart,90,15.2,43.6,0.0956,miss,assisted,left-foot,false
2026,Algeria vs Austria,,Algeria,Ramy Bensebaini,49,34.3,34.6,0.0072,miss,regular,left-foot,false
2026,Algeria vs Austria,,Austria,Saša Kalajdžić,90,7.1,53.4,0.162,goal,assisted,head,true
2026,Algeria vs Austria,,Algeria,Ibrahim Maza,44,7.3,55.8,0.4581,save,assisted,left-foot,false
2026,Algeria vs Austria,,Algeria,Farès Chaïbi,54,21.9,52.3,0.0718,save,assisted,right-foot,false
2026,Algeria vs Austria,,Austria,Kevin Danso,68,6.6,48.3,0.133,miss,corner,head,false
2026,Algeria vs Austria,,Austria,Phillipp Mwene,41,8.8,28.9,0.0494,miss,regular,right-foot,false
2026,Algeria vs Austria,,Algeria,Rafik Belghali,45,6.9,61.5,0.0889,goal,regular,left-foot,true
2026,Algeria vs Austria,,Algeria,Riyad Mahrez,90,8.7,61.5,0.4447,goal,assisted,right-foot,true
2026,Algeria vs Austria,,Austria,Marcel Sabitzer,55,18.4,50.5,0.1054,goal,assisted,right-foot,true
2026,Algeria vs Austria,,Algeria,Riyad Mahrez,60,8.8,62.1,0.2005,goal,assisted,left-foot,true
2026,Algeria vs Austria,,Algeria,Rafik Belghali,32,8.2,69.9,0.0267,miss,assisted,right-foot,false
2026,Algeria vs Austria,,Austria,Nicolas Seiwald,45,14.7,47.7,0.0969,block,corner,left-foot,false
2026,Algeria vs Austria,,Algeria,Farès Chaïbi,59,32.1,62.2,0.0161,block,assisted,right-foot,false
2026,Algeria vs Austria,,Algeria,Ibrahim Maza,36,4.8,32.9,0.1552,miss,assisted,left-foot,false
2026,Argentina vs Algeria,,Algeria,Farès Chaïbi,45,3.2,75.4,0.0074,miss,assisted,right-foot,false
2026,Argentina vs Algeria,,Argentina,Alexis Mac Allister,60,26,42.3,0.0319,save,regular,right-foot,false
2026,Argentina vs Algeria,,Algeria,Ibrahim Maza,57,21.9,40.9,0.0583,block,assisted,right-foot,false
2026,Argentina vs Algeria,,Algeria,Riyad Mahrez,86,22.5,61.8,0.0744,block,free-kick,left-foot,false
2026,Argentina vs Algeria,,Argentina,Lautaro Martínez,54,12,66.7,0.1177,save,fast-break,right-foot,false
2026,Argentina vs Algeria,,Algeria,Anis Hadj Moussa,45,14.5,68.1,0.0371,block,assisted,left-foot,false
2026,Argentina vs Algeria,,Argentina,Lionel Messi,37,34.2,26.7,0.0261,miss,free-kick,left-foot,false
2026,Argentina vs Algeria,,Algeria,Farès Chaïbi,44,26,48.3,0.0252,miss,assisted,right-foot,false
2026,Argentina vs Algeria,,Algeria,Houssem Aouar,69,21.3,56.4,0.0716,miss,assisted,right-foot,false
2026,Argentina vs Algeria,,Argentina,Lionel Messi,60,8.9,47.2,0.5692,goal,regular,right-foot,true
2026,Argentina vs Algeria,,Algeria,Farès Chaïbi,41,10.8,42.1,0.0336,miss,corner,head,false
2026,Argentina vs Algeria,,Argentina,Alexis Mac Allister,45,11.2,46.2,0.0504,miss,set-piece,head,false
2026,Argentina vs Algeria,,Argentina,Alexis Mac Allister,60,5.2,36.4,0.0316,block,corner,right-foot,false
2026,Argentina vs Algeria,,Argentina,Lionel Messi,76,16.9,47.4,0.1341,goal,assisted,left-foot,true
2026,Argentina vs Algeria,,Argentina,Lionel Messi,66,17.3,48.7,0.1195,save,assisted,left-foot,false
2026,Argentina vs Algeria,,Argentina,Thiago Almada,42,24.5,31.3,0.0243,miss,assisted,right-foot,false
2026,Argentina vs Algeria,,Argentina,Lionel Messi,17,20.7,44.4,0.0946,goal,assisted,left-foot,true
2026,Argentina vs Algeria,,Argentina,Lionel Messi,51,20.9,59.3,0.0852,miss,assisted,left-foot,false
2026,Argentina vs Austria,,Austria,Marcel Sabitzer,46,25.9,57.6,0.0179,miss,assisted,right-foot,false
2026,Argentina vs Austria,,Argentina,Lionel Messi,32,13.3,40.3,0.0722,save,regular,left-foot,false
2026,Argentina vs Austria,,Argentina,Lionel Messi,38,15.5,45.3,0.1883,goal,fast-break,left-foot,true
2026,Argentina vs Austria,,Argentina,Enzo Fernández,62,19.8,44.5,0.0955,block,assisted,right-foot,false
2026,Argentina vs Austria,,Argentina,Enzo Fernández,86,14.5,50.3,0.0711,block,regular,right-foot,false
2026,Argentina vs Austria,,Austria,Marcel Sabitzer,23,11.7,37,0.0999,miss,assisted,left-foot,false
2026,Argentina vs Austria,,Argentina,Nicolás González,86,13.4,45,0.1538,block,assisted,right-foot,false
2026,Argentina vs Austria,,Austria,Patrick Wimmer,90,7.9,53.6,0.082,miss,set-piece,head,false
2026,Argentina vs Austria,,Austria,Paul Wanner,23,7.7,45.8,0.1372,miss,assisted,head,false
2026,Argentina vs Austria,,Austria,Marcel Sabitzer,55,21.9,22.8,0.0343,save,free-kick,right-foot,false
2026,Argentina vs Austria,,Argentina,Lionel Messi,65,15.2,36.7,0.075,miss,assisted,left-foot,false
2026,Argentina vs Austria,,Argentina,Lionel Messi,9,11.5,50,0.7884,miss,penalty,left-foot,false
2026,Argentina vs Austria,,Argentina,Julián Alvarez,90,10.8,42.3,0.3877,save,fast-break,left-foot,false
2026,Argentina vs Austria,,Argentina,Lionel Messi,90,9.6,43.5,0.4404,save,fast-break,left-foot,false
2026,Argentina vs Austria,,Argentina,Lionel Messi,90,3.1,43,0.3165,goal,fast-break,left-foot,true
2026,Argentina vs Austria,,Argentina,Nicolás González,73,7.9,46.6,0.1366,miss,corner,head,false
2026,Argentina vs Austria,,Argentina,Lionel Messi,90,28.6,55.8,0.0348,miss,free-kick,left-foot,false
2026,Argentina vs Austria,,Austria,Michael Gregoritsch,67,7,51.2,0.1254,miss,assisted,head,false
2026,Argentina vs Cabo Verde,Round of 32,Cabo Verde,Jamiro Monteiro,120,17.8,48.3,0.0454,block,corner,right-foot,false
2026,Argentina vs Cabo Verde,Round of 32,Cabo Verde,Sidny Lopes Cabral,103,13.4,22.5,0.0324,goal,assisted,right-foot,true
2026,Argentina vs Cabo Verde,Round of 32,Argentina,Nicolás González,84,6,45.4,0.1229,miss,corner,head,false
2026,Argentina vs Cabo Verde,Round of 32,Argentina,Lionel Messi,98,14.8,42.1,0.0976,block,assisted,left-foot,false
2026,Argentina vs Cabo Verde,Round of 32,Cabo Verde,Hélio Varela,120,19.7,62.2,0.0248,block,assisted,right-foot,false
2026,Argentina vs Cabo Verde,Round of 32,Argentina,Enzo Fernández,45,18.7,46.5,0.0613,save,regular,right-foot,false
2026,Argentina vs Cabo Verde,Round of 32,Cabo Verde,Ryan Mendes,50,26.2,69.9,0.0138,miss,assisted,right-foot,false
2026,Argentina vs Cabo Verde,Round of 32,Argentina,Nicolás González,73,6.9,52.2,0.1074,miss,corner,head,false
2026,Argentina vs Cabo Verde,Round of 32,Argentina,Julián Alvarez,98,9.5,60.4,0.0496,block,regular,right-foot,false
2026,Argentina vs Cabo Verde,Round of 32,Cabo Verde,Deroy Duarte,54,24.4,52.6,0.0336,save,regular,left-foot,false
2026,Argentina vs Cabo Verde,Round of 32,Cabo Verde,Willy Semedo,114,6.8,24.1,0.0214,block,assisted,left-foot,false
2026,Argentina vs Cabo Verde,Round of 32,Cabo Verde,Ryan Mendes,7,14.8,67.9,0.0365,block,fast-break,left-foot,false
2026,Argentina vs Cabo Verde,Round of 32,Cabo Verde,Yannick Semedo,108,31.6,30.4,0.0156,miss,assisted,right-foot,false
2026,Argentina vs Cabo Verde,Round of 32,Argentina,Cristian Romero,111,5.2,44.6,0.1195,miss,corner,head,false
2026,Argentina vs Cabo Verde,Round of 32,Argentina,Leandro Paredes,90,28.5,54.6,0.0166,save,assisted,right-foot,false
2026,Argentina vs Cabo Verde,Round of 32,Argentina,Lionel Messi,29,4.2,59.7,0.24,goal,assisted,left-foot,true
2026,Argentina vs Cabo Verde,Round of 32,Argentina,Enzo Fernández,99,18.1,45.8,0.0301,block,corner,right-foot,false
2026,Argentina vs Cabo Verde,Round of 32,Argentina,Alexis Mac Allister,87,13.2,69.1,0.0155,block,regular,right-foot,false
2026,Argentina vs Cabo Verde,Round of 32,Argentina,Lionel Messi,73,19.2,38.1,0.1277,save,free-kick,left-foot,false
2026,Argentina vs Cabo Verde,Round of 32,Argentina,Alexis Mac Allister,92,5.6,38.4,0.0322,miss,corner,head,false
2026,Argentina vs Cabo Verde,Round of 32,Argentina,Lionel Messi,15,9.9,31.1,0.0695,miss,assisted,left-foot,false
2026,Argentina vs Cabo Verde,Round of 32,Argentina,Diney Borges,111,4.6,47.2,,goal,corner,other,false
2026,Argentina vs Cabo Verde,Round of 32,Cabo Verde,Diney Borges,119,13,47.2,0.0204,save,corner,head,false
2026,Argentina vs Cabo Verde,Round of 32,Argentina,Lisandro Martínez,92,6.1,66.9,0.047,goal,corner,left-foot,true
2026,Argentina vs Cabo Verde,Round of 32,Argentina,Lionel Messi,18,25.9,38.9,0.0387,save,free-kick,left-foot,false
2026,Argentina vs Cabo Verde,Round of 32,Cabo Verde,Jovane Cabral,49,22.9,40.9,0.0183,block,corner,right-foot,false
2026,Argentina vs Cabo Verde,Round of 32,Argentina,Gonzalo Montiel,105,9.9,60.8,0.0658,block,regular,right-foot,false
2026,Argentina vs Cabo Verde,Round of 32,Cabo Verde,Sidny Lopes Cabral,116,12.8,18.8,0.0432,save,free-kick,right-foot,false
2026,Argentina vs Cabo Verde,Round of 32,Cabo Verde,Deroy Duarte,59,4.6,66.2,0.0453,goal,assisted,right-foot,true
2026,Argentina vs Cabo Verde,Round of 32,Argentina,Enzo Fernández,90,8.5,49.6,0.1455,save,set-piece,head,false
2026,Argentina vs Cabo Verde,Round of 32,Argentina,Alexis Mac Allister,89,8.5,53,0.1117,block,assisted,head,false
2026,Argentina vs Cabo Verde,Round of 32,Cabo Verde,Diney Borges,97,10.6,47.3,0.0264,miss,corner,head,false
2026,Argentina vs Cabo Verde,Round of 32,Argentina,Enzo Fernández,67,13.5,36.6,0.0255,miss,assisted,right-foot,false
2026,Argentina vs Cabo Verde,Round of 32,Cabo Verde,Kevin Pina,78,31.8,43.3,0.0276,miss,free-kick,right-foot,false
2026,Argentina vs Cabo Verde,Round of 32,Cabo Verde,Steven Moreira,97,24.1,48.1,0.0246,block,corner,right-foot,false
2026,Argentina vs Cabo Verde,Round of 32,Argentina,Lionel Messi,69,27.2,52.9,0.0398,block,free-kick,left-foot,false
2026,Argentina vs Cabo Verde,Round of 32,Argentina,Lionel Messi,105,15.3,46.6,0.0901,save,regular,left-foot,false
2026,Argentina vs Cabo Verde,Round of 32,Argentina,Lionel Messi,63,10.2,55.4,0.4855,save,assisted,right-foot,false
2026,Argentina vs Cabo Verde,Round of 32,Argentina,Lionel Messi,90,22.3,61.9,0.0713,save,free-kick,left-foot,false
2026,Argentina vs Cabo Verde,Round of 32,Cabo Verde,Hélio Varela,120,27.4,59.9,0.0255,miss,regular,right-foot,false
2026,Argentina vs Egypt,Round of 16,Egypt,Mahmoud Trézéguet,90,8.1,46.6,0.0861,miss,assisted,head,false
2026,Argentina vs Egypt,Round of 16,Argentina,Alexis Mac Allister,28,7.7,49.9,0.3037,save,assisted,head,false
2026,Argentina vs Egypt,Round of 16,Egypt,Mahmoud Trézéguet,77,5.4,29.5,0.0366,miss,assisted,right-foot,false
2026,Argentina vs Egypt,Round of 16,Egypt,Yasser Ibrahim,15,6.8,46.2,0.1032,goal,corner,head,true
2026,Argentina vs Egypt,Round of 16,Argentina,Cristian Romero,79,7.6,52.4,0.3505,goal,assisted,head,true
2026,Argentina vs Egypt,Round of 16,Argentina,Lionel Messi,78,11.4,51.3,0.0696,block,assisted,right-foot,false
2026,Argentina vs Egypt,Round of 16,Egypt,Mostafa Ziko,67,7.7,51.2,0.644,goal,fast-break,right-foot,true
2026,Argentina vs Egypt,Round of 16,Argentina,Lautaro Martínez,75,8.2,52.1,0.1308,miss,assisted,right-foot,false
2026,Argentina vs Egypt,Round of 16,Argentina,Julián Alvarez,43,22.9,39.9,0.0462,miss,assisted,right-foot,false
2026,Argentina vs Egypt,Round of 16,Argentina,Leandro Paredes,53,24.3,75.4,0.0147,miss,set-piece,right-foot,false
2026,Argentina vs Egypt,Round of 16,Argentina,Alexis Mac Allister,61,4.6,41.5,0.103,miss,set-piece,head,false
2026,Argentina vs Egypt,Round of 16,Argentina,Lisandro Martínez,70,24.7,43.5,0.0194,miss,regular,left-foot,false
2026,Argentina vs Egypt,Round of 16,Argentina,Lionel Messi,31,28.4,44.2,0.0365,post,free-kick,left-foot,false
2026,Argentina vs Egypt,Round of 16,Argentina,Enzo Fernández,29,18.3,52.6,0.082,block,assisted,left-foot,false
2026,Argentina vs Egypt,Round of 16,Argentina,Julián Alvarez,39,10.5,46.6,0.288,save,assisted,left-foot,false
2026,Argentina vs Egypt,Round of 16,Egypt,Karim Hafez,35,32.7,41.7,0.0162,miss,regular,right-foot,false
2026,Argentina vs Egypt,Round of 16,Argentina,Lautaro Martínez,83,4.5,41.2,0.1311,miss,regular,right-foot,false
2026,Argentina vs Egypt,Round of 16,Egypt,Mostafa Ziko,58,9.8,39.7,0.5024,goal,fast-break,left-foot,true
2026,Argentina vs Egypt,Round of 16,Argentina,Rodrigo De Paul,47,19.4,62.4,0.0383,save,assisted,right-foot,false
2026,Argentina vs Egypt,Round of 16,Argentina,Nicolás Tagliafico,41,3.9,57.3,0.1364,miss,corner,head,false
2026,Argentina vs Egypt,Round of 16,Argentina,Lionel Messi,21,11.5,50,0.7884,save,penalty,left-foot,false
2026,Argentina vs Egypt,Round of 16,Argentina,Lionel Messi,38,19.4,62,0.0456,miss,assisted,left-foot,false
2026,Argentina vs Egypt,Round of 16,Argentina,Lautaro Martínez,74,8.6,42.4,0.1392,block,throw-in-set-piece,left-foot,false
2026,Argentina vs Egypt,Round of 16,Argentina,Enzo Fernández,90,8.2,45.2,0.2093,goal,fast-break,head,true
2026,Argentina vs Egypt,Round of 16,Argentina,Lionel Messi,83,10.5,55.2,0.0639,goal,assisted,left-foot,true
2026,Argentina vs Egypt,Round of 16,Argentina,Leandro Paredes,58,27.1,72.2,0.0127,block,assisted,right-foot,false
2026,Argentina vs Egypt,Round of 16,Argentina,Lautaro Martínez,82,4.8,56.4,0.162,miss,assisted,head,false
2026,Argentina vs Switzerland,Quarterfinals,Switzerland,Breel Embolo,60,8.6,49.7,0.0778,save,assisted,head,false
2026,Argentina vs Switzerland,Quarterfinals,Argentina,Alexis Mac Allister,9,4.2,59.4,0.0754,miss,corner,head,false
2026,Argentina vs Switzerland,Quarterfinals,Argentina,Lisandro Martínez,90,12.4,57,0.082,save,corner,left-foot,false
2026,Argentina vs Switzerland,Quarterfinals,Switzerland,Granit Xhaka,7,22.9,36.6,0.0152,miss,regular,left-foot,false
2026,Argentina vs Switzerland,Quarterfinals,Argentina,Nicolás González,91,11.9,38.8,0.1123,block,assisted,left-foot,false
2026,Argentina vs Switzerland,Quarterfinals,Argentina,Thiago Almada,95,20.9,35.1,0.0179,post,assisted,right-foot,false
2026,Argentina vs Switzerland,Quarterfinals,Argentina,Thiago Almada,120,10,45.9,0.3816,save,fast-break,right-foot,false
2026,Argentina vs Switzerland,Quarterfinals,Switzerland,Dan Ndoye,65,9.2,39.9,0.0319,save,assisted,head,false
2026,Argentina vs Switzerland,Quarterfinals,Argentina,Lisandro Martínez,90,12.9,33.3,0.0225,block,assisted,left-foot,false
2026,Argentina vs Switzerland,Quarterfinals,Argentina,Nicolás González,90,10.5,25,0.0237,miss,assisted,left-foot,false
2026,Argentina vs Switzerland,Quarterfinals,Argentina,Julián Alvarez,52,20.2,34.9,0.0574,block,regular,left-foot,false
2026,Argentina vs Switzerland,Quarterfinals,Argentina,Julián Alvarez,112,21.8,31.3,0.0301,goal,assisted,right-foot,true
2026,Argentina vs Switzerland,Quarterfinals,Switzerland,Ardon Jashari,105,27.3,55,0.0149,miss,assisted,left-foot,false
2026,Argentina vs Switzerland,Quarterfinals,Argentina,Enzo Fernández,52,4,55.5,0.2097,miss,corner,head,false
2026,Argentina vs Switzerland,Quarterfinals,Switzerland,Denis Zakaria,1,14.3,73.2,0.0185,block,assisted,right-foot,false
2026,Argentina vs Switzerland,Quarterfinals,Argentina,Lautaro Martínez,120,14.9,49.6,0.2953,goal,fast-break,right-foot,true
2026,Argentina vs Switzerland,Quarterfinals,Argentina,Lionel Messi,103,27.8,58.2,0.0355,block,free-kick,left-foot,false
2026,Argentina vs Switzerland,Quarterfinals,Argentina,Nahuel Molina,50,22.9,71.6,0.0408,miss,assisted,right-foot,false
2026,Argentina vs Switzerland,Quarterfinals,Argentina,Alexis Mac Allister,89,4.3,48.1,0.2803,miss,assisted,head,false
2026,Argentina vs Switzerland,Quarterfinals,Switzerland,Dan Ndoye,55,11.6,37.9,0.046,block,regular,right-foot,false
2026,Argentina vs Switzerland,Quarterfinals,Argentina,Lionel Messi,119,13.2,62.8,0.1076,block,fast-break,left-foot,false
2026,Argentina vs Switzerland,Quarterfinals,Argentina,Lionel Messi,112,18.1,54.2,0.0809,save,assisted,left-foot,false
2026,Argentina vs Switzerland,Quarterfinals,Argentina,Alexis Mac Allister,9,19.1,60.3,0.0565,block,assisted,right-foot,false
2026,Argentina vs Switzerland,Quarterfinals,Switzerland,Granit Xhaka,99,25.6,34.2,0.0191,miss,assisted,left-foot,false
2026,Argentina vs Switzerland,Quarterfinals,Switzerland,Djibril Sow,20,26,57,0.0239,save,assisted,right-foot,false
2026,Argentina vs Switzerland,Quarterfinals,Argentina,Julián Alvarez,92,28.1,35.4,0.016,miss,corner,right-foot,false
2026,Argentina vs Switzerland,Quarterfinals,Argentina,Cristian Romero,105,9.7,47,0.0401,miss,corner,head,false
2026,Argentina vs Switzerland,Quarterfinals,Switzerland,Granit Xhaka,66,30.9,65.2,0.0161,save,assisted,left-foot,false
2026,Argentina vs Switzerland,Quarterfinals,Argentina,Julián Alvarez,52,19.3,35.8,0.0668,miss,regular,left-foot,false
2026,Argentina vs Switzerland,Quarterfinals,Argentina,Thiago Almada,93,12.9,36.8,0.0615,save,assisted,right-foot,false
2026,Argentina vs Switzerland,Quarterfinals,Argentina,Lionel Messi,90,21.2,43.6,0.0395,miss,corner,right-foot,false
2026,Argentina vs Switzerland,Quarterfinals,Argentina,Lautaro Martínez,91,13.6,58.2,0.0967,block,assisted,right-foot,false
2026,Argentina vs Switzerland,Quarterfinals,Switzerland,Fabian Rieder,47,22.8,47.7,0.0628,block,assisted,left-foot,false
2026,Argentina vs Switzerland,Quarterfinals,Argentina,Alexis Mac Allister,10,5,44.1,0.1441,goal,corner,head,true
2026,Argentina vs Switzerland,Quarterfinals,Switzerland,Dan Ndoye,67,3.9,33.8,0.1998,goal,assisted,right-foot,true
2026,Argentina vs Switzerland,Quarterfinals,Argentina,Lisandro Martínez,105,22.3,43.6,0.0383,block,regular,right-foot,false
2026,Australia vs Egypt,Round of 32,Australia,Mohamed Touré,120,8.9,49.3,0.1477,miss,set-piece,right-foot,false
2026,Australia vs Egypt,Round of 32,Australia,Mohamed Hany,55,4.8,50.3,,goal,set-piece,head,false
2026,Australia vs Egypt,Round of 32,Australia,Connor Metcalfe,15,14.6,52.9,0.1229,block,throw-in-set-piece,right-foot,false
2026,Australia vs Egypt,Round of 32,Australia,Awer Mabil,118,20.3,26.7,0.0439,block,free-kick,right-foot,false
2026,Australia vs Egypt,Round of 32,Egypt,Marwan Attia,90,17,63.6,0.0275,block,assisted,right-foot,false
2026,Australia vs Egypt,Round of 32,Australia,Lucas Herrington,23,8.9,68.9,0.0099,miss,corner,head,false
2026,Australia vs Egypt,Round of 32,Australia,Awer Mabil,126,11.5,50,0.7884,goal,shootout,right-foot,true
2026,Australia vs Egypt,Round of 32,Australia,Lucas Herrington,128,11.5,50,0.7884,post,shootout,right-foot,false
2026,Australia vs Egypt,Round of 32,Australia,Connor Metcalfe,81,18.4,47.9,0.0246,block,set-piece,left-foot,false
2026,Australia vs Egypt,Round of 32,Egypt,Haissem Hassan,90,13,60.3,0.0982,block,assisted,right-foot,false
2026,Australia vs Egypt,Round of 32,Australia,Jackson Irvine,124,11.5,50,0.7884,goal,shootout,right-foot,true
2026,Australia vs Egypt,Round of 32,Egypt,Emam Ashour,13,6.8,45.3,0.2632,goal,set-piece,head,true
2026,Australia vs Egypt,Round of 32,Egypt,Emam Ashour,103,27.2,61.4,0.0184,miss,assisted,left-foot,false
2026,Australia vs Egypt,Round of 32,Australia,Aiden O'Neill,15,14.8,34.2,0.0678,miss,throw-in-set-piece,left-foot,false
2026,Australia vs Egypt,Round of 32,Egypt,Mahmoud Saber,123,11.5,50,0.7884,goal,shootout,right-foot,true
2026,Australia vs Egypt,Round of 32,Australia,Cristian Volpato,5,25,53.4,0.0202,post,assisted,left-foot,false
2026,Australia vs Egypt,Round of 32,Egypt,Emam Ashour,112,18.4,58.2,0.0716,block,assisted,left-foot,false
2026,Australia vs Egypt,Round of 32,Egypt,Marwan Attia,109,26.8,53.1,0.0214,miss,assisted,right-foot,false
2026,Australia vs Egypt,Round of 32,Australia,Ajdin Hrustić,86,11.2,71.5,0.0268,block,fast-break,left-foot,false
2026,Australia vs Egypt,Round of 32,Egypt,Rami Rabia,125,11.5,50,0.7884,goal,shootout,right-foot,true
2026,Australia vs Egypt,Round of 32,Egypt,Hossam Abdelmaguid,129,11.5,50,0.7884,goal,shootout,right-foot,true
2026,Australia vs Egypt,Round of 32,Australia,Ajdin Hrustić,78,14.1,74,0.0296,block,assisted,left-foot,false
2026,Australia vs Egypt,Round of 32,Egypt,Emam Ashour,13,14.3,28.9,0.0204,block,set-piece,right-foot,false
2026,Australia vs Egypt,Round of 32,Egypt,Marwan Attia,109,26.8,53.1,0.0188,save,assisted,right-foot,false
2026,Australia vs Egypt,Round of 32,Australia,Jackson Irvine,88,3.9,60,0.0757,block,corner,head,false
2026,Australia vs Egypt,Round of 32,Australia,Alessandro Circati,120,8.8,60.6,0.0266,block,set-piece,head,false
2026,Australia vs Egypt,Round of 32,Egypt,Mohamed Salah,127,11.5,50,0.7884,goal,shootout,left-foot,true
2026,Australia vs Egypt,Round of 32,Egypt,Marwan Attia,86,20.3,66.1,0.0179,block,regular,right-foot,false
2026,Australia vs Egypt,Round of 32,Egypt,Emam Ashour,73,19.5,66.2,0.0391,miss,regular,right-foot,false
2026,Australia vs Egypt,Round of 32,Australia,Nestory Irankunda,61,19.4,37.5,0.0254,block,regular,right-foot,false
2026,Australia vs Egypt,Round of 32,Australia,Nestory Irankunda,45,7.3,50.2,0.1229,miss,assisted,head,false
2026,Australia vs Egypt,Round of 32,Egypt,Mohamed Salah,93,10.1,66.2,0.0994,miss,assisted,right-foot,false
2026,Australia vs Egypt,Round of 32,Australia,Harry Souttar,122,11.5,50,0.7884,miss,shootout,right-foot,false
2026,Australia vs Egypt,Round of 32,Egypt,Omar Marmoush,16,11.5,36.5,0.1092,block,fast-break,right-foot,false
2026,Australia vs Egypt,Round of 32,Australia,Cristian Volpato,45,19.6,70.1,0.0241,miss,assisted,left-foot,false
2026,Australia vs Egypt,Round of 32,Australia,Aziz Behich,35,16,32.5,0.0466,save,throw-in-set-piece,left-foot,false
2026,Australia vs Egypt,Round of 32,Egypt,Mohamed Salah,90,13.9,64.8,0.0377,save,corner,left-foot,false
2026,Australia vs Egypt,Round of 32,Australia,Mohamed Touré,106,9.7,53,0.0547,miss,regular,head,false
2026,Australia vs Egypt,Round of 32,Egypt,Rami Rabia,90,8.5,51.7,0.1276,save,corner,head,false
2026,Australia vs Egypt,Round of 32,Australia,Kai Trewin,88,20.2,67.6,0.0081,block,corner,right-foot,false
2026,Australia vs Egypt,Round of 32,Egypt,Omar Marmoush,46,10.2,43.6,0.4089,miss,assisted,right-foot,false
2026,Australia vs Türkiye,,Australia,Alessandro Circati,17,5.7,44.2,0.1247,miss,corner,head,false
2026,Australia vs Türkiye,,Türkiye,Arda Güler,65,25.5,36.4,0.0181,block,assisted,left-foot,false
2026,Australia vs Türkiye,,Türkiye,Kerem Aktürkoğlu,45,12.6,51.4,0.096,block,regular,left-foot,false
2026,Australia vs Türkiye,,Türkiye,Arda Güler,27,14,52.3,0.052,save,regular,right-foot,false
2026,Australia vs Türkiye,,Türkiye,Hakan Çalhanoğlu,86,23.7,39.2,0.0607,save,free-kick,right-foot,false
2026,Australia vs Türkiye,,Australia,Nestory Irankunda,45,16.3,43.8,0.0513,save,assisted,right-foot,false
2026,Australia vs Türkiye,,Australia,Jordan Bos,39,25.1,46.2,0.032,miss,throw-in-set-piece,left-foot,false
2026,Australia vs Türkiye,,Türkiye,Arda Güler,57,26.8,57,0.0448,save,free-kick,left-foot,false
2026,Australia vs Türkiye,,Türkiye,Kenan Yıldız,90,21,33.1,0.0272,block,regular,right-foot,false
2026,Australia vs Türkiye,,Türkiye,Kenan Yıldız,63,21.3,27.9,0.019,block,assisted,right-foot,false
2026,Australia vs Türkiye,,Türkiye,Abdülkerim Bardakcı,4,7.4,46.1,0.0853,miss,corner,head,false
2026,Australia vs Türkiye,,Türkiye,Merih Demiral,90,7.9,62.8,0.0219,miss,assisted,head,false
2026,Australia vs Türkiye,,Türkiye,Kenan Yıldız,60,10.8,36.8,0.0553,block,assisted,right-foot,false
2026,Australia vs Türkiye,,Australia,Harry Souttar,54,10.2,58.8,0.0247,save,corner,head,false
2026,Australia vs Türkiye,,Türkiye,Kenan Yıldız,66,13.2,24.8,0.023,block,assisted,right-foot,false
2026,Australia vs Türkiye,,Türkiye,Arda Güler,89,20.6,57.3,0.0451,save,assisted,left-foot,false
2026,Australia vs Türkiye,,Türkiye,Kerem Aktürkoğlu,78,8.5,50.9,0.1705,save,assisted,right-foot,false
2026,Australia vs Türkiye,,Türkiye,Hakan Çalhanoğlu,46,24.4,24.4,0.0136,save,assisted,right-foot,false
2026,Australia vs Türkiye,,Türkiye,İsmail Yüksek,50,20.2,50.8,0.0575,block,regular,left-foot,false
2026,Australia vs Türkiye,,Türkiye,İsmail Yüksek,57,12.6,58.3,0.0318,miss,corner,right-foot,false
2026,Australia vs Türkiye,,Australia,Mohamed Touré,54,11,55,0.0449,miss,corner,right-foot,false
2026,Australia vs Türkiye,,Türkiye,Hakan Çalhanoğlu,50,15,52.4,0.0585,block,regular,right-foot,false
2026,Australia vs Türkiye,,Australia,Jordan Bos,48,11.5,32.9,0.0494,block,fast-break,right-foot,false
2026,Australia vs Türkiye,,Australia,Connor Metcalfe,75,23.1,55.8,0.036,goal,regular,left-foot,true
2026,Australia vs Türkiye,,Türkiye,Hakan Çalhanoğlu,3,26.2,48.9,0.0168,block,assisted,right-foot,false
2026,Australia vs Türkiye,,Türkiye,Kenan Yıldız,66,15.1,35.9,0.0476,block,regular,right-foot,false
2026,Australia vs Türkiye,,Türkiye,Hakan Çalhanoğlu,30,26.8,70.7,0.0176,miss,assisted,right-foot,false
2026,Australia vs Türkiye,,Türkiye,Ferdi Kadıoğlu,19,21.9,39.5,0.0447,miss,assisted,right-foot,false
2026,Australia vs Türkiye,,Türkiye,Arda Güler,42,25.3,54.8,0.0265,miss,assisted,left-foot,false
2026,Australia vs Türkiye,,Australia,Jacob Italiano,49,24,36,0.0184,miss,corner,right-foot,false
2026,Australia vs Türkiye,,Türkiye,Kerem Aktürkoğlu,51,23.5,53.4,0.0197,miss,corner,right-foot,false
2026,Australia vs Türkiye,,Türkiye,Arda Güler,7,14.7,71.4,0.0305,miss,assisted,left-foot,false
2026,Australia vs Türkiye,,Türkiye,Abdülkerim Bardakcı,30,27.6,42.8,0.0265,save,regular,left-foot,false
2026,Australia vs Türkiye,,Türkiye,Arda Güler,82,22.3,69.1,0.0301,miss,throw-in-set-piece,left-foot,false
2026,Australia vs Türkiye,,Türkiye,Zeki Çelik,72,2.3,64.4,0.102,save,assisted,right-foot,false
2026,Australia vs Türkiye,,Türkiye,Orkun Kökçü,36,12.9,41.8,0.0629,miss,assisted,right-foot,false
2026,Australia vs Türkiye,,Türkiye,Arda Güler,74,23.2,67.5,0.0133,miss,assisted,left-foot,false
2026,Australia vs Türkiye,,Türkiye,Kenan Yıldız,77,12.4,68.9,0.0389,block,assisted,right-foot,false
2026,Australia vs Türkiye,,Türkiye,İsmail Yüksek,4,8.1,45.5,0.0585,block,corner,head,false
2026,Australia vs Türkiye,,Australia,Nestory Irankunda,27,13,43.6,0.3837,goal,assisted,right-foot,true
2026,Austria vs Jordan,,Austria,Marko Arnautović,67,3.9,52.6,0.4051,goal,corner,right-foot,true
2026,Austria vs Jordan,,Austria,Stefan Posch,33,7.3,62.7,0.0707,miss,regular,right-foot,false
2026,Austria vs Jordan,,Jordan,Ali Olwan,50,13.6,36,0.0854,goal,fast-break,right-foot,true
2026,Austria vs Jordan,,Austria,Marko Arnautović,90,13.3,41.3,0.3169,save,regular,left-foot,false
2026,Austria vs Jordan,,Austria,David Alaba,11,30.4,50.9,0.0177,miss,regular,left-foot,false
2026,Austria vs Jordan,,Jordan,Ehsan Haddad,2,3.9,69.9,0.0172,miss,assisted,right-foot,false
2026,Austria vs Jordan,,Austria,Romano Schmid,21,22.2,46.6,0.0435,goal,assisted,right-foot,true
2026,Austria vs Jordan,,Jordan,Mousa Tamari,45,15.6,65,0.0265,miss,assisted,left-foot,false
2026,Austria vs Jordan,,Jordan,Odeh Fakhoury,17,18.8,57.5,0.0465,save,set-piece,right-foot,false
2026,Austria vs Jordan,,Austria,Stefan Posch,60,13.8,64.2,0.073,miss,assisted,right-foot,false
2026,Austria vs Jordan,,Austria,Marcel Sabitzer,19,20.1,30.4,0.0145,block,assisted,left-foot,false
2026,Austria vs Jordan,,Austria,Saša Kalajdžić,45,28.7,24.9,0.0154,miss,assisted,right-foot,false
2026,Austria vs Jordan,,Austria,Yazan Al-Arab,76,4.6,44.9,,goal,corner,head,false
2026,Austria vs Jordan,,Jordan,Mousa Tamari,9,20.2,76.4,0.0111,save,assisted,left-foot,false
2026,Austria vs Jordan,,Austria,Saša Kalajdžić,30,9.9,49,0.1089,miss,assisted,head,false
2026,Austria vs Jordan,,Jordan,Ali Olwan,55,15,50,0.0661,block,assisted,right-foot,false
2026,Austria vs Jordan,,Austria,Marko Arnautović,90,11.5,50,0.7884,goal,penalty,right-foot,true
2026,Austria vs Jordan,,Austria,Carney Chukwuemeka,63,11,58.3,0.2027,save,assisted,right-foot,false
2026,Austria vs Jordan,,Austria,Konrad Laimer,90,25.3,45.2,0.0113,miss,corner,right-foot,false
2026,Austria vs Jordan,,Jordan,Ali Olwan,34,11.1,65.8,0.0738,save,assisted,right-foot,false
2026,Austria vs Jordan,,Jordan,Mousa Tamari,34,11.1,54.8,0.0937,block,regular,left-foot,false
2026,Austria vs Jordan,,Austria,Marko Arnautović,60,8.9,48.9,0.0423,miss,assisted,head,false
2026,Austria vs Jordan,,Jordan,Mousa Tamari,44,22.9,31.6,0.0112,miss,set-piece,left-foot,false
2026,Austria vs Jordan,,Jordan,Ali Al Azaizeh,90,29.1,50,0.0168,miss,set-piece,left-foot,false
2026,Austria vs Jordan,,Jordan,Ali Olwan,22,4.2,39.4,0.0893,post,corner,head,false
2026,Belgium vs Egypt,,Belgium,Youri Tielemans,62,22.9,53.6,0.0141,miss,corner,left-foot,false
2026,Belgium vs Egypt,,Egypt,Omar Marmoush,60,11,66.7,0.1021,miss,fast-break,right-foot,false
2026,Belgium vs Egypt,,Belgium,Thomas Meunier,73,9.8,64.8,0.0497,save,assisted,left-foot,false
2026,Belgium vs Egypt,,Belgium,Brandon Mechele,83,8,45,0.2209,save,set-piece,head,false
2026,Belgium vs Egypt,,Egypt,Omar Marmoush,84,15.3,48.3,0.072,block,corner,right-foot,false
2026,Belgium vs Egypt,,Belgium,Leandro Trossard,39,18.6,45.4,0.0836,block,assisted,left-foot,false
2026,Belgium vs Egypt,,Egypt,Omar Marmoush,45,2.4,29.3,0.0504,miss,regular,right-foot,false
2026,Belgium vs Egypt,,Egypt,Emam Ashour,20,21.9,46.2,0.0717,goal,assisted,right-foot,true
2026,Belgium vs Egypt,,Egypt,Mohamed Salah,55,8.9,51.1,0.1433,save,assisted,head,false
2026,Belgium vs Egypt,,Belgium,Jérémy Doku,45,13.9,50.1,0.1201,miss,throw-in-set-piece,right-foot,false
2026,Belgium vs Egypt,,Belgium,Kevin De Bruyne,53,21.5,36.2,0.066,post,free-kick,right-foot,false
2026,Belgium vs Egypt,,Egypt,Marwan Attia,57,14.8,36.2,0.0288,block,assisted,left-foot,false
2026,Belgium vs Egypt,,Belgium,Romelu Lukaku,87,8.3,48.7,0.1961,miss,assisted,head,false
2026,Belgium vs Egypt,,Belgium,Youri Tielemans,31,12,46.4,0.0392,miss,assisted,head,false
2026,Belgium vs Egypt,,Egypt,Mohamed Hany,45,24.2,52.8,0.0155,block,corner,right-foot,false
2026,Belgium vs Egypt,,Egypt,Mohamed Hany,90,17.9,73.2,0.0225,block,assisted,right-foot,false
2026,Belgium vs Egypt,,Egypt,Zizo,79,25.7,35.4,0.0181,block,assisted,right-foot,false
2026,Belgium vs Egypt,,Belgium,Kevin De Bruyne,7,19.2,44.8,0.0598,miss,assisted,right-foot,false
2026,Belgium vs Egypt,,Belgium,Brandon Mechele,90,10.1,46.2,0.0915,miss,set-piece,right-foot,false
2026,Belgium vs Egypt,,Egypt,Mostafa Ziko,33,14.4,74.7,0.0243,save,assisted,right-foot,false
2026,Belgium vs Egypt,,Belgium,Kevin De Bruyne,43,25,62.2,0.0326,block,assisted,right-foot,false
2026,Belgium vs Egypt,,Egypt,Omar Marmoush,48,11.4,46.8,0.2126,block,assisted,right-foot,false
2026,Belgium vs Egypt,,Belgium,Leandro Trossard,6,22.5,56.7,0.0251,block,assisted,left-foot,false
2026,Belgium vs Egypt,,Egypt,Omar Marmoush,65,15.7,37.4,0.0596,block,assisted,right-foot,false
2026,Belgium vs Egypt,,Belgium,Romelu Lukaku,78,15.3,48.3,0.0653,block,assisted,right-foot,false
2026,Belgium vs Egypt,,Belgium,Mohamed Hany,66,5.7,48.5,,goal,regular,left-foot,false
2026,Belgium vs Egypt,,Egypt,Emam Ashour,55,7.1,66,0.1363,miss,regular,right-foot,false
2026,Belgium vs Egypt,,Belgium,Leandro Trossard,38,14.3,57.9,0.0961,block,assisted,right-foot,false
2026,Belgium vs Egypt,,Egypt,Mostafa Ziko,48,13.2,49.3,0.1336,block,regular,left-foot,false
2026,Belgium vs Egypt,,Belgium,Kevin De Bruyne,62,15.1,50.3,0.1529,save,assisted,right-foot,false
2026,Belgium vs Iran,,Belgium,Youri Tielemans,84,16.5,32.7,0.0258,miss,set-piece,left-foot,false
2026,Belgium vs Iran,,Belgium,Dodi Lukebakio,90,18.8,71.1,0.0346,miss,assisted,left-foot,false
2026,Belgium vs Iran,,Iran,Alireza Jahanbakhsh,46,14.8,67.3,0.0526,miss,assisted,left-foot,false
2026,Belgium vs Iran,,Iran,Amirhossein Hosseinzadeh,88,12.1,44.2,0.0963,block,assisted,right-foot,false
2026,Belgium vs Iran,,Belgium,Romelu Lukaku,21,8.6,51.7,0.0781,block,assisted,head,false
2026,Belgium vs Iran,,Belgium,Alexis Saelemaekers,50,4.4,65.7,0.0277,miss,corner,right-foot,false
2026,Belgium vs Iran,,Belgium,Maxim De Cuyper,59,4.5,46.2,0.3451,save,regular,right-foot,false
2026,Belgium vs Iran,,Belgium,Youri Tielemans,22,9.4,72,0.0352,save,assisted,right-foot,false
2026,Belgium vs Iran,,Belgium,Kevin De Bruyne,46,10.4,32.1,0.0292,block,assisted,left-foot,false
2026,Belgium vs Iran,,Iran,Hossein Kanaani,14,13.3,47.7,0.1628,save,throw-in-set-piece,right-foot,false
2026,Belgium vs Iran,,Belgium,Hans Vanaken,84,10.7,42.3,0.0737,miss,assisted,left-foot,false
2026,Belgium vs Iran,,Belgium,Maxim De Cuyper,9,8.5,42.5,0.1346,save,regular,right-foot,false
2026,Belgium vs Iran,,Belgium,Brandon Mechele,90,7.7,44.8,0.0822,miss,throw-in-set-piece,head,false
2026,Belgium vs Iran,,Belgium,Leandro Trossard,19,14.8,36.6,0.056,block,assisted,left-foot,false
2026,Belgium vs Iran,,Belgium,Kevin De Bruyne,8,14.1,28.4,0.033,miss,assisted,right-foot,false
2026,Belgium vs Iran,,Iran,Mehdi Taremi,53,10.8,54.2,0.1528,save,throw-in-set-piece,right-foot,false
2026,Belgium vs Iran,,Belgium,Maxim De Cuyper,44,6.9,34.4,0.1653,save,assisted,left-foot,false
2026,Belgium vs Iran,,Iran,Saeid Ezatolahi,81,24.8,57.3,0.0421,save,regular,right-foot,false
2026,Belgium vs Iran,,Belgium,Alexis Saelemaekers,44,16.4,48.5,0.0515,block,regular,left-foot,false
2026,Belgium vs Iran,,Belgium,Kevin De Bruyne,9,13.3,43,0.1035,miss,assisted,right-foot,false
2026,Belgium vs Iran,,Belgium,Kevin De Bruyne,42,11.4,40.1,0.2249,save,assisted,right-foot,false
2026,Belgium vs Iran,,Belgium,Maxim De Cuyper,51,19.4,41.1,0.0626,block,assisted,left-foot,false
2026,Belgium vs Iran,,Iran,Shoja Khalilzadeh,65,4.5,62.9,0.0229,miss,corner,head,false
2026,Belgium vs Iran,,Belgium,Romelu Lukaku,10,8.9,29.8,0.0276,block,regular,left-foot,false
2026,Belgium vs Iran,,Belgium,Dodi Lukebakio,62,16.9,77.9,0.0177,save,assisted,left-foot,false
2026,Belgium vs Iran,,Belgium,Matías Fernández-Pardo,90,19.2,30.3,0.0251,miss,assisted,right-foot,false
2026,Belgium vs Iran,,Belgium,Hans Vanaken,62,13.4,46.2,0.0516,miss,regular,left-foot,false
2026,Belgium vs Iran,,Belgium,Maxim De Cuyper,86,13.7,41.4,0.1356,save,assisted,right-foot,false
2026,Belgium vs Iran,,Iran,Saeid Ezatolahi,15,4.9,57.4,0.0974,miss,corner,head,false
2026,Belgium vs Iran,,Belgium,Nathan Ngoy,23,15.9,48.7,0.0526,miss,corner,right-foot,false
2026,Belgium vs Iran,,Belgium,Kevin De Bruyne,45,11.2,26.3,0.0275,block,assisted,right-foot,false
2026,Belgium vs Senegal,Round of 32,Belgium,Youri Tielemans,120,11.5,50,0.7884,goal,penalty,right-foot,true
2026,Belgium vs Senegal,Round of 32,Belgium,Arthur Theate,77,27,34.6,0.0211,block,assisted,left-foot,false
2026,Belgium vs Senegal,Round of 32,Belgium,Leandro Trossard,104,18.7,34.9,0.0752,block,assisted,right-foot,false
2026,Belgium vs Senegal,Round of 32,Senegal,Iliman Ndiaye,46,14,59.2,0.1014,miss,regular,left-foot,false
2026,Belgium vs Senegal,Round of 32,Senegal,Ismaïla Sarr,13,3.6,52.6,0.9084,post,regular,right-foot,false
2026,Belgium vs Senegal,Round of 32,Belgium,Leandro Trossard,9,16.1,66.7,0.0538,save,assisted,right-foot,false
2026,Belgium vs Senegal,Round of 32,Senegal,Pape Gueye,46,19.1,33.5,0.0273,block,assisted,right-foot,false
2026,Belgium vs Senegal,Round of 32,Belgium,Kevin De Bruyne,45,24.1,47.9,0.0216,miss,regular,right-foot,false
2026,Belgium vs Senegal,Round of 32,Belgium,Dodi Lukebakio,62,15.2,53.6,0.0984,miss,throw-in-set-piece,left-foot,false
2026,Belgium vs Senegal,Round of 32,Senegal,Pape Gueye,45,19.1,53.8,0.0395,miss,assisted,left-foot,false
2026,Belgium vs Senegal,Round of 32,Belgium,Youri Tielemans,60,3.9,69.3,0.0229,block,assisted,right-foot,false
2026,Belgium vs Senegal,Round of 32,Belgium,Maxim De Cuyper,45,22.8,28.9,0.0149,save,corner,right-foot,false
2026,Belgium vs Senegal,Round of 32,Belgium,Dodi Lukebakio,60,15.7,57.7,0.0507,block,assisted,left-foot,false
2026,Belgium vs Senegal,Round of 32,Senegal,Pape Matar Sarr,120,22.3,35.6,0.0275,miss,assisted,left-foot,false
2026,Belgium vs Senegal,Round of 32,Belgium,Youri Tielemans,89,7.3,53.4,0.1416,goal,assisted,head,true
2026,Belgium vs Senegal,Round of 32,Belgium,Timothy Castagne,83,7.9,43.6,0.0636,miss,assisted,head,false
2026,Belgium vs Senegal,Round of 32,Senegal,Idrissa Gana Gueye,17,20.5,43,0.0465,save,regular,right-foot,false
2026,Belgium vs Senegal,Round of 32,Belgium,Youri Tielemans,84,19,38.3,0.0302,miss,assisted,left-foot,false
2026,Belgium vs Senegal,Round of 32,Senegal,Pape Matar Sarr,120,18.1,47.8,0.1703,miss,free-kick,right-foot,false
2026,Belgium vs Senegal,Round of 32,Belgium,Maxim De Cuyper,45,28,55.5,0.0428,block,free-kick,left-foot,false
2026,Belgium vs Senegal,Round of 32,Senegal,Bara Sapoko Ndiaye,113,23.2,31.1,0.0306,save,assisted,left-foot,false
2026,Belgium vs Senegal,Round of 32,Senegal,Sadio Mané,37,12.2,36.2,0.0424,save,assisted,right-foot,false
2026,Belgium vs Senegal,Round of 32,Belgium,Dodi Lukebakio,117,9.8,55,0.2212,post,regular,right-foot,false
2026,Belgium vs Senegal,Round of 32,Senegal,Ismaïla Sarr,51,10.6,54,0.3918,goal,assisted,right-foot,true
2026,Belgium vs Senegal,Round of 32,Senegal,Ismaïla Sarr,115,9.9,53.2,0.0409,miss,corner,head,false
2026,Belgium vs Senegal,Round of 32,Senegal,Ibrahim Mbaye,109,10.7,54,0.3621,miss,assisted,left-foot,false
2026,Belgium vs Senegal,Round of 32,Belgium,Romelu Lukaku,86,3.9,57.1,0.1589,goal,assisted,right-foot,true
2026,Belgium vs Senegal,Round of 32,Senegal,Ibrahim Mbaye,88,12.2,69.9,0.0591,miss,assisted,right-foot,false
2026,Belgium vs Senegal,Round of 32,Belgium,Brandon Mechele,57,4.5,60.6,0.0656,miss,throw-in-set-piece,head,false
2026,Belgium vs Senegal,Round of 32,Belgium,Thomas Meunier,90,24.2,53.2,0.0155,miss,corner,right-foot,false
2026,Belgium vs Senegal,Round of 32,Belgium,Nicolas Raskin,107,9.8,45.6,0.0515,miss,assisted,head,false
2026,Belgium vs Senegal,Round of 32,Senegal,Pathé Ismaël Ciss,120,17.9,55,0.0835,block,fast-break,right-foot,false
2026,Belgium vs Senegal,Round of 32,Senegal,Ismaïla Sarr,25,8.2,49,0.1306,post,assisted,head,false
2026,Belgium vs Senegal,Round of 32,Belgium,Dodi Lukebakio,78,14.5,70.3,0.0402,miss,assisted,left-foot,false
2026,Belgium vs Senegal,Round of 32,Senegal,Ismaïla Sarr,120,21.5,46,0.0658,block,fast-break,right-foot,false
2026,Belgium vs Senegal,Round of 32,Senegal,Habib Diarra,51,9.8,49.3,0.2908,miss,assisted,left-foot,false
2026,Belgium vs Senegal,Round of 32,Senegal,Habib Diarra,25,4.5,53.8,0.7967,goal,regular,right-foot,true
2026,Belgium vs Senegal,Round of 32,Belgium,Leandro Trossard,21,13.1,55.6,0.0284,miss,assisted,head,false
2026,Belgium vs Senegal,Round of 32,Belgium,Kevin De Bruyne,18,26.1,54.6,0.0403,miss,assisted,right-foot,false
2026,Belgium vs Senegal,Round of 32,Belgium,Nicolas Raskin,105,20.3,70.3,0.0206,miss,assisted,right-foot,false
2026,Belgium vs Senegal,Round of 32,Senegal,Idrissa Gana Gueye,90,26.6,61.7,0.0276,miss,assisted,right-foot,false
2026,Belgium vs Senegal,Round of 32,Senegal,Ismaïla Sarr,13,2.6,56.3,0.4097,miss,regular,right-foot,false
2026,Belgium vs Senegal,Round of 32,Belgium,Dodi Lukebakio,62,15.2,53.6,0.0984,block,throw-in-set-piece,left-foot,false
2026,Bosnia & Herzegovina vs Qatar,,Bosnia & Herzegovina,Stjepan Radeljić,80,6.6,29.8,0.0176,block,corner,left-foot,false
2026,Bosnia & Herzegovina vs Qatar,,Qatar,Akram Afif,60,21.6,64.4,0.0281,miss,assisted,left-foot,false
2026,Bosnia & Herzegovina vs Qatar,,Bosnia & Herzegovina,Esmir Bajraktarević,76,18.5,71.4,0.0116,miss,assisted,left-foot,false
2026,Bosnia & Herzegovina vs Qatar,,Qatar,Pedro Miguel,90,30.3,65,0.0111,save,assisted,right-foot,false
2026,Bosnia & Herzegovina vs Qatar,,Bosnia & Herzegovina,Nikola Katić,33,8.2,53.1,0.0661,miss,corner,head,false
2026,Bosnia & Herzegovina vs Qatar,,Bosnia & Herzegovina,Ivan Bašić,33,20.2,61.8,0.0444,block,regular,left-foot,false
2026,Bosnia & Herzegovina vs Qatar,,Qatar,Ahmed Al-Ganehi,86,22.8,51.9,0.0395,miss,set-piece,right-foot,false
2026,Bosnia & Herzegovina vs Qatar,,Bosnia & Herzegovina,Ivan Bašić,80,20.3,32.7,0.0245,block,corner,right-foot,false
2026,Bosnia & Herzegovina vs Qatar,,Qatar,Pedro Miguel,45,12.1,71.3,0.0377,miss,assisted,right-foot,false
2026,Bosnia & Herzegovina vs Qatar,,Qatar,Akram Afif,57,7.3,31.5,0.0655,miss,fast-break,left-foot,false
2026,Bosnia & Herzegovina vs Qatar,,Bosnia & Herzegovina,Ermedin Demirović,2,19.5,33.8,0.0195,save,assisted,left-foot,false
2026,Bosnia & Herzegovina vs Qatar,,Bosnia & Herzegovina,Ivan Šunjić,3,20.3,34,0.0268,save,assisted,left-foot,false
2026,Bosnia & Herzegovina vs Qatar,,Bosnia & Herzegovina,Kerim Alajbegović,23,22.5,48.9,0.1335,block,free-kick,right-foot,false
2026,Bosnia & Herzegovina vs Qatar,,Bosnia & Herzegovina,Esmir Bajraktarević,79,22.8,55.2,0.0419,save,assisted,left-foot,false
2026,Bosnia & Herzegovina vs Qatar,,Bosnia & Herzegovina,Mahmud Abunada,34,1.1,51.5,,goal,regular,other,false
2026,Bosnia & Herzegovina vs Qatar,,Bosnia & Herzegovina,Edin Džeko,38,13.4,38.2,0.1129,post,assisted,left-foot,false
2026,Bosnia & Herzegovina vs Qatar,,Bosnia & Herzegovina,Ivan Bašić,18,25,69.3,0.0242,block,assisted,left-foot,false
2026,Bosnia & Herzegovina vs Qatar,,Bosnia & Herzegovina,Kerim Alajbegović,29,20.6,63.4,0.0374,goal,assisted,right-foot,true
2026,Bosnia & Herzegovina vs Qatar,,Qatar,Pedro Miguel,45,8.9,64.9,0.172,post,assisted,right-foot,false
2026,Bosnia & Herzegovina vs Qatar,,Qatar,Almoez Ali,90,8.3,51.5,0.0712,save,corner,head,false
2026,Bosnia & Herzegovina vs Qatar,,Qatar,Boualem Khoukhi,45,29.3,62.1,0.0183,miss,assisted,right-foot,false
2026,Bosnia & Herzegovina vs Qatar,,Bosnia & Herzegovina,Ivan Bašić,17,29.3,52.1,0.0311,miss,assisted,left-foot,false
2026,Bosnia & Herzegovina vs Qatar,,Qatar,Hassan Al Haydos,42,4.9,48,0.3267,goal,assisted,right-foot,true
2026,Bosnia & Herzegovina vs Qatar,,Bosnia & Herzegovina,Ermin Mahmić,80,11.8,52.6,0.0525,goal,corner,right-foot,true
2026,Brazil vs Haiti,,Haiti,Ruben Providence,66,13.8,33.1,0.0295,miss,set-piece,right-foot,false
2026,Brazil vs Haiti,,Haiti,Wilson Isidor,49,21.9,51.9,0.0496,block,regular,right-foot,false
2026,Brazil vs Haiti,,Brazil,Vinícius Júnior,21,5.5,27,0.009,block,assisted,left-foot,false
2026,Brazil vs Haiti,,Haiti,Ricardo Adé,89,34.5,66.5,0.0161,miss,assisted,right-foot,false
2026,Brazil vs Haiti,,Haiti,Dominique Simon,90,27.6,56.9,0.0265,save,assisted,right-foot,false
2026,Brazil vs Haiti,,Brazil,Vinícius Júnior,23,11.3,33.7,0.0773,save,fast-break,right-foot,false
2026,Brazil vs Haiti,,Brazil,Vinícius Júnior,45,9.7,33.1,0.3105,goal,assisted,right-foot,true
2026,Brazil vs Haiti,,Brazil,Vinícius Júnior,17,14.1,33.9,0.0149,block,corner,right-foot,false
2026,Brazil vs Haiti,,Brazil,Raphinha,29,14.4,61,0.1108,save,assisted,left-foot,false
2026,Brazil vs Haiti,,Brazil,Matheus Cunha,23,6.7,48.6,0.3965,goal,fast-break,left-foot,true
2026,Brazil vs Haiti,,Brazil,Douglas Santos,76,10.1,32.1,0.105,miss,assisted,left-foot,false
2026,Brazil vs Haiti,,Haiti,Danley Jean Jacques,90,8.5,39.2,0.0177,miss,corner,head,false
2026,Brazil vs Haiti,,Brazil,Matheus Cunha,36,10.7,33.6,0.3331,goal,fast-break,left-foot,true
2026,Brazil vs Haiti,,Brazil,Éderson,90,2.1,58.9,0.2456,miss,assisted,right-foot,false
2026,Brazil vs Haiti,,Haiti,Jean-Ricner Bellegarde,56,14.2,40.1,0.0596,miss,fast-break,right-foot,false
2026,Brazil vs Haiti,,Haiti,Jean-Kévin Duverne,66,9.1,34.6,0.0179,miss,set-piece,right-foot,false
2026,Brazil vs Haiti,,Haiti,Wilson Isidor,87,4.6,29.7,0.0337,save,assisted,left-foot,false
2026,Brazil vs Haiti,,Haiti,Ricardo Adé,63,4.3,39.8,0.0611,save,corner,head,false
2026,Brazil vs Japan,Round of 32,Brazil,Bruno Guimarães,2,14.9,67,0.0322,block,assisted,left-foot,false
2026,Brazil vs Japan,Round of 32,Brazil,Vinícius Júnior,34,24.9,41.8,0.0421,save,assisted,right-foot,false
2026,Brazil vs Japan,Round of 32,Japan,Kaishu Sano,29,24.9,57.1,0.0355,goal,fast-break,right-foot,true
2026,Brazil vs Japan,Round of 32,Brazil,Vinícius Júnior,89,22.6,33.8,0.0243,block,set-piece,right-foot,false
2026,Brazil vs Japan,Round of 32,Brazil,Rayan,85,15,82.2,0.0413,block,free-kick,left-foot,false
2026,Brazil vs Japan,Round of 32,Brazil,Bruno Guimarães,10,15.4,37.4,0.0472,block,assisted,left-foot,false
2026,Brazil vs Japan,Round of 32,Brazil,Gabriel Magalhães,89,8.4,44.3,0.0453,block,corner,head,false
2026,Brazil vs Japan,Round of 32,Brazil,Bruno Guimarães,52,10.6,48.3,0.0556,save,assisted,head,false
2026,Brazil vs Japan,Round of 32,Brazil,Marquinhos,33,9,47.8,0.0984,miss,set-piece,head,false
2026,Brazil vs Japan,Round of 32,Brazil,Bruno Guimarães,14,11.5,29.1,0.0111,miss,corner,right-foot,false
2026,Brazil vs Japan,Round of 32,Brazil,Matheus Cunha,58,20,49.3,0.0901,miss,fast-break,right-foot,false
2026,Brazil vs Japan,Round of 32,Brazil,Casemiro,56,3.3,57.1,0.2822,goal,assisted,head,true
2026,Brazil vs Japan,Round of 32,Brazil,Fabinho,90,12.1,48.7,0.0184,miss,corner,head,false
2026,Brazil vs Japan,Round of 32,Japan,Daichi Kamada,16,18.9,34.2,0.0906,block,free-kick,right-foot,false
2026,Brazil vs Japan,Round of 32,Brazil,Matheus Cunha,38,28.1,40.1,0.0169,save,assisted,right-foot,false
2026,Brazil vs Japan,Round of 32,Japan,Ayase Ueda,64,15.2,23,0.0228,save,assisted,right-foot,false
2026,Brazil vs Japan,Round of 32,Japan,Junya Ito,45,18.4,70.5,0.0252,block,assisted,left-foot,false
2026,Brazil vs Japan,Round of 32,Brazil,Matheus Cunha,14,21.5,52.6,0.0838,miss,fast-break,left-foot,false
2026,Brazil vs Japan,Round of 32,Brazil,Endrick,53,9.4,41.1,0.0771,miss,assisted,left-foot,false
2026,Brazil vs Japan,Round of 32,Brazil,Vinícius Júnior,58,9.5,32.5,0.1529,save,fast-break,right-foot,false
2026,Brazil vs Japan,Round of 32,Brazil,Casemiro,54,4.4,49.3,0.3692,save,assisted,head,false
2026,Brazil vs Japan,Round of 32,Brazil,Gabriel Martinelli,90,10.2,44.2,0.2118,goal,assisted,right-foot,true
2026,Brazil vs Japan,Round of 32,Brazil,Lucas Paquetá,45,12.6,49.2,0.0576,block,assisted,head,false
2026,Brazil vs Japan,Round of 32,Brazil,Gabriel Martinelli,77,17.8,36.9,0.0325,miss,regular,right-foot,false
2026,Brazil vs Japan,Round of 32,Japan,Ayase Ueda,28,8.6,47.9,0.0548,miss,corner,head,false
2026,Brazil vs Japan,Round of 32,Brazil,Rayan,74,5.2,60.1,0.0711,block,assisted,head,false
2026,Brazil vs Japan,Round of 32,Brazil,Lucas Paquetá,35,17.6,38.3,0.0625,block,assisted,left-foot,false
2026,Brazil vs Morocco,,Brazil,Marquinhos,48,3.3,59.9,0.0563,block,corner,right-foot,false
2026,Brazil vs Morocco,,Morocco,Ismael Saibari,11,24.1,39.9,0.0186,block,assisted,left-foot,false
2026,Brazil vs Morocco,,Morocco,Ismael Saibari,21,23.1,48.3,0.6363,goal,fast-break,right-foot,true
2026,Brazil vs Morocco,,Morocco,Neil El Aynaoui,29,6.1,58.8,0.0962,miss,set-piece,head,false
2026,Brazil vs Morocco,,Brazil,Lucas Paquetá,45,12.2,41.1,0.1173,save,assisted,left-foot,false
2026,Brazil vs Morocco,,Brazil,Danilo Santos,90,6.9,69.9,0.0302,save,corner,left-foot,false
2026,Brazil vs Morocco,,Brazil,Raphinha,78,13.3,39.1,0.1313,save,assisted,left-foot,false
2026,Brazil vs Morocco,,Brazil,Lucas Paquetá,20,17.6,61.5,0.0442,block,corner,right-foot,false
2026,Brazil vs Morocco,,Brazil,Raphinha,18,13.6,48.8,0.0594,miss,assisted,other,false
2026,Brazil vs Morocco,,Morocco,Neil El Aynaoui,6,15.5,47.9,0.1248,block,assisted,right-foot,false
2026,Brazil vs Morocco,,Morocco,Bilal El Khannouss,7,26,33.1,0.0173,block,assisted,right-foot,false
2026,Brazil vs Morocco,,Morocco,Achraf Hakimi,27,21.6,59.9,0.1014,miss,fast-break,right-foot,false
2026,Brazil vs Morocco,,Morocco,Brahim Díaz,9,21,64.8,0.0604,block,assisted,right-foot,false
2026,Brazil vs Morocco,,Morocco,Ismael Saibari,30,8.9,38.9,0.0651,block,set-piece,right-foot,false
2026,Brazil vs Morocco,,Morocco,Achraf Hakimi,31,18.6,48.2,0.0939,miss,regular,right-foot,false
2026,Brazil vs Morocco,,Brazil,Igor Thiago,14,4.3,47,0.5245,miss,regular,head,false
2026,Brazil vs Morocco,,Brazil,Marquinhos,45,4.9,60.1,0.0473,miss,corner,head,false
2026,Brazil vs Morocco,,Morocco,Brahim Díaz,30,16.8,38.8,0.0156,save,set-piece,right-foot,false
2026,Brazil vs Morocco,,Brazil,Raphinha,9,26.2,38,0.0312,block,assisted,left-foot,false
2026,Brazil vs Morocco,,Brazil,Bruno Guimarães,46,27.1,73,0.0072,miss,regular,right-foot,false
2026,Brazil vs Morocco,,Brazil,Matheus Cunha,82,4.6,32.5,0.042,block,assisted,left-foot,false
2026,Brazil vs Morocco,,Morocco,Brahim Díaz,6,14.2,70.3,0.0366,block,assisted,right-foot,false
2026,Brazil vs Morocco,,Morocco,Ayoube Amaimouni Echghouyab,90,2.6,58.3,0.2252,save,regular,right-foot,false
2026,Brazil vs Morocco,,Brazil,Danilo Santos,90,9.6,55,0.0742,miss,assisted,head,false
2026,Brazil vs Morocco,,Brazil,Vinícius Júnior,32,7.7,33.6,0.096,goal,assisted,right-foot,true
2026,Brazil vs Morocco,,Brazil,Igor Thiago,52,10.5,32.7,0.0691,save,throw-in-set-piece,left-foot,false
2026,Brazil vs Morocco,,Morocco,Achraf Hakimi,7,9.2,74.8,0.014,miss,assisted,right-foot,false
2026,Brazil vs Morocco,,Morocco,Neil El Aynaoui,90,28.1,48.7,0.0226,miss,regular,right-foot,false
2026,Brazil vs Norway,Round of 16,Brazil,Rayan,16,12,72.6,0.0183,miss,assisted,right-foot,false
2026,Brazil vs Norway,Round of 16,Norway,Martin Ødegaard,43,5.4,33.8,0.0496,block,assisted,left-foot,false
2026,Brazil vs Norway,Round of 16,Norway,Martin Ødegaard,45,13.3,41.9,0.2721,save,regular,left-foot,false
2026,Brazil vs Norway,Round of 16,Brazil,Neymar,84,5.4,33.3,0.0299,miss,corner,right-foot,false
2026,Brazil vs Norway,Round of 16,Brazil,Éderson,90,22,70.1,0.0301,block,assisted,right-foot,false
2026,Brazil vs Norway,Round of 16,Brazil,Bruno Guimarães,14,11.5,50,0.7884,save,penalty,right-foot,false
2026,Brazil vs Norway,Round of 16,Norway,Erling Haaland,90,17.9,32.6,0.0366,goal,assisted,left-foot,true
2026,Brazil vs Norway,Round of 16,Norway,Andreas Schjelderup,75,12.2,34.4,0.0748,save,fast-break,right-foot,false
2026,Brazil vs Norway,Round of 16,Brazil,Matheus Cunha,45,11.9,48.1,0.0339,miss,assisted,head,false
2026,Brazil vs Norway,Round of 16,Brazil,Endrick,59,14.7,51.9,0.6686,miss,fast-break,left-foot,false
2026,Brazil vs Norway,Round of 16,Norway,Erling Haaland,37,9.4,41.7,0.0932,save,regular,left-foot,false
2026,Brazil vs Norway,Round of 16,Brazil,Rayan,62,16.3,61,0.073,save,corner,right-foot,false
2026,Brazil vs Norway,Round of 16,Norway,Erling Haaland,79,8.5,51.9,0.0767,goal,assisted,head,true
2026,Brazil vs Norway,Round of 16,Norway,Patrick Berg,49,23.1,64.8,0.023,miss,assisted,right-foot,false
2026,Brazil vs Norway,Round of 16,Brazil,Vinícius Júnior,35,8.4,68.5,0.0404,miss,assisted,right-foot,false
2026,Brazil vs Norway,Round of 16,Norway,Erling Haaland,67,2.4,57.9,0.1871,miss,corner,left-foot,false
2026,Brazil vs Norway,Round of 16,Norway,Martin Ødegaard,35,15.4,68.7,0.0266,miss,regular,left-foot,false
2026,Brazil vs Norway,Round of 16,Brazil,Casemiro,40,23.4,65.6,0.0212,block,assisted,left-foot,false
2026,Brazil vs Norway,Round of 16,Brazil,Bruno Guimarães,45,26.5,36.6,0.026,block,assisted,right-foot,false
2026,Brazil vs Norway,Round of 16,Brazil,Vinícius Júnior,40,8.9,31.7,0.1301,save,assisted,left-foot,false
2026,Brazil vs Norway,Round of 16,Brazil,Danilo,31,9.9,68.5,0.0713,miss,assisted,right-foot,false
2026,Brazil vs Norway,Round of 16,Brazil,Neymar,90,11.5,50,0.7884,goal,penalty,right-foot,true
2026,Brazil vs Norway,Round of 16,Brazil,Endrick,61,21,34,0.0278,block,assisted,left-foot,false
2026,Cabo Verde vs Saudi Arabia,,Cabo Verde,Ryan Mendes,53,11.2,59.4,0.0768,block,assisted,left-foot,false
2026,Cabo Verde vs Saudi Arabia,,Cabo Verde,Pico,75,4.8,56.2,0.1358,miss,corner,head,false
2026,Cabo Verde vs Saudi Arabia,,Cabo Verde,Kevin Pina,84,26,49.3,0.0147,miss,regular,right-foot,false
2026,Cabo Verde vs Saudi Arabia,,Cabo Verde,Willy Semedo,42,22.8,38.3,0.0171,miss,regular,right-foot,false
2026,Cabo Verde vs Saudi Arabia,,Cabo Verde,Deroy Duarte,57,23.1,43.5,0.0271,miss,regular,right-foot,false
2026,Cabo Verde vs Saudi Arabia,,Cabo Verde,João Paulo,77,20.3,32.3,0.0268,block,assisted,right-foot,false
2026,Cabo Verde vs Saudi Arabia,,Saudi Arabia,Salem Al-Dawsari,18,10.3,30.6,0.0622,block,assisted,left-foot,false
2026,Cabo Verde vs Saudi Arabia,,Saudi Arabia,Nasser Al-Dawsari,83,26.8,54.3,0.0287,block,assisted,left-foot,false
2026,Cabo Verde vs Saudi Arabia,,Cabo Verde,Jamiro Monteiro,48,14.1,55,0.1526,save,assisted,right-foot,false
2026,Cabo Verde vs Saudi Arabia,,Cabo Verde,Kevin Pina,50,28,56.7,0.0237,miss,assisted,left-foot,false
2026,Cabo Verde vs Saudi Arabia,,Cabo Verde,Jamiro Monteiro,34,13.3,36.7,0.0376,block,assisted,left-foot,false
2026,Cabo Verde vs Saudi Arabia,,Saudi Arabia,Saud Abdulhamid,45,24.2,57.9,0.0065,block,set-piece,right-foot,false
2026,Cabo Verde vs Saudi Arabia,,Cabo Verde,Wagner Pina,86,15.3,48.9,0.2177,block,assisted,right-foot,false
2026,Cabo Verde vs Saudi Arabia,,Cabo Verde,Laros Duarte,75,9.8,54.3,0.6348,save,fast-break,right-foot,false
2026,Cabo Verde vs Saudi Arabia,,Cabo Verde,Nuno Da Costa,85,7.7,66.9,0.0412,miss,assisted,left-foot,false
2026,Cabo Verde vs Saudi Arabia,,Cabo Verde,João Paulo,39,9,50.9,0.0515,miss,corner,head,false
2026,Cabo Verde vs Saudi Arabia,,Cabo Verde,Willy Semedo,22,8.5,25.9,0.0234,save,assisted,left-foot,false
2026,Cabo Verde vs Saudi Arabia,,Saudi Arabia,Abdulelah Al-Amri,47,9.3,60.5,0.0134,miss,corner,head,false
2026,Cabo Verde vs Saudi Arabia,,Saudi Arabia,Mohammed Abu Al-Shamat,67,11.6,69.9,0.037,save,assisted,right-foot,false
2026,Cabo Verde vs Saudi Arabia,,Saudi Arabia,Mohamed Kanno,45,9.2,45.4,0.1182,save,assisted,head,false
2026,Cabo Verde vs Saudi Arabia,,Saudi Arabia,Abdullah Al-Hamdan,90,13.1,51.4,0.1358,save,assisted,right-foot,false
2026,Cabo Verde vs Saudi Arabia,,Cabo Verde,Garry Rodrigues,79,18.5,65.4,0.042,block,assisted,left-foot,false
2026,Cabo Verde vs Saudi Arabia,,Cabo Verde,Willy Semedo,22,8.5,25.9,0.0234,miss,assisted,left-foot,false
2026,Cabo Verde vs Saudi Arabia,,Saudi Arabia,Firas Al-Buraikan,46,5.6,61.8,0.0314,miss,corner,head,false
2026,Canada vs Bosnia & Herzegovina,,Bosnia & Herzegovina,Dženis Burnić,85,24,43.3,0.01,block,corner,right-foot,false
2026,Canada vs Bosnia & Herzegovina,,Canada,Cyle Larin,90,7.3,48.3,0.1906,block,assisted,left-foot,false
2026,Canada vs Bosnia & Herzegovina,,Bosnia & Herzegovina,Jovo Lukić,13,11.9,47.4,0.0435,save,set-piece,head,false
2026,Canada vs Bosnia & Herzegovina,,Canada,Promise David,81,23.8,46.4,0.0367,miss,fast-break,right-foot,false
2026,Canada vs Bosnia & Herzegovina,,Bosnia & Herzegovina,Tarik Muharemović,59,5.2,47.9,0.1859,miss,corner,head,false
2026,Canada vs Bosnia & Herzegovina,,Canada,Ismael Koné,30,18.7,52.2,0.0249,block,set-piece,right-foot,false
2026,Canada vs Bosnia & Herzegovina,,Canada,Tani Oluwaseyi,32,12.9,68.5,0.051,miss,assisted,left-foot,false
2026,Canada vs Bosnia & Herzegovina,,Canada,Tani Oluwaseyi,66,5.4,57,0.0974,save,assisted,head,false
2026,Canada vs Bosnia & Herzegovina,,Canada,Jonathan David,38,4.3,62,0.0439,miss,corner,right-foot,false
2026,Canada vs Bosnia & Herzegovina,,Canada,Richie Laryea,53,6.9,35.8,0.2568,save,assisted,right-foot,false
2026,Canada vs Bosnia & Herzegovina,,Bosnia & Herzegovina,Benjamin Tahirović,44,17.9,27,0.0163,miss,throw-in-set-piece,right-foot,false
2026,Canada vs Bosnia & Herzegovina,,Canada,Alistair Johnston,45,10.4,67.5,0.0573,block,throw-in-set-piece,right-foot,false
2026,Canada vs Bosnia & Herzegovina,,Bosnia & Herzegovina,Ermedin Demirović,46,23.6,72.6,0.0164,save,assisted,right-foot,false
2026,Canada vs Bosnia & Herzegovina,,Canada,Stephen Eustaquio,65,22.7,36.3,0.0163,miss,assisted,right-foot,false
2026,Canada vs Bosnia & Herzegovina,,Bosnia & Herzegovina,Jovo Lukić,21,1.8,51.2,0.64,goal,corner,head,true
2026,Canada vs Bosnia & Herzegovina,,Canada,Jonathan David,17,13.4,51.4,0.268,save,regular,left-foot,false
2026,Canada vs Bosnia & Herzegovina,,Bosnia & Herzegovina,Jovo Lukić,5,11.1,40.6,0.0183,miss,set-piece,head,false
2026,Canada vs Bosnia & Herzegovina,,Bosnia & Herzegovina,Sead Kolašinac,21,3.7,60.6,0.0587,miss,corner,head,false
2026,Canada vs Bosnia & Herzegovina,,Canada,Derek Cornelius,45,9.2,52.9,0.0678,miss,corner,head,false
2026,Canada vs Bosnia & Herzegovina,,Canada,Cyle Larin,78,14.6,48,0.0761,goal,assisted,right-foot,true
2026,Canada vs Bosnia & Herzegovina,,Bosnia & Herzegovina,Amar Memić,3,12.9,54.2,0.0536,miss,set-piece,right-foot,false
2026,Canada vs Bosnia & Herzegovina,,Canada,Jonathan David,28,13.7,61.8,0.0606,block,set-piece,left-foot,false
2026,Canada vs Bosnia & Herzegovina,,Canada,Tani Oluwaseyi,15,10.3,51.5,0.0349,miss,corner,head,false
2026,Canada vs Bosnia & Herzegovina,,Canada,Tani Oluwaseyi,17,10.3,54,0.0967,miss,assisted,head,false
2026,Canada vs Morocco,Round of 16,Morocco,Soufiane Rahimi,90,12.8,39.5,0.4505,goal,fast-break,left-foot,true
2026,Canada vs Morocco,Round of 16,Canada,Jonathan David,78,17.8,48.9,0.1752,miss,free-kick,right-foot,false
2026,Canada vs Morocco,Round of 16,Canada,Jonathan Osorio,90,14.6,62.7,0.0257,block,set-piece,right-foot,false
2026,Canada vs Morocco,Round of 16,Canada,Alistair Johnston,90,11.1,62.8,0.0166,miss,set-piece,right-foot,false
2026,Canada vs Morocco,Round of 16,Canada,Tani Oluwaseyi,11,11.6,40.1,0.0672,miss,regular,left-foot,false
2026,Canada vs Morocco,Round of 16,Canada,Alistair Johnston,18,10.7,53.4,0.0527,block,corner,head,false
2026,Canada vs Morocco,Round of 16,Morocco,Azzedine Ounahi,50,18.1,52.3,0.0704,goal,set-piece,right-foot,true
2026,Canada vs Morocco,Round of 16,Canada,Jonathan David,84,21.4,31.1,0.0309,block,assisted,left-foot,false
2026,Canada vs Morocco,Round of 16,Canada,Tani Oluwaseyi,35,8.2,57.9,0.0359,miss,corner,head,false
2026,Canada vs Morocco,Round of 16,Canada,Luc De Fougerolles,49,11,53.1,0.141,miss,corner,right-foot,false
2026,Canada vs Morocco,Round of 16,Canada,Tajon Buchanan,79,29.2,41.2,0.0302,save,fast-break,right-foot,false
2026,Canada vs Morocco,Round of 16,Morocco,Soufiane Rahimi,29,26.9,46.6,0.0193,save,assisted,right-foot,false
2026,Canada vs Morocco,Round of 16,Canada,Jacob Shaffelburg,90,6.9,29.5,0.0097,block,set-piece,left-foot,false
2026,Canada vs Morocco,Round of 16,Canada,Jayden Nelson,90,22,39,0.0308,miss,set-piece,right-foot,false
2026,Canada vs Morocco,Round of 16,Canada,Jonathan David,5,3,34.9,0.0211,save,corner,left-foot,false
2026,Canada vs Morocco,Round of 16,Morocco,Soufiane Rahimi,85,11.7,50.7,0.0851,post,fast-break,head,false
2026,Canada vs Morocco,Round of 16,Canada,Tani Oluwaseyi,10,11,44.5,0.2808,save,assisted,left-foot,false
2026,Canada vs Morocco,Round of 16,Morocco,Azzedine Ounahi,82,13.8,56.9,0.1596,goal,fast-break,right-foot,true
2026,Canada vs Qatar,,Canada,Ali Ahmed,35,18.3,47.5,0.1619,miss,free-kick,right-foot,false
2026,Canada vs Qatar,,Qatar,Boualem Khoukhi,10,23.1,29.1,0.0429,block,free-kick,right-foot,false
2026,Canada vs Qatar,,Canada,Mohamed Naceur Almanai,75,2.7,53.6,,goal,regular,right-foot,false
2026,Canada vs Qatar,,Canada,Tajon Buchanan,29,27.1,60.8,0.0184,block,assisted,left-foot,false
2026,Canada vs Qatar,,Canada,Jonathan David,90,9.5,43.8,0.0872,block,assisted,left-foot,false
2026,Canada vs Qatar,,Canada,Jonathan David,84,18.7,50.3,0.0672,block,regular,left-foot,false
2026,Canada vs Qatar,,Canada,Cyle Larin,45,8.2,67.2,0.0404,block,assisted,right-foot,false
2026,Canada vs Qatar,,Canada,Jonathan David,90,7.7,42.9,0.6233,goal,assisted,left-foot,true
2026,Canada vs Qatar,,Canada,Alistair Johnston,45,6.4,68.2,0.0541,save,assisted,right-foot,false
2026,Canada vs Qatar,,Canada,Nathan-Dylan Saliba,90,13.8,52.5,0.0303,miss,corner,head,false
2026,Canada vs Qatar,,Canada,Jonathan David,29,11.1,63.2,0.1007,goal,regular,right-foot,true
2026,Canada vs Qatar,,Canada,Jacob Shaffelburg,80,22.2,30.1,0.0272,miss,corner,left-foot,false
2026,Canada vs Qatar,,Canada,Jonathan David,16,13.2,46.1,0.1015,save,corner,right-foot,false
2026,Canada vs Qatar,,Canada,Tajon Buchanan,75,10.1,66.9,0.0739,block,regular,left-foot,false
2026,Canada vs Qatar,,Canada,Jonathan David,40,11.9,70.3,0.0218,block,assisted,right-foot,false
2026,Canada vs Qatar,,Canada,Derek Cornelius,21,8.9,45.6,0.0558,miss,set-piece,head,false
2026,Canada vs Qatar,,Canada,Cyle Larin,90,5.5,50.5,0.229,block,assisted,head,false
2026,Canada vs Qatar,,Canada,Cyle Larin,90,4.2,51.1,0.617,miss,assisted,head,false
2026,Canada vs Qatar,,Canada,Tajon Buchanan,38,5,54.6,0.484,save,assisted,right-foot,false
2026,Canada vs Qatar,,Canada,Luc De Fougerolles,44,9.8,55.2,0.0496,miss,corner,head,false
2026,Canada vs Qatar,,Canada,Jacob Shaffelburg,82,3.4,30,0.0086,miss,regular,left-foot,false
2026,Canada vs Qatar,,Canada,Nathan-Dylan Saliba,90,21.6,43.9,0.0488,block,assisted,right-foot,false
2026,Canada vs Qatar,,Canada,Cyle Larin,50,9.8,54.4,0.1047,block,assisted,left-foot,false
2026,Canada vs Qatar,,Canada,Jonathan David,86,22.1,60.6,0.0334,block,assisted,left-foot,false
2026,Canada vs Qatar,,Canada,Nathan-Dylan Saliba,64,22.5,62.1,0.0632,goal,free-kick,right-foot,true
2026,Canada vs Qatar,,Qatar,Edmilson Junior,1,7.7,63.2,0.179,miss,assisted,right-foot,false
2026,Canada vs Qatar,,Canada,Jacob Shaffelburg,75,10,43,0.0577,miss,regular,left-foot,false
2026,Canada vs Qatar,,Canada,Stephen Eustaquio,15,20.1,48.7,0.0236,block,set-piece,right-foot,false
2026,Canada vs Qatar,,Canada,Tajon Buchanan,77,18.2,73.9,0.0241,miss,assisted,right-foot,false
2026,Canada vs Qatar,,Canada,Tani Oluwaseyi,84,3.9,39.9,0.1015,block,assisted,left-foot,false
2026,Canada vs Qatar,,Canada,Jonathan David,45,0.7,50.2,0.9816,goal,regular,right-foot,true
2026,Canada vs Qatar,,Canada,Niko Sigur,90,19.1,46.9,0.0443,block,corner,right-foot,false
2026,Canada vs Qatar,,Canada,Richie Laryea,78,20.9,33.3,0.0273,block,assisted,right-foot,false
2026,Canada vs Qatar,,Canada,Jonathan David,7,9.7,34,0.0464,save,corner,right-foot,false
2026,Canada vs Qatar,,Canada,Cyle Larin,16,4.5,49.6,0.3087,goal,corner,left-foot,true
2026,Canada vs Qatar,,Canada,Cyle Larin,45,6.7,44.8,0.2778,save,assisted,head,false
2026,Canada vs Qatar,,Canada,Ismael Koné,48,16,48.3,0.0482,block,assisted,left-foot,false
2026,Colombia vs DR Congo,,Colombia,Gustavo Puerta,86,19.2,49.7,0.0735,block,assisted,right-foot,false
2026,Colombia vs DR Congo,,DR Congo,Charles Pickel,90,6.3,59.6,0.0621,miss,corner,right-foot,false
2026,Colombia vs DR Congo,,Colombia,Luis Díaz,24,26.8,65.4,0.0211,block,assisted,right-foot,false
2026,Colombia vs DR Congo,,Colombia,Luis Díaz,45,10,67,0.0354,block,assisted,left-foot,false
2026,Colombia vs DR Congo,,Colombia,Luis Díaz,50,7.5,43.5,0.0842,save,corner,left-foot,false
2026,Colombia vs DR Congo,,DR Congo,Edo Kayembe,1,24.4,61.5,0.0246,miss,assisted,left-foot,false
2026,Colombia vs DR Congo,,DR Congo,Yoane Wissa,74,15.1,46.1,0.1005,block,assisted,right-foot,false
2026,Colombia vs DR Congo,,Colombia,Jhon Lucumí,12,8.9,46.2,0.0501,miss,corner,head,false
2026,Colombia vs DR Congo,,Colombia,Daniel Muñoz,76,13,66.9,0.0672,goal,assisted,left-foot,true
2026,Colombia vs DR Congo,,DR Congo,Samuel Moutoussamy,53,25.9,51.9,0.0411,miss,fast-break,left-foot,false
2026,Colombia vs DR Congo,,Colombia,James Rodríguez,11,28.2,53.2,0.0245,save,assisted,left-foot,false
2026,Colombia vs DR Congo,,Colombia,Jhon Arias,4,8.6,35.8,0.0607,save,assisted,right-foot,false
2026,Colombia vs DR Congo,,Colombia,Daniel Muñoz,4,4.3,60.3,0.1982,post,regular,right-foot,false
2026,Colombia vs DR Congo,,Colombia,Juan Fernando Quintero,90,38,75.6,0.0352,miss,free-kick,left-foot,false
2026,Colombia vs DR Congo,,DR Congo,Joris Kayembe,89,21.5,33.4,0.0229,block,assisted,left-foot,false
2026,Colombia vs DR Congo,,Colombia,Luis Díaz,16,12.2,40.3,0.1245,save,assisted,right-foot,false
2026,Colombia vs DR Congo,,Colombia,Gustavo Puerta,86,22.3,68.7,0.0277,save,corner,right-foot,false
2026,Colombia vs DR Congo,,Colombia,Luis Díaz,31,12.6,33.3,0.0257,block,assisted,right-foot,false
2026,Colombia vs DR Congo,,Colombia,Johan Mojica,15,29.4,32.4,0.0158,save,assisted,left-foot,false
2026,Colombia vs DR Congo,,DR Congo,Nathanaël Mbuku,90,25.6,34.2,0.0256,save,assisted,left-foot,false
2026,Colombia vs DR Congo,,Colombia,Gustavo Puerta,19,30.5,36.6,0.0161,save,assisted,right-foot,false
2026,Colombia vs DR Congo,,Colombia,Davinson Sánchez,39,9.7,38.3,0.0213,save,set-piece,head,false
2026,Colombia vs DR Congo,,Colombia,Gustavo Puerta,17,26,55.4,0.029,miss,corner,left-foot,false
2026,Colombia vs DR Congo,,Colombia,Luis Javier Suárez,41,14.4,29.5,0.0336,block,regular,right-foot,false
2026,Colombia vs DR Congo,,Colombia,Gustavo Puerta,45,21.8,61.3,0.0573,block,assisted,right-foot,false
2026,Colombia vs DR Congo,,Colombia,Jhon Arias,50,10.4,59.3,0.0395,miss,corner,left-foot,false
2026,Colombia vs DR Congo,,DR Congo,Chancel Mbemba,90,8.8,57.3,0.043,miss,corner,head,false
2026,Colombia vs DR Congo,,DR Congo,Cédric Bakambu,45,8,47,0.0711,miss,corner,head,false
2026,Colombia vs Ghana,Round of 32,Colombia,Jaminton Campaz,90,9.8,15,0.0145,save,assisted,left-foot,false
2026,Colombia vs Ghana,Round of 32,Colombia,Luis Díaz,58,12,42.3,0.2947,save,assisted,right-foot,false
2026,Colombia vs Ghana,Round of 32,Ghana,Iñaki Williams,40,22.6,71.6,0.0281,miss,assisted,left-foot,false
2026,Colombia vs Ghana,Round of 32,Colombia,Luis Díaz,80,19.5,33.9,0.0517,block,regular,right-foot,false
2026,Colombia vs Ghana,Round of 32,Colombia,Richard Ríos,90,18.5,80.8,0.0176,save,throw-in-set-piece,right-foot,false
2026,Colombia vs Ghana,Round of 32,Colombia,Gustavo Puerta,55,12.4,23.1,0.0305,save,corner,right-foot,false
2026,Colombia vs Ghana,Round of 32,Colombia,Luis Díaz,20,23.3,47.5,0.0381,save,assisted,right-foot,false
2026,Colombia vs Ghana,Round of 32,Colombia,Johan Mojica,45,5.1,46.4,0.2145,save,assisted,head,false
2026,Colombia vs Ghana,Round of 32,Colombia,Davinson Sánchez,56,20.9,67.2,0.0217,miss,throw-in-set-piece,right-foot,false
2026,Colombia vs Ghana,Round of 32,Colombia,Richard Ríos,90,4.8,53.4,0.3682,miss,assisted,head,false
2026,Colombia vs Ghana,Round of 32,Colombia,Luis Javier Suárez,90,11.4,33.8,0.0544,block,fast-break,right-foot,false
2026,Colombia vs Ghana,Round of 32,Ghana,Antoine Semenyo,44,21.2,33.4,0.0165,block,assisted,right-foot,false
2026,Colombia vs Ghana,Round of 32,Colombia,Richard Ríos,48,15,75.6,0.0148,miss,assisted,right-foot,false
2026,Colombia vs Ghana,Round of 32,Colombia,Gustavo Puerta,90,27.8,33.6,0.0189,block,regular,right-foot,false
2026,Colombia vs Ghana,Round of 32,Colombia,Juan Fernando Quintero,84,23.7,65.2,0.0342,miss,assisted,left-foot,false
2026,Colombia vs Ghana,Round of 32,Ghana,Iñaki Williams,34,11.9,34.6,0.0218,block,corner,right-foot,false
2026,Colombia vs Ghana,Round of 32,Colombia,Jaminton Campaz,90,3.6,35.2,0.0305,miss,assisted,left-foot,false
2026,Colombia vs Ghana,Round of 32,Colombia,Luis Díaz,87,9.8,29.2,0.0197,block,assisted,right-foot,false
2026,Colombia vs Ghana,Round of 32,Colombia,Juan Fernando Quintero,77,29.3,30,0.0352,miss,free-kick,left-foot,false
2026,Colombia vs Ghana,Round of 32,Colombia,Luis Díaz,39,10.2,39.4,0.125,miss,regular,right-foot,false
2026,Colombia vs Ghana,Round of 32,Colombia,Jhon Arias,14,7.7,45.3,0.4597,goal,assisted,right-foot,true
2026,Colombia vs Ghana,Round of 32,Colombia,Luis Javier Suárez,42,13.3,59.1,0.0305,miss,assisted,head,false
2026,Colombia vs Ghana,Round of 32,Ghana,Thomas Partey,1,25.9,52.1,0.0186,miss,regular,right-foot,false
2026,Colombia vs Ghana,Round of 32,Ghana,Thomas Partey,69,22.2,34.8,0.0397,miss,regular,right-foot,false
2026,Colombia vs Ghana,Round of 32,Ghana,Antoine Semenyo,69,24.6,46.4,0.0565,block,assisted,left-foot,false
2026,Colombia vs Ghana,Round of 32,Ghana,Iñaki Williams,44,16.5,47.8,0.0456,block,regular,left-foot,false
2026,Colombia vs Ghana,Round of 32,Colombia,Davinson Sánchez,81,6.6,47.2,0.3097,save,corner,head,false
2026,Colombia vs Ghana,Round of 32,Ghana,Antoine Semenyo,37,23.8,52.3,0.0379,block,assisted,right-foot,false
2026,Colombia vs Ghana,Round of 32,Colombia,Luis Díaz,14,4.8,55.2,0.2769,miss,assisted,head,false
2026,Colombia vs Portugal,,Colombia,Gustavo Puerta,14,23.2,55.1,0.0355,miss,assisted,left-foot,false
2026,Colombia vs Portugal,,Colombia,Luis Javier Suárez,88,13,53.8,0.081,miss,throw-in-set-piece,right-foot,false
2026,Colombia vs Portugal,,Colombia,Deiver Machado,45,14.9,31.1,0.0301,block,assisted,left-foot,false
2026,Colombia vs Portugal,,Portugal,Cristiano Ronaldo,45,22,41.1,0.0243,block,assisted,left-foot,false
2026,Colombia vs Portugal,,Portugal,Rúben Neves,4,18.9,28.9,0.0132,miss,regular,right-foot,false
2026,Colombia vs Portugal,,Colombia,Luis Díaz,17,12.8,39.5,0.1352,block,fast-break,right-foot,false
2026,Colombia vs Portugal,,Portugal,Rúben Neves,40,28.4,49.1,0.018,miss,assisted,right-foot,false
2026,Colombia vs Portugal,,Colombia,Jhon Arias,22,9.8,70.3,0.0346,miss,assisted,right-foot,false
2026,Colombia vs Portugal,,Portugal,Bruno Fernandes,39,9.5,55.1,0.2386,save,regular,right-foot,false
2026,Colombia vs Portugal,,Portugal,Rafael Leão,90,8.1,27.3,0.0341,miss,assisted,right-foot,false
2026,Colombia vs Portugal,,Portugal,Diogo Dalot,78,21.5,34.6,0.0326,miss,corner,right-foot,false
2026,Colombia vs Portugal,,Colombia,Luis Díaz,45,21.2,27.6,0.0194,miss,assisted,right-foot,false
2026,Colombia vs Portugal,,Colombia,Jefferson Lerma,55,24.9,33.2,0.026,save,assisted,right-foot,false
2026,Colombia vs Portugal,,Colombia,Luis Díaz,6,14.7,44.2,0.0718,miss,throw-in-set-piece,right-foot,false
2026,Colombia vs Portugal,,Portugal,Cristiano Ronaldo,39,10.4,43.6,0.1149,block,regular,right-foot,false
2026,Colombia vs Portugal,,Portugal,Vitinha,38,20.3,35.2,0.0196,block,regular,right-foot,false
2026,Colombia vs Portugal,,Colombia,Jhon Arias,22,9.8,70.3,0.0291,save,assisted,right-foot,false
2026,Colombia vs Portugal,,Colombia,Jefferson Lerma,44,23.6,56.2,0.0342,block,regular,left-foot,false
2026,Colombia vs Portugal,,Portugal,João Félix,51,10.2,48.9,0.0731,miss,assisted,head,false
2026,Colombia vs Portugal,,Colombia,Luis Javier Suárez,73,14,53.1,0.0832,miss,assisted,left-foot,false
2026,Colombia vs Portugal,,Colombia,Jhon Arias,55,28.5,56.2,0.0224,save,assisted,right-foot,false
2026,Colombia vs Portugal,,Colombia,James Rodríguez,74,20.9,39.5,0.0313,block,regular,left-foot,false
2026,Colombia vs Portugal,,Colombia,Luis Díaz,2,13.3,30.6,0.0403,block,assisted,right-foot,false
2026,Colombia vs Portugal,,Colombia,Gustavo Puerta,90,16.2,37.3,0.067,block,assisted,right-foot,false
2026,Colombia vs Portugal,,Colombia,James Rodríguez,45,22.1,53.9,0.0548,save,assisted,left-foot,false
2026,Colombia vs Portugal,,Colombia,Luis Javier Suárez,90,9.1,55.6,0.0884,miss,assisted,head,false
2026,Colombia vs Portugal,,Colombia,Jhon Córdoba,17,8.4,69,0.0701,save,fast-break,right-foot,false
2026,Colombia vs Portugal,,Colombia,Davinson Sánchez,65,9.8,53.4,0.0389,miss,corner,head,false
2026,Colombia vs Portugal,,Colombia,Luis Javier Suárez,65,6,70.9,0.0342,block,assisted,right-foot,false
2026,Colombia vs Portugal,,Portugal,João Félix,57,19.9,34.2,0.0435,block,assisted,right-foot,false
2026,Colombia vs Portugal,,Colombia,Richard Ríos,62,9,57.6,0.1897,miss,assisted,left-foot,false
2026,Colombia vs Portugal,,Colombia,Gustavo Puerta,67,26.2,41.5,0.0152,miss,corner,right-foot,false
2026,Colombia vs Portugal,,Colombia,Gustavo Puerta,45,21.7,52.2,0.0637,save,assisted,right-foot,false
2026,Colombia vs Portugal,,Portugal,Bruno Fernandes,12,29.2,62.9,0.0146,miss,assisted,right-foot,false
2026,Colombia vs Portugal,,Colombia,James Rodríguez,44,15.5,49.1,0.1024,block,assisted,right-foot,false
2026,Colombia vs Portugal,,Colombia,Jhon Córdoba,2,7.4,53.3,0.2299,miss,regular,head,false
2026,Colombia vs Portugal,,Colombia,Jhon Arias,66,12.6,66.5,0.0649,save,assisted,right-foot,false
2026,Colombia vs Portugal,,Portugal,Cristiano Ronaldo,24,31.2,48.3,0.0275,save,free-kick,right-foot,false
2026,Colombia vs Portugal,,Portugal,João Félix,42,9.9,36.2,0.074,miss,throw-in-set-piece,right-foot,false
2026,Croatia vs Ghana,,Croatia,Mateo Kovačić,38,25.3,42.5,0.0373,block,assisted,right-foot,false
2026,Croatia vs Ghana,,Croatia,Ivan Perišić,30,14.8,52.3,0.0246,save,set-piece,head,false
2026,Croatia vs Ghana,,Croatia,Mario Pašalić,90,18.6,55.9,0.0414,block,assisted,left-foot,false
2026,Croatia vs Ghana,,Croatia,Nikola Vlašić,17,21.8,61,0.0947,post,fast-break,right-foot,false
2026,Croatia vs Ghana,,Ghana,Derrick Luckassen,73,4.8,47.7,0.6131,goal,set-piece,left-foot,true
2026,Croatia vs Ghana,,Croatia,Petar Sučić,31,26.1,53.2,0.0376,goal,assisted,right-foot,true
2026,Croatia vs Ghana,,Ghana,Abdul Fatawu Issahaku,90,8.8,25.9,0.0157,miss,assisted,left-foot,false
2026,Croatia vs Ghana,,Ghana,Antoine Semenyo,40,9.8,73.2,0.0183,miss,assisted,right-foot,false
2026,Croatia vs Ghana,,Ghana,Kamaldeen Sulemana,57,20,38.2,0.0128,block,corner,left-foot,false
2026,Croatia vs Ghana,,Croatia,Mario Pašalić,82,18.2,37.8,0.0486,save,assisted,left-foot,false
2026,Croatia vs Ghana,,Ghana,Abdul Fatawu Issahaku,47,20.7,69.9,0.0203,miss,assisted,left-foot,false
2026,Croatia vs Ghana,,Croatia,Nikola Vlašić,83,8.7,48,0.0482,goal,corner,head,true
2026,Croatia vs Ghana,,Croatia,Marin Pongračić,21,9.2,48.5,0.0865,miss,set-piece,head,false
2026,Croatia vs Ghana,,Ghana,Marvin Senaya,90,17.8,67.8,0.0488,block,assisted,right-foot,false
2026,Curaçao vs Côte d'Ivoire,,Curaçao,Leandro Bacuna,79,7.7,51.4,0.1033,miss,set-piece,head,false
2026,Curaçao vs Côte d'Ivoire,,Curaçao,Tahith Chong,2,24.5,40.9,0.0277,save,regular,left-foot,false
2026,Curaçao vs Côte d'Ivoire,,Curaçao,Gervane Kastaneer,90,19.4,47.2,0.0351,miss,assisted,left-foot,false
2026,Curaçao vs Côte d'Ivoire,,Côte d'Ivoire,Amad Diallo,18,9.3,51.9,0.2039,miss,assisted,left-foot,false
2026,Curaçao vs Côte d'Ivoire,,Curaçao,Jurien Gaari,45,4.2,39.7,0.037,block,corner,head,false
2026,Curaçao vs Côte d'Ivoire,,Côte d'Ivoire,Nicolas Pépé,7,4.5,47.3,0.428,goal,assisted,left-foot,true
2026,Curaçao vs Côte d'Ivoire,,Côte d'Ivoire,Amad Diallo,10,17.8,67.8,0.0366,miss,assisted,left-foot,false
2026,Curaçao vs Côte d'Ivoire,,Curaçao,Tahith Chong,74,16.6,72.6,0.0163,save,assisted,left-foot,false
2026,Curaçao vs Côte d'Ivoire,,Côte d'Ivoire,Elye Wahi,89,7.7,67,0.1951,save,regular,right-foot,false
2026,Curaçao vs Côte d'Ivoire,,Côte d'Ivoire,Franck Kessié,53,10.6,36.4,0.0083,block,corner,head,false
2026,Curaçao vs Côte d'Ivoire,,Curaçao,Jurien Gaari,14,25.9,65.2,0.0207,miss,assisted,right-foot,false
2026,Curaçao vs Côte d'Ivoire,,Curaçao,Sherel Constancio Floranus,55,22.1,47.4,0.046,miss,assisted,left-foot,false
2026,Curaçao vs Côte d'Ivoire,,Curaçao,Tahith Chong,40,25.7,56.2,0.0166,miss,assisted,left-foot,false
2026,Curaçao vs Côte d'Ivoire,,Curaçao,Tyrese Noslin,90,31.1,81.3,0.0154,save,assisted,right-foot,false
2026,Curaçao vs Côte d'Ivoire,,Côte d'Ivoire,Franck Kessié,53,14.9,47.8,0.1788,block,assisted,left-foot,false
2026,Curaçao vs Côte d'Ivoire,,Curaçao,Juninho Bacuna,79,8.6,50.2,0.0777,miss,set-piece,head,false
2026,Curaçao vs Côte d'Ivoire,,Côte d'Ivoire,Franck Kessié,45,2.7,69.9,0.0177,miss,throw-in-set-piece,right-foot,false
2026,Curaçao vs Côte d'Ivoire,,Côte d'Ivoire,Amad Diallo,23,17.5,55.2,0.1275,miss,assisted,left-foot,false
2026,Curaçao vs Côte d'Ivoire,,Curaçao,Leandro Bacuna,44,10.5,30.9,0.0245,miss,assisted,right-foot,false
2026,Curaçao vs Côte d'Ivoire,,Côte d'Ivoire,Nicolas Pépé,64,10.9,66,0.1299,goal,assisted,left-foot,true
2026,Curaçao vs Côte d'Ivoire,,Curaçao,Jeremy Antonisse,90,16.3,40.7,0.0629,block,regular,right-foot,false
2026,Czechia vs Mexico,,Czechia,Denis Višinský,8,13,60.8,0.062,miss,regular,right-foot,false
2026,Czechia vs Mexico,,Czechia,David Douděra,44,30.5,38.7,0.013,miss,set-piece,right-foot,false
2026,Czechia vs Mexico,,Mexico,Julián Quiñones,50,16,37,0.0306,block,assisted,right-foot,false
2026,Czechia vs Mexico,,Czechia,David Douděra,81,30.7,61.9,0.0169,miss,regular,right-foot,false
2026,Czechia vs Mexico,,Czechia,Lukáš Červ,54,23.8,59.1,0.013,block,corner,right-foot,false
2026,Czechia vs Mexico,,Czechia,Lukáš Červ,46,14,47.7,0.1099,save,throw-in-set-piece,left-foot,false
2026,Czechia vs Mexico,,Mexico,Álvaro Fidalgo,90,14.9,53.4,0.2111,goal,assisted,right-foot,true
2026,Czechia vs Mexico,,Czechia,Vladimír Coufal,7,12.6,54.8,0.0274,block,assisted,head,false
2026,Czechia vs Mexico,,Czechia,Denis Višinský,27,12.5,44.6,0.0957,block,assisted,right-foot,false
2026,Czechia vs Mexico,,Mexico,Mateo Chávez,55,10.2,62.6,0.4262,goal,assisted,left-foot,true
2026,Czechia vs Mexico,,Mexico,Roberto Alvarado,39,10.8,69.7,0.0836,miss,assisted,left-foot,false
2026,Czechia vs Mexico,,Mexico,Julián Quiñones,77,8.9,39.9,0.0549,miss,throw-in-set-piece,head,false
2026,Czechia vs Mexico,,Czechia,Denis Višinský,15,25.9,29.5,0.0218,miss,throw-in-set-piece,right-foot,false
2026,Czechia vs Mexico,,Mexico,Israel Reyes,37,14.1,52.6,0.0546,miss,set-piece,right-foot,false
2026,Czechia vs Mexico,,Mexico,Jorge Sánchez,39,10.7,75.1,0.0222,save,assisted,right-foot,false
2026,Czechia vs Mexico,,Mexico,Gilberto Mora,39,24.7,55.7,0.0275,block,assisted,left-foot,false
2026,Czechia vs Mexico,,Mexico,Julián Quiñones,45,27.5,18.3,0.0154,miss,assisted,right-foot,false
2026,Czechia vs Mexico,,Czechia,Michal Sadílek,12,15.2,57.6,0.0366,miss,throw-in-set-piece,left-foot,false
2026,Czechia vs Mexico,,Czechia,Michal Sadílek,61,25.9,63.2,0.0297,block,throw-in-set-piece,left-foot,false
2026,Czechia vs Mexico,,Mexico,Julián Quiñones,61,3.8,48.5,0.7623,goal,fast-break,right-foot,true
2026,Czechia vs Mexico,,Mexico,Santiago Giménez,90,6.5,60.3,0.1015,save,assisted,left-foot,false
2026,Czechia vs Mexico,,Czechia,Pavel Šulc,90,27.9,54,0.0197,miss,regular,right-foot,false
2026,Czechia vs Mexico,,Czechia,David Douděra,90,4.3,27.6,0.014,miss,assisted,right-foot,false
2026,Czechia vs Mexico,,Czechia,David Douděra,68,25,48.3,0.0139,miss,corner,right-foot,false
2026,Czechia vs South Africa,,Czechia,Michal Sadílek,6,11.4,41.1,0.1839,goal,throw-in-set-piece,left-foot,true
2026,Czechia vs South Africa,,Czechia,Jaroslav Zelený,90,14.3,53.8,0.0126,miss,set-piece,head,false
2026,Czechia vs South Africa,,Czechia,Ladislav Krejčí,90,9.1,50.7,0.0994,miss,assisted,head,false
2026,Czechia vs South Africa,,South Africa,Oswin Appollis,12,27.1,55.2,0.0187,block,assisted,right-foot,false
2026,Czechia vs South Africa,,Czechia,Ladislav Krejčí,68,8.4,55.5,0.0569,block,throw-in-set-piece,head,false
2026,Czechia vs South Africa,,Czechia,Ladislav Krejčí,5,8.7,53.4,0.0745,miss,corner,head,false
2026,Czechia vs South Africa,,South Africa,Mbekezeli Mbokazi,90,26.8,65.8,0.0182,block,corner,left-foot,false
2026,Czechia vs South Africa,,Czechia,Michal Sadílek,59,14.6,46.9,0.1067,block,assisted,left-foot,false
2026,Czechia vs South Africa,,Czechia,Adam Hložek,41,28.2,55,0.0359,miss,free-kick,right-foot,false
2026,Czechia vs South Africa,,Czechia,Patrik Schick,48,8.6,47.4,0.1109,save,corner,head,false
2026,Czechia vs South Africa,,South Africa,Evidence Makgopa,74,10,32.7,0.033,save,assisted,head,false
2026,Czechia vs South Africa,,South Africa,Thapelo Maseko,81,18.5,71.8,0.0229,block,assisted,left-foot,false
2026,Czechia vs South Africa,,Czechia,Ladislav Krejčí,53,10,44.1,0.0233,miss,corner,head,false
2026,Czechia vs South Africa,,Czechia,Lukáš Červ,47,27.8,49.7,0.0292,save,regular,left-foot,false
2026,Czechia vs South Africa,,South Africa,Thapelo Maseko,45,10.2,55.8,0.1116,block,regular,left-foot,false
2026,Czechia vs South Africa,,South Africa,Mbekezeli Mbokazi,76,29.6,43,0.0158,block,set-piece,left-foot,false
2026,Czechia vs South Africa,,Czechia,Michal Sadílek,5,15.4,39.7,0.0217,miss,corner,left-foot,false
2026,Czechia vs South Africa,,South Africa,Iqraam Rayners,22,9.4,46.2,0.0588,block,assisted,head,false
2026,Czechia vs South Africa,,South Africa,Aubrey Modiba,13,34.9,53.4,0.0136,miss,corner,left-foot,false
2026,Czechia vs South Africa,,South Africa,Thapelo Maseko,54,21,64.4,0.0171,miss,assisted,left-foot,false
2026,Czechia vs South Africa,,South Africa,Relebohile Mofokeng,88,21.2,58.3,0.0483,save,regular,right-foot,false
2026,Czechia vs South Africa,,Czechia,Patrik Schick,1,7.9,59.1,0.0891,miss,assisted,head,false
2026,Czechia vs South Africa,,South Africa,Aubrey Modiba,60,30.2,27.6,0.0154,miss,assisted,left-foot,false
2026,Czechia vs South Africa,,South Africa,Evidence Makgopa,90,14.7,66.7,0.0531,save,assisted,left-foot,false
2026,Czechia vs South Africa,,South Africa,Thalente Mbatha,86,28,50.3,0.0105,block,regular,right-foot,false
2026,Czechia vs South Africa,,South Africa,Aubrey Modiba,90,14.1,43.8,0.1009,block,regular,right-foot,false
2026,Czechia vs South Africa,,South Africa,Teboho Mokoena,83,11.5,50,0.7884,goal,penalty,right-foot,true
2026,Czechia vs South Africa,,South Africa,Teboho Mokoena,45,30.9,45.6,0.0121,miss,assisted,right-foot,false
2026,Czechia vs South Africa,,Czechia,Lukáš Provod,90,17.9,27,0.0278,miss,assisted,left-foot,false
2026,Czechia vs South Africa,,South Africa,Mbekezeli Mbokazi,50,28.4,54.1,0.0139,miss,corner,left-foot,false
2026,Czechia vs South Africa,,Czechia,Vladimír Darida,47,13.4,45.9,0.1461,block,assisted,right-foot,false
2026,Côte d'Ivoire vs Ecuador,,Côte d'Ivoire,Yan Diomande,58,9.8,35.2,0.085,miss,regular,right-foot,false
2026,Côte d'Ivoire vs Ecuador,,Côte d'Ivoire,Amad Diallo,90,15,52.8,0.1653,goal,assisted,left-foot,true
2026,Côte d'Ivoire vs Ecuador,,Ecuador,John Yeboah,23,17.9,67,0.0217,post,regular,left-foot,false
2026,Côte d'Ivoire vs Ecuador,,Côte d'Ivoire,Wilfried Singo,45,9.9,44.8,0.0519,miss,corner,right-foot,false
2026,Côte d'Ivoire vs Ecuador,,Côte d'Ivoire,Elye Wahi,18,6.7,59.1,0.2539,save,regular,right-foot,false
2026,Côte d'Ivoire vs Ecuador,,Ecuador,John Yeboah,14,19.7,69.7,0.0324,miss,assisted,left-foot,false
2026,Côte d'Ivoire vs Ecuador,,Côte d'Ivoire,Seko Fofana,16,20.9,54.6,0.1297,block,assisted,right-foot,false
2026,Côte d'Ivoire vs Ecuador,,Côte d'Ivoire,Amad Diallo,90,23.2,47.3,0.0301,save,assisted,left-foot,false
2026,Côte d'Ivoire vs Ecuador,,Côte d'Ivoire,Nicolas Pépé,45,19.5,59.4,0.0315,block,assisted,left-foot,false
2026,Côte d'Ivoire vs Ecuador,,Côte d'Ivoire,Nicolas Pépé,35,9.9,55.1,0.3166,block,fast-break,left-foot,false
2026,Côte d'Ivoire vs Ecuador,,Côte d'Ivoire,Christ Inao Oulaï,90,19.4,62.4,0.0251,miss,assisted,right-foot,false
2026,Côte d'Ivoire vs Ecuador,,Ecuador,Gonzalo Plata,68,21,59.4,0.0521,save,regular,left-foot,false
2026,Côte d'Ivoire vs Ecuador,,Ecuador,Joel Ordóñez,87,5.7,54.2,0.1595,block,set-piece,head,false
2026,Côte d'Ivoire vs Ecuador,,Ecuador,John Yeboah,30,17.5,53.4,0.0791,miss,assisted,left-foot,false
2026,Côte d'Ivoire vs Ecuador,,Ecuador,Enner Valencia,46,1.5,33.8,0.0293,post,assisted,left-foot,false
2026,Côte d'Ivoire vs Ecuador,,Côte d'Ivoire,Seko Fofana,61,21.6,40.9,0.0557,save,corner,right-foot,false
2026,Côte d'Ivoire vs Ecuador,,Côte d'Ivoire,Ghislain Konan,83,5.2,35.8,0.064,miss,regular,right-foot,false
2026,Côte d'Ivoire vs Ecuador,,Côte d'Ivoire,Elye Wahi,52,7,52.2,0.2488,post,assisted,right-foot,false
2026,Côte d'Ivoire vs Ecuador,,Ecuador,Joel Ordóñez,88,10.8,46.2,0.0452,block,corner,right-foot,false
2026,Côte d'Ivoire vs Ecuador,,Ecuador,Moisés Caicedo,2,20.9,64.6,0.0296,miss,assisted,right-foot,false
2026,Côte d'Ivoire vs Ecuador,,Côte d'Ivoire,Seko Fofana,33,23.2,50.5,0.0472,miss,assisted,right-foot,false
2026,Côte d'Ivoire vs Ecuador,,Côte d'Ivoire,Seko Fofana,53,21.7,38.3,0.0562,miss,assisted,left-foot,false
2026,Côte d'Ivoire vs Ecuador,,Ecuador,Alan Minda,30,8.8,38.5,0.3364,post,assisted,right-foot,false
2026,Côte d'Ivoire vs Ecuador,,Ecuador,Pedro Vite,56,21.2,56.4,0.0509,miss,assisted,left-foot,false
2026,Côte d'Ivoire vs Ecuador,,Côte d'Ivoire,Yan Diomande,50,15.3,51.9,0.1232,miss,assisted,left-foot,false
2026,Côte d'Ivoire vs Ecuador,,Ecuador,Alan Minda,24,23.4,44.4,0.0339,miss,regular,right-foot,false
2026,Côte d'Ivoire vs Ecuador,,Ecuador,Piero Hincapié,90,3.9,45,0.1596,block,corner,head,false
2026,Côte d'Ivoire vs Norway,Round of 32,Norway,Erling Haaland,37,9.3,46.9,0.0625,save,assisted,head,false
2026,Côte d'Ivoire vs Norway,Round of 32,Côte d'Ivoire,Nicolas Pépé,28,3.5,59.4,0.1919,miss,assisted,right-foot,false
2026,Côte d'Ivoire vs Norway,Round of 32,Norway,Andreas Schjelderup,90,11.6,38.5,0.0862,miss,assisted,right-foot,false
2026,Côte d'Ivoire vs Norway,Round of 32,Côte d'Ivoire,Emmanuel Agbadou,59,29.7,48.1,0.0198,miss,corner,right-foot,false
2026,Côte d'Ivoire vs Norway,Round of 32,Norway,Alexander Sørloth,42,4.9,47.9,0.2659,miss,corner,head,false
2026,Côte d'Ivoire vs Norway,Round of 32,Côte d'Ivoire,Emmanuel Agbadou,35,26.5,54.4,0.0094,save,corner,right-foot,false
2026,Côte d'Ivoire vs Norway,Round of 32,Côte d'Ivoire,Ibrahim Sangaré,52,27.9,55.7,0.0257,miss,regular,right-foot,false
2026,Côte d'Ivoire vs Norway,Round of 32,Norway,Martin Ødegaard,38,25.1,44.3,0.0281,block,assisted,left-foot,false
2026,Côte d'Ivoire vs Norway,Round of 32,Côte d'Ivoire,Amad Diallo,74,4.2,58.7,0.1983,goal,assisted,left-foot,true
2026,Côte d'Ivoire vs Norway,Round of 32,Norway,Erling Haaland,3,11.4,41.8,0.0299,block,assisted,head,false
2026,Côte d'Ivoire vs Norway,Round of 32,Côte d'Ivoire,Nicolas Pépé,55,7.6,60.1,0.1265,save,regular,left-foot,false
2026,Côte d'Ivoire vs Norway,Round of 32,Norway,Torbjørn Heggem,67,4.3,48.1,0.4499,save,corner,right-foot,false
2026,Côte d'Ivoire vs Norway,Round of 32,Côte d'Ivoire,Emmanuel Agbadou,45,8.9,47.3,0.0783,miss,set-piece,head,false
2026,Côte d'Ivoire vs Norway,Round of 32,Norway,Erling Haaland,86,6.3,48.9,0.8024,goal,assisted,left-foot,true
2026,Côte d'Ivoire vs Norway,Round of 32,Côte d'Ivoire,Yan Diomande,8,8.1,50.2,0.0884,miss,assisted,head,false
2026,Côte d'Ivoire vs Norway,Round of 32,Côte d'Ivoire,Ghislain Konan,21,7,29.7,0.076,miss,assisted,right-foot,false
2026,Côte d'Ivoire vs Norway,Round of 32,Côte d'Ivoire,Guéla Doué,64,7.1,47,0.1292,miss,corner,left-foot,false
2026,Côte d'Ivoire vs Norway,Round of 32,Côte d'Ivoire,Amad Diallo,90,29.6,48.9,0.0342,save,free-kick,left-foot,false
2026,Côte d'Ivoire vs Norway,Round of 32,Côte d'Ivoire,Evann Guessand,90,4.2,48.1,0.2215,miss,corner,head,false
2026,Côte d'Ivoire vs Norway,Round of 32,Norway,Erling Haaland,42,4.9,49.1,0.2729,block,regular,left-foot,false
2026,Côte d'Ivoire vs Norway,Round of 32,Côte d'Ivoire,Franck Kessié,57,8.3,58.7,0.1001,save,assisted,right-foot,false
2026,Côte d'Ivoire vs Norway,Round of 32,Norway,Antonio Nusa,39,12.5,29.5,0.0218,goal,assisted,right-foot,true
2026,Côte d'Ivoire vs Norway,Round of 32,Côte d'Ivoire,Ghislain Konan,72,14.3,36.8,0.0594,miss,assisted,right-foot,false
2026,Côte d'Ivoire vs Norway,Round of 32,Norway,Alexander Sørloth,66,8.1,52.5,0.0711,miss,corner,head,false
2026,DR Congo vs Uzbekistan,,DR Congo,Yoane Wissa,61,7.7,54.2,0.2471,miss,assisted,head,false
2026,DR Congo vs Uzbekistan,,DR Congo,Nathanaël Mbuku,58,20.8,73.5,0.0184,save,assisted,left-foot,false
2026,DR Congo vs Uzbekistan,,DR Congo,Yoane Wissa,68,11.5,50,0.7884,goal,penalty,right-foot,true
2026,DR Congo vs Uzbekistan,,DR Congo,Fiston Mayele,88,24.6,63.4,0.0332,miss,assisted,right-foot,false
2026,DR Congo vs Uzbekistan,,DR Congo,Fiston Mayele,78,4.3,45.3,0.5861,goal,fast-break,right-foot,true
2026,DR Congo vs Uzbekistan,,DR Congo,Fiston Mayele,57,8.3,40.9,0.0966,miss,assisted,head,false
2026,DR Congo vs Uzbekistan,,DR Congo,Yoane Wissa,2,26,40.7,0.02,miss,regular,right-foot,false
2026,DR Congo vs Uzbekistan,,Uzbekistan,Eldor Shomurodov,51,14.8,57,0.1432,miss,assisted,right-foot,false
2026,DR Congo vs Uzbekistan,,DR Congo,Brian Cipenga,53,12.2,23.9,0.024,miss,assisted,right-foot,false
2026,DR Congo vs Uzbekistan,,Uzbekistan,Sherzod Nasrullaev,90,9.2,35.2,0.0764,miss,regular,left-foot,false
2026,DR Congo vs Uzbekistan,,DR Congo,Yoane Wissa,29,10.8,49.1,0.1032,miss,throw-in-set-piece,left-foot,false
2026,DR Congo vs Uzbekistan,,Uzbekistan,Dostonbek Khamdamov,1,9.4,43.5,0.0988,save,assisted,left-foot,false
2026,DR Congo vs Uzbekistan,,DR Congo,Chancel Mbemba,45,10.7,35.4,0.0496,miss,set-piece,right-foot,false
2026,DR Congo vs Uzbekistan,,DR Congo,Yoane Wissa,90,19.8,31,0.0252,goal,assisted,right-foot,true
2026,DR Congo vs Uzbekistan,,Uzbekistan,Eldor Shomurodov,10,8,26.5,0.0136,goal,assisted,left-foot,true
2026,DR Congo vs Uzbekistan,,Uzbekistan,Abbosbek Fayzullaev,45,26.5,42.5,0.0469,miss,free-kick,right-foot,false
2026,DR Congo vs Uzbekistan,,DR Congo,Ngal'ayel Mukau,90,26,39.1,0.019,miss,assisted,left-foot,false
2026,DR Congo vs Uzbekistan,,DR Congo,Fiston Mayele,60,14.5,27.2,0.0286,miss,assisted,right-foot,false
2026,DR Congo vs Uzbekistan,,DR Congo,Meschak Elia,78,17.4,30.6,0.0344,miss,fast-break,right-foot,false
2026,DR Congo vs Uzbekistan,,DR Congo,Brian Cipenga,48,28.7,33.3,0.0114,miss,set-piece,right-foot,false
2026,DR Congo vs Uzbekistan,,DR Congo,Fiston Mayele,90,9.7,72.2,0.0177,miss,assisted,right-foot,false
2026,DR Congo vs Uzbekistan,,DR Congo,Fiston Mayele,75,5.1,42.1,0.0934,miss,assisted,head,false
2026,DR Congo vs Uzbekistan,,DR Congo,Théo Bongonda,90,13,64.4,0.0735,miss,assisted,left-foot,false
2026,DR Congo vs Uzbekistan,,DR Congo,Brian Cipenga,44,5.1,13.1,0.0301,block,free-kick,right-foot,false
2026,DR Congo vs Uzbekistan,,DR Congo,Yoane Wissa,50,12,52.6,0.1438,miss,assisted,left-foot,false
2026,Ecuador vs Curaçao,,Curaçao,Livano Comenencia,18,22.7,68.1,0.024,miss,assisted,right-foot,false
2026,Ecuador vs Curaçao,,Curaçao,Juninho Bacuna,74,19.2,41.3,0.037,save,assisted,left-foot,false
2026,Ecuador vs Curaçao,,Ecuador,Kevin Rodriguez,64,7.4,55.2,0.0665,miss,corner,head,false
2026,Ecuador vs Curaçao,,Ecuador,Enner Valencia,20,7.7,48,0.3222,save,regular,right-foot,false
2026,Ecuador vs Curaçao,,Ecuador,Enner Valencia,65,4.7,40.3,0.183,save,assisted,head,false
2026,Ecuador vs Curaçao,,Ecuador,John Yeboah,73,11.1,65.7,0.0905,block,throw-in-set-piece,right-foot,false
2026,Ecuador vs Curaçao,,Ecuador,Moisés Caicedo,50,26.3,50.3,0.0211,save,assisted,right-foot,false
2026,Ecuador vs Curaçao,,Ecuador,Enner Valencia,84,8.1,36.8,0.1221,miss,regular,right-foot,false
2026,Ecuador vs Curaçao,,Ecuador,John Yeboah,42,14.7,37.6,0.0727,save,assisted,left-foot,false
2026,Ecuador vs Curaçao,,Curaçao,Juninho Bacuna,30,28.3,40.1,0.0215,block,assisted,left-foot,false
2026,Ecuador vs Curaçao,,Curaçao,Jürgen Locadia,60,8.2,68.1,0.0673,block,regular,right-foot,false
2026,Ecuador vs Curaçao,,Ecuador,Gonzalo Plata,28,19.4,48.9,0.0682,save,fast-break,right-foot,false
2026,Ecuador vs Curaçao,,Ecuador,Enner Valencia,77,11.7,49.3,0.0277,save,assisted,head,false
2026,Ecuador vs Curaçao,,Ecuador,Enner Valencia,61,15.8,32.1,0.0504,save,fast-break,right-foot,false
2026,Ecuador vs Curaçao,,Ecuador,Piero Hincapié,74,5.5,49.9,0.2673,miss,corner,head,false
2026,Ecuador vs Curaçao,,Ecuador,Enner Valencia,66,3.2,48.7,0.4561,block,corner,right-foot,false
2026,Ecuador vs Curaçao,,Ecuador,Gonzalo Plata,50,28.8,44.6,0.0162,miss,assisted,left-foot,false
2026,Ecuador vs Curaçao,,Ecuador,Piero Hincapié,59,3.8,57.1,0.142,miss,corner,head,false
2026,Ecuador vs Curaçao,,Curaçao,Livano Comenencia,60,15.4,54,0.1022,save,assisted,right-foot,false
2026,Ecuador vs Curaçao,,Curaçao,Leandro Bacuna,60,18.9,35.6,0.0302,save,assisted,right-foot,false
2026,Ecuador vs Curaçao,,Ecuador,Jordy Alcivar,22,16.6,50.5,0.0391,miss,assisted,right-foot,false
2026,Ecuador vs Curaçao,,Ecuador,Kevin Rodriguez,66,5.1,48.9,0.1678,save,corner,head,false
2026,Ecuador vs Curaçao,,Ecuador,Pedro Vite,14,13,63.5,0.0522,miss,assisted,left-foot,false
2026,Ecuador vs Curaçao,,Ecuador,Pedro Vite,80,23.4,30.9,0.0219,save,assisted,left-foot,false
2026,Ecuador vs Curaçao,,Ecuador,Gonzalo Plata,16,25,63.4,0.0243,save,assisted,left-foot,false
2026,Ecuador vs Curaçao,,Curaçao,Juninho Bacuna,33,14.2,39.2,0.0867,block,assisted,right-foot,false
2026,Ecuador vs Curaçao,,Curaçao,Leandro Bacuna,57,22.8,40.1,0.0482,miss,fast-break,right-foot,false
2026,Ecuador vs Curaçao,,Ecuador,Gonzalo Plata,59,5.1,49.8,0.1899,save,corner,head,false
2026,Ecuador vs Curaçao,,Ecuador,Nilson Angulo,72,25.7,25.8,0.0165,save,assisted,right-foot,false
2026,Ecuador vs Curaçao,,Curaçao,Livano Comenencia,45,28.7,49.9,0.0172,miss,assisted,left-foot,false
2026,Ecuador vs Curaçao,,Ecuador,Gonzalo Plata,80,8.2,64.1,0.0139,block,corner,head,false
2026,Ecuador vs Curaçao,,Ecuador,John Yeboah,12,14.5,64.8,0.0333,save,assisted,left-foot,false
2026,Ecuador vs Curaçao,,Ecuador,Kevin Rodriguez,62,8.5,28.9,0.0184,miss,fast-break,left-foot,false
2026,Ecuador vs Curaçao,,Ecuador,Ángelo Preciado,90,6.7,83.2,0.0225,post,assisted,right-foot,false
2026,Ecuador vs Curaçao,,Ecuador,Kevin Rodriguez,67,16,49.8,0.0426,miss,assisted,right-foot,false
2026,Ecuador vs Curaçao,,Ecuador,Enner Valencia,3,11,45,0.4868,save,assisted,right-foot,false
2026,Ecuador vs Curaçao,,Ecuador,Willian Pacho,66,8.3,48.3,0.1162,save,corner,head,false
2026,Ecuador vs Curaçao,,Ecuador,Gonzalo Plata,54,2.5,69.2,0.0098,miss,set-piece,right-foot,false
2026,Ecuador vs Curaçao,,Curaçao,Sherel Constancio Floranus,8,13.8,30,0.0511,miss,fast-break,right-foot,false
2026,Ecuador vs Germany,,Germany,Florian Wirtz,7,20.2,42.3,0.0339,block,regular,right-foot,false
2026,Ecuador vs Germany,,Germany,Jamal Musiala,35,13.4,34.9,0.0278,block,assisted,left-foot,false
2026,Ecuador vs Germany,,Ecuador,Enner Valencia,32,10.2,71.6,0.0197,block,assisted,right-foot,false
2026,Ecuador vs Germany,,Germany,Kai Havertz,25,8.2,51.3,0.0876,save,assisted,head,false
2026,Ecuador vs Germany,,Germany,Florian Wirtz,45,10.5,61.5,0.0724,block,assisted,right-foot,false
2026,Ecuador vs Germany,,Ecuador,Kevin Rodriguez,77,4.6,46.6,0.2881,block,assisted,left-foot,false
2026,Ecuador vs Germany,,Germany,Leroy Sané,76,14.2,40.5,0.1612,save,fast-break,left-foot,false
2026,Ecuador vs Germany,,Germany,Felix Nmecha,38,20.7,63.8,0.0224,block,assisted,right-foot,false
2026,Ecuador vs Germany,,Germany,Pascal Groß,90,23,58.8,0.0163,miss,throw-in-set-piece,left-foot,false
2026,Ecuador vs Germany,,Germany,Deniz Undav,90,3.4,31.3,0.0258,miss,assisted,left-foot,false
2026,Ecuador vs Germany,,Germany,Felix Nmecha,14,19.3,71.5,0.0357,miss,assisted,right-foot,false
2026,Ecuador vs Germany,,Ecuador,Gonzalo Plata,77,1.4,52.8,0.5692,goal,corner,left-foot,true
2026,Ecuador vs Germany,,Germany,Leroy Sané,2,15,49.2,0.1071,goal,throw-in-set-piece,left-foot,true
2026,Ecuador vs Germany,,Ecuador,Moisés Caicedo,54,3.4,34.9,0.0216,miss,corner,head,false
2026,Ecuador vs Germany,,Ecuador,Enner Valencia,62,22.2,61.7,0.0461,save,assisted,right-foot,false
2026,Ecuador vs Germany,,Ecuador,Kevin Rodriguez,77,5.2,59.9,0.077,block,corner,head,false
2026,Ecuador vs Germany,,Ecuador,Moisés Caicedo,73,13.8,28.7,0.0255,miss,assisted,left-foot,false
2026,Ecuador vs Germany,,Germany,Florian Wirtz,63,20.3,45.5,0.0595,block,fast-break,right-foot,false
2026,Ecuador vs Germany,,Ecuador,Gonzalo Plata,73,4.6,51.7,0.3,miss,assisted,left-foot,false
2026,Ecuador vs Germany,,Ecuador,Nilson Angulo,9,22.1,41.1,0.0253,goal,assisted,right-foot,true
2026,Egypt vs Iran,,Egypt,Mahmoud Saber,39,23.6,33.9,0.0091,miss,corner,right-foot,false
2026,Egypt vs Iran,,Iran,Saeid Ezatolahi,90,5,47.1,0.2351,post,corner,head,false
2026,Egypt vs Iran,,Iran,Ramin Rezaeian,14,1.9,59.4,0.071,goal,regular,right-foot,true
2026,Egypt vs Iran,,Egypt,Mohanad Lasheen,84,24.3,36.6,0.0362,miss,regular,right-foot,false
2026,Egypt vs Iran,,Iran,Ramin Rezaeian,34,14.1,49.3,0.052,miss,regular,left-foot,false
2026,Egypt vs Iran,,Iran,Mohammad Ghorbani,76,24.4,57.9,0.0398,block,assisted,right-foot,false
2026,Egypt vs Iran,,Iran,Mehdi Taremi,11,11.5,50,0.7884,save,penalty,right-foot,false
2026,Egypt vs Iran,,Egypt,Mahmoud Trézéguet,49,13,37,0.0716,save,assisted,right-foot,false
2026,Egypt vs Iran,,Iran,Mehdi Taremi,90,10.2,48.2,0.1164,miss,assisted,right-foot,false
2026,Egypt vs Iran,,Egypt,Mohamed Salah,5,13.1,56.3,0.0847,block,assisted,left-foot,false
2026,Egypt vs Iran,,Egypt,Mahmoud Trézéguet,41,25.5,54.2,0.0199,block,regular,right-foot,false
2026,Egypt vs Iran,,Iran,Shoja Khalilzadeh,45,6.6,54,0.1253,miss,throw-in-set-piece,head,false
2026,Egypt vs Iran,,Iran,Saeid Ezatolahi,46,19.1,45.5,0.059,miss,assisted,right-foot,false
2026,Egypt vs Iran,,Egypt,Mohanad Lasheen,52,6.7,48.9,0.1315,miss,corner,head,false
2026,Egypt vs Iran,,Egypt,Zizo,62,13.1,39.2,0.0792,block,regular,left-foot,false
2026,Egypt vs Iran,,Egypt,Mahmoud Trézéguet,30,23.8,25.4,0.019,save,fast-break,right-foot,false
2026,Egypt vs Iran,,Iran,Saman Ghoddos,55,26.7,42.4,0.0285,miss,regular,right-foot,false
2026,Egypt vs Iran,,Iran,Milad Mohammadi,14,13.6,38.3,0.1206,save,assisted,right-foot,false
2026,Egypt vs Iran,,Iran,Saman Ghoddos,11,9.5,58.4,0.1613,miss,set-piece,left-foot,false
2026,Egypt vs Iran,,Egypt,Mohamed Hany,21,25.4,57.7,0.0348,block,corner,right-foot,false
2026,Egypt vs Iran,,Egypt,Mostafa Ziko,17,11.4,57.9,0.0415,miss,corner,right-foot,false
2026,Egypt vs Iran,,Egypt,Mahmoud Saber,45,28.3,46.7,0.0236,miss,assisted,left-foot,false
2026,Egypt vs Iran,,Egypt,Omar Marmoush,68,19.5,30,0.0376,block,regular,right-foot,false
2026,Egypt vs Iran,,Egypt,Mahmoud Saber,5,11.4,32.8,0.0825,goal,assisted,left-foot,true
2026,Egypt vs Iran,,Iran,Mohammad Ghorbani,90,9.4,49.7,0.1149,save,set-piece,right-foot,false
2026,Egypt vs Iran,,Egypt,Mahmoud Trézéguet,52,13.3,56.8,0.0731,block,assisted,right-foot,false
2026,Egypt vs Iran,,Iran,Ramin Rezaeian,90,7.1,61.1,0.1668,block,assisted,right-foot,false
2026,Egypt vs Iran,,Egypt,Mahmoud Trézéguet,72,8.3,49.7,0.0702,miss,corner,head,false
2026,Egypt vs Iran,,Iran,Shoja Khalilzadeh,90,7,55.1,0.2705,goal,set-piece,left-foot,true
2026,England vs Argentina,Semifinals,Argentina,Leandro Paredes,54,24.7,70.3,0.0242,miss,assisted,right-foot,false
2026,England vs Argentina,Semifinals,Argentina,Alexis Mac Allister,76,7.5,49.7,0.3507,post,assisted,head,false
2026,England vs Argentina,Semifinals,Argentina,Lionel Messi,38,26.7,41.6,0.0078,block,set-piece,left-foot,false
2026,England vs Argentina,Semifinals,Argentina,Julián Alvarez,47,9.1,67.1,0.0662,save,assisted,right-foot,false
2026,England vs Argentina,Semifinals,Argentina,Enzo Fernández,38,25.9,54.8,0.0175,miss,set-piece,right-foot,false
2026,England vs Argentina,Semifinals,Argentina,Nicolás González,69,8.2,51.9,0.121,save,corner,head,false
2026,England vs Argentina,Semifinals,England,Harry Kane,66,27.1,55.4,0.0215,block,assisted,right-foot,false
2026,England vs Argentina,Semifinals,Argentina,Enzo Fernández,61,23.8,69.7,0.026,miss,assisted,right-foot,false
2026,England vs Argentina,Semifinals,England,Declan Rice,66,20,73.2,0.0226,save,assisted,right-foot,false
2026,England vs Argentina,Semifinals,Argentina,Rodrigo De Paul,84,27.3,51.7,0.0267,block,assisted,right-foot,false
2026,England vs Argentina,Semifinals,Argentina,Julián Alvarez,47,5.2,69.5,0.0554,miss,assisted,right-foot,false
2026,England vs Argentina,Semifinals,Argentina,Alexis Mac Allister,90,17.9,43.7,0.0826,block,assisted,right-foot,false
2026,England vs Argentina,Semifinals,England,Morgan Rogers,79,21.9,38.3,0.0486,block,fast-break,right-foot,false
2026,England vs Argentina,Semifinals,Argentina,Julián Alvarez,76,7.6,54,0.2933,miss,regular,left-foot,false
2026,England vs Argentina,Semifinals,Argentina,Enzo Fernández,85,22.3,55.3,0.0467,goal,corner,right-foot,true
2026,England vs Argentina,Semifinals,England,Anthony Gordon,55,5.2,47.4,0.3839,goal,assisted,right-foot,true
2026,England vs Argentina,Semifinals,Argentina,Lautaro Martínez,90,3.2,46.4,0.7079,goal,assisted,head,true
2026,England vs Argentina,Semifinals,Argentina,Alexis Mac Allister,76,9.2,54.5,0.0883,save,assisted,head,false
2026,England vs Argentina,Semifinals,England,John Stones,33,6,59.7,0.0549,miss,set-piece,head,false
2026,England vs Argentina,Semifinals,Argentina,Enzo Fernández,85,27.5,47.9,0.0338,miss,assisted,right-foot,false
2026,England vs Croatia,,England,Anthony Gordon,56,3.6,53.8,0.2408,save,corner,head,false
2026,England vs Croatia,,England,Nico O'Reilly,49,4.8,57,0.1421,miss,corner,head,false
2026,England vs Croatia,,England,Jude Bellingham,31,8.1,45.9,0.257,miss,assisted,left-foot,false
2026,England vs Croatia,,England,Ezri Konsa,9,10.4,48.9,0.0286,miss,corner,head,false
2026,England vs Croatia,,England,Jude Bellingham,48,14.5,44.1,0.1274,save,assisted,right-foot,false
2026,England vs Croatia,,Croatia,Josip Šutalo,3,7.5,44.2,0.1663,miss,corner,right-foot,false
2026,England vs Croatia,,Croatia,Martin Baturina,36,21,64.8,0.0527,goal,assisted,right-foot,true
2026,England vs Croatia,,England,Ezri Konsa,56,3.7,49.5,0.3385,save,corner,right-foot,false
2026,England vs Croatia,,England,Harry Kane,12,11.5,50,0.7884,goal,penalty,right-foot,true
2026,England vs Croatia,,England,Harry Kane,8,16.9,47.4,0.0368,block,regular,right-foot,false
2026,England vs Croatia,,England,Elliot Anderson,16,22.9,43.7,0.0429,block,corner,right-foot,false
2026,England vs Croatia,,Croatia,Igor Matanović,77,29.9,48.8,0.0192,save,throw-in-set-piece,right-foot,false
2026,England vs Croatia,,Croatia,Marco Pašalić,76,8.8,68.4,0.0578,save,assisted,left-foot,false
2026,England vs Croatia,,Croatia,Petar Musa,45,8.3,43,0.1774,goal,assisted,right-foot,true
2026,England vs Croatia,,England,Harry Kane,90,11.1,30.7,0.0377,miss,throw-in-set-piece,right-foot,false
2026,England vs Croatia,,Croatia,Joško Gvardiol,90,5,43.1,0.1743,block,corner,right-foot,false
2026,England vs Croatia,,England,Reece James,45,27.5,47.7,0.0398,block,free-kick,right-foot,false
2026,England vs Croatia,,England,Nico O'Reilly,56,7.8,58.8,0.0252,save,corner,head,false
2026,England vs Croatia,,England,Anthony Gordon,69,13,31.9,0.0254,block,assisted,right-foot,false
2026,England vs Croatia,,England,Harry Kane,57,6.1,31,0.065,miss,assisted,right-foot,false
2026,England vs Croatia,,England,Noni Madueke,16,6.1,67.7,0.0666,block,assisted,right-foot,false
2026,England vs Croatia,,England,Harry Kane,42,9.9,48.4,0.0413,goal,corner,head,true
2026,England vs Croatia,,England,Djed Spence,82,12.2,57.6,0.3569,save,assisted,right-foot,false
2026,England vs Croatia,,England,Harry Kane,10,11.5,50,0.7884,save,penalty,right-foot,false
2026,England vs Croatia,,Croatia,Mario Pašalić,45,29.7,63.6,0.0118,miss,assisted,right-foot,false
2026,England vs Croatia,,England,Marcus Rashford,85,12.8,39.3,0.0573,goal,assisted,right-foot,true
2026,England vs Croatia,,Croatia,Mateo Kovačić,84,25.3,56.4,0.0247,save,regular,right-foot,false
2026,England vs Croatia,,England,Harry Kane,57,6.4,29.2,0.0216,save,assisted,left-foot,false
2026,England vs Croatia,,Croatia,Petar Sučić,81,24.6,63.6,0.0115,miss,regular,right-foot,false
2026,England vs Croatia,,Croatia,Andrej Kramarić,90,24.8,30.1,0.0176,block,assisted,right-foot,false
2026,England vs Croatia,,England,Declan Rice,52,16.3,31.2,0.0418,save,fast-break,right-foot,false
2026,England vs Croatia,,England,Harry Kane,35,9,46.3,0.0627,miss,regular,head,false
2026,England vs Croatia,,England,Jude Bellingham,47,8.7,68,0.0484,goal,assisted,right-foot,true
2026,England vs DR Congo,Round of 32,England,Anthony Gordon,85,13.8,47.2,0.0283,miss,assisted,head,false
2026,England vs DR Congo,Round of 32,England,Jude Bellingham,30,8,43.4,0.1767,save,assisted,head,false
2026,England vs DR Congo,Round of 32,England,Noni Madueke,39,12.2,75.4,0.0152,block,assisted,left-foot,false
2026,England vs DR Congo,Round of 32,England,Marcus Rashford,51,9.2,33.3,0.2016,miss,fast-break,left-foot,false
2026,England vs DR Congo,Round of 32,England,Jude Bellingham,86,5.5,33.1,0.146,save,assisted,left-foot,false
2026,England vs DR Congo,Round of 32,DR Congo,Nathanaël Mbuku,63,21.2,70.7,0.0253,block,corner,left-foot,false
2026,England vs DR Congo,Round of 32,England,Harry Kane,35,13.9,50.3,0.1457,block,regular,right-foot,false
2026,England vs DR Congo,Round of 32,England,Nico O'Reilly,35,4.5,51.7,0.4101,miss,assisted,left-foot,false
2026,England vs DR Congo,Round of 32,England,Harry Kane,90,30,43,0.0112,miss,assisted,right-foot,false
2026,England vs DR Congo,Round of 32,England,Harry Kane,45,3.9,59.7,0.0718,save,corner,right-foot,false
2026,England vs DR Congo,Round of 32,England,Jude Bellingham,45,8.2,52.8,0.3349,save,assisted,head,false
2026,England vs DR Congo,Round of 32,England,Marcus Rashford,35,7.6,40.3,0.1448,save,assisted,right-foot,false
2026,England vs DR Congo,Round of 32,DR Congo,Brian Cipenga,62,23.2,23.5,0.0141,block,assisted,right-foot,false
2026,England vs DR Congo,Round of 32,DR Congo,Brian Cipenga,32,19.8,27.6,0.0122,miss,assisted,right-foot,false
2026,England vs DR Congo,Round of 32,England,Marcus Rashford,54,13.3,39.3,0.0134,miss,assisted,head,false
2026,England vs DR Congo,Round of 32,England,Elliot Anderson,79,23.4,37,0.0374,miss,assisted,right-foot,false
2026,England vs DR Congo,Round of 32,England,Harry Kane,86,14.3,64.6,0.0553,goal,assisted,right-foot,true
2026,England vs DR Congo,Round of 32,DR Congo,Yoane Wissa,90,26.9,46,0.0479,miss,free-kick,right-foot,false
2026,England vs DR Congo,Round of 32,DR Congo,Meschak Elia,85,19.2,23.3,0.0277,save,regular,right-foot,false
2026,England vs DR Congo,Round of 32,DR Congo,Brian Cipenga,7,9.4,30.6,0.0651,goal,assisted,right-foot,true
2026,England vs DR Congo,Round of 32,DR Congo,Yoane Wissa,42,4.2,53.4,0.6126,post,regular,right-foot,false
2026,England vs DR Congo,Round of 32,England,Noni Madueke,36,19.9,66,0.0427,block,regular,left-foot,false
2026,England vs DR Congo,Round of 32,England,Harry Kane,75,8.6,54.3,0.2064,goal,assisted,head,true
2026,England vs Ghana,,England,Noni Madueke,64,18.3,63.1,0.045,miss,set-piece,left-foot,false
2026,England vs Ghana,,Ghana,Prince Kwabena Adu,79,9.8,61,0.2413,save,fast-break,left-foot,false
2026,England vs Ghana,,England,Harry Kane,45,11,36.4,0.0874,block,assisted,left-foot,false
2026,England vs Ghana,,England,Anthony Gordon,57,16.4,31.5,0.0258,save,assisted,right-foot,false
2026,England vs Ghana,,England,Elliot Anderson,15,15.2,42.1,0.0435,block,assisted,right-foot,false
2026,England vs Ghana,,England,Bukayo Saka,86,19.1,69.7,0.0177,save,assisted,left-foot,false
2026,England vs Ghana,,England,Noni Madueke,57,14.2,66.4,0.0658,block,assisted,left-foot,false
2026,England vs Ghana,,England,Declan Rice,14,29.1,40.5,0.0232,miss,free-kick,right-foot,false
2026,England vs Ghana,,England,Declan Rice,16,4.2,35.1,0.0534,block,regular,left-foot,false
2026,England vs Ghana,,England,Jude Bellingham,33,13.9,67.5,0.0234,block,regular,right-foot,false
2026,England vs Ghana,,England,Bukayo Saka,70,7.1,56.8,0.1308,miss,assisted,head,false
2026,England vs Ghana,,England,Harry Kane,86,8.4,48.9,0.3297,miss,regular,left-foot,false
2026,England vs Ghana,,England,Elliot Anderson,62,12,55.4,0.0177,miss,corner,head,false
2026,England vs Ghana,,Ghana,Marvin Senaya,50,7.5,66.8,0.0449,block,assisted,right-foot,false
2026,England vs Ghana,,England,Elliot Anderson,61,6.8,60.8,0.0375,block,set-piece,head,false
2026,England vs Ghana,,England,Marc Guéhi,90,7.9,52.1,0.1121,miss,corner,head,false
2026,England vs Ghana,,England,Declan Rice,37,10.1,44.5,0.0539,miss,assisted,head,false
2026,England vs Ghana,,England,Harry Kane,69,21.6,39.2,0.0353,save,regular,left-foot,false
2026,England vs Ghana,,England,Elliot Anderson,63,25.7,53.9,0.0139,miss,set-piece,right-foot,false
2026,England vs Ghana,,England,Nico O'Reilly,86,7.4,49.2,0.1206,post,assisted,head,false
2026,England vs Ghana,,England,Nico O'Reilly,90,4,58.6,0.0881,miss,corner,head,false
2026,France vs England,Match for 3rd place,France,Michael Olise,75,14.1,54.4,0.1644,miss,regular,left-foot,false
2026,France vs England,Match for 3rd place,France,Rayan Cherki,11,18.2,52.3,0.0447,save,regular,left-foot,false
2026,France vs England,Match for 3rd place,England,Ivan Toney,45,7.4,73.9,0.0153,block,assisted,right-foot,false
2026,France vs England,Match for 3rd place,France,Kylian Mbappé,79,5.1,33.5,0.0495,block,regular,left-foot,false
2026,France vs England,Match for 3rd place,England,Ezri Konsa,18,7.3,46.2,0.099,goal,corner,head,true
2026,France vs England,Match for 3rd place,France,Dayot Upamecano,65,28,53.2,0.0274,save,assisted,right-foot,false
2026,France vs England,Match for 3rd place,France,Michael Olise,81,9.7,50.5,0.1893,miss,assisted,right-foot,false
2026,France vs England,Match for 3rd place,France,Adrien Rabiot,51,15.4,48.9,0.0597,miss,regular,left-foot,false
2026,France vs England,Match for 3rd place,France,Kylian Mbappé,35,10.4,43.8,0.3924,save,assisted,right-foot,false
2026,France vs England,Match for 3rd place,England,Marcus Rashford,33,28.9,49.4,0.0225,save,assisted,right-foot,false
2026,France vs England,Match for 3rd place,France,Kylian Mbappé,68,11.9,45.8,0.1501,miss,assisted,right-foot,false
2026,France vs England,Match for 3rd place,France,Kylian Mbappé,48,9.1,44.6,0.6362,goal,fast-break,left-foot,true
2026,France vs England,Match for 3rd place,England,Eberechi Eze,8,12.3,64.6,0.0218,block,corner,left-foot,false
2026,France vs England,Match for 3rd place,England,Bukayo Saka,45,16.9,46.2,0.0949,goal,assisted,left-foot,true
2026,France vs England,Match for 3rd place,England,Marcus Rashford,37,13.1,33.5,0.3698,save,fast-break,right-foot,false
2026,France vs England,Match for 3rd place,England,Jude Bellingham,90,7.1,52,0.3114,goal,fast-break,right-foot,true
2026,France vs England,Match for 3rd place,France,Warren Zaïre-Emery,11,25.3,47.7,0.0166,block,regular,left-foot,false
2026,France vs England,Match for 3rd place,England,Eberechi Eze,64,12.7,33.1,0.0322,block,assisted,left-foot,false
2026,France vs England,Match for 3rd place,France,Kylian Mbappé,22,23.4,26.4,0.0238,miss,assisted,right-foot,false
2026,France vs England,Match for 3rd place,England,Bukayo Saka,37,8.4,34.3,0.3223,goal,fast-break,left-foot,true
2026,France vs England,Match for 3rd place,France,Kylian Mbappé,84,25.3,39.3,0.0336,save,assisted,right-foot,false
2026,France vs England,Match for 3rd place,England,Morgan Rogers,80,10.7,38.9,0.0773,block,regular,left-foot,false
2026,France vs England,Match for 3rd place,England,Declan Rice,3,21.7,35.6,0.0447,goal,regular,right-foot,true
2026,France vs England,Match for 3rd place,England,Bukayo Saka,37,11.7,35.6,0.1629,save,fast-break,left-foot,false
2026,France vs England,Match for 3rd place,England,Eberechi Eze,54,34.1,39.1,0.0288,miss,fast-break,left-foot,false
2026,France vs England,Match for 3rd place,France,Bradley Barcola,90,23.5,32.3,0.0306,block,assisted,right-foot,false
2026,France vs England,Match for 3rd place,England,Marcus Rashford,7,13.3,40.7,0.1235,block,assisted,right-foot,false
2026,France vs England,Match for 3rd place,France,Ousmane Dembélé,90,9.4,70,0.025,miss,assisted,right-foot,false
2026,France vs England,Match for 3rd place,France,Kylian Mbappé,5,12,26.8,0.0259,block,assisted,right-foot,false
2026,France vs England,Match for 3rd place,England,Bukayo Saka,18,12.3,62.9,0.1259,block,fast-break,left-foot,false
2026,France vs England,Match for 3rd place,England,Ollie Watkins,50,9.4,70.9,0.0494,miss,assisted,right-foot,false
2026,France vs England,Match for 3rd place,France,Bradley Barcola,54,9.8,43.4,0.3727,goal,assisted,right-foot,true
2026,France vs England,Match for 3rd place,France,Ousmane Dembélé,90,11.6,63,0.2277,goal,fast-break,left-foot,true
2026,France vs England,Match for 3rd place,France,Kylian Mbappé,66,14,51.8,0.078,goal,assisted,left-foot,true
2026,France vs England,Match for 3rd place,England,Ivan Toney,59,7.1,47.9,0.0969,save,corner,head,false
2026,France vs England,Match for 3rd place,England,Bukayo Saka,87,11.5,50,0.7884,goal,penalty,left-foot,true
2026,France vs England,Match for 3rd place,France,Ousmane Dembélé,64,11.4,58.7,0.1582,save,assisted,left-foot,false
2026,France vs England,Match for 3rd place,England,Jude Bellingham,80,3.6,40.2,0.1117,save,assisted,right-foot,false
2026,France vs England,Match for 3rd place,France,Michael Olise,61,18.2,41.3,0.1176,miss,assisted,left-foot,false
2026,France vs Iraq,,France,Kylian Mbappé,14,19.7,69.2,0.0424,goal,assisted,left-foot,true
2026,France vs Iraq,,Iraq,Ali Al-Hamadi,27,4.3,56.9,0.1395,miss,assisted,head,false
2026,France vs Iraq,,France,Ousmane Dembélé,66,11.1,61.3,0.3902,goal,assisted,right-foot,true
2026,France vs Iraq,,France,Michael Olise,58,12.8,66.4,0.0656,post,assisted,left-foot,false
2026,France vs Iraq,,France,Adrien Rabiot,59,4.3,44,0.411,miss,regular,head,false
2026,France vs Iraq,,France,Kylian Mbappé,90,8,35,0.1929,miss,regular,left-foot,false
2026,France vs Iraq,,Iraq,Rebin Sulaka,74,12.1,36.7,0.0608,miss,corner,right-foot,false
2026,France vs Iraq,,France,Ousmane Dembélé,59,12.4,68.6,0.0613,save,assisted,right-foot,false
2026,France vs Iraq,,France,Kylian Mbappé,88,12.5,43.8,0.4093,save,assisted,right-foot,false
2026,France vs Iraq,,France,Manu Koné,1,19.7,32.9,0.0326,miss,regular,left-foot,false
2026,France vs Iraq,,Iraq,Ali Al-Hamadi,75,4.6,54.8,0.3756,miss,assisted,right-foot,false
2026,France vs Iraq,,France,Kylian Mbappé,40,40,44,0.0118,miss,regular,right-foot,false
2026,France vs Iraq,,France,Kylian Mbappé,54,8.2,45.8,0.3773,goal,assisted,right-foot,true
2026,France vs Iraq,,France,Kylian Mbappé,8,10,70.6,0.0244,miss,regular,right-foot,false
2026,France vs Iraq,,France,William Saliba,66,8.8,52.4,0.0512,miss,corner,head,false
2026,France vs Iraq,,France,Bradley Barcola,53,11.7,41.5,0.0237,miss,assisted,head,false
2026,France vs Iraq,,France,Kylian Mbappé,80,11.4,33.8,0.1102,miss,assisted,right-foot,false
2026,France vs Iraq,,France,Michael Olise,8,18.3,49.8,0.0498,block,regular,left-foot,false
2026,France vs Iraq,,France,Kylian Mbappé,32,18.6,37.3,0.0301,block,assisted,right-foot,false
2026,France vs Iraq,,France,Ousmane Dembélé,65,21.4,63.5,0.0425,block,assisted,left-foot,false
2026,France vs Iraq,,Iraq,Ali Al-Hamadi,27,19.1,69.6,0.0252,block,assisted,left-foot,false
2026,France vs Iraq,,France,Michael Olise,13,3.5,62.5,0.0607,block,regular,left-foot,false
2026,France vs Iraq,,France,Michael Olise,14,17.6,63.4,0.0464,block,assisted,left-foot,false
2026,France vs Iraq,,France,Ousmane Dembélé,66,9.5,64.4,0.0359,miss,corner,right-foot,false
2026,France vs Morocco,Quarterfinals,France,Ousmane Dembélé,20,20.3,72,0.0194,block,assisted,left-foot,false
2026,France vs Morocco,Quarterfinals,France,Michael Olise,86,12.2,63.8,0.1049,miss,fast-break,left-foot,false
2026,France vs Morocco,Quarterfinals,France,Lucas Digne,45,24.8,33.2,0.0165,post,regular,left-foot,false
2026,France vs Morocco,Quarterfinals,France,Ousmane Dembélé,18,9,55.9,0.0547,miss,assisted,head,false
2026,France vs Morocco,Quarterfinals,France,Jean-Philippe Mateta,90,15.4,54.2,0.1448,save,assisted,left-foot,false
2026,France vs Morocco,Quarterfinals,France,Désiré Doué,55,18.2,24.2,0.0195,save,assisted,right-foot,false
2026,France vs Morocco,Quarterfinals,France,Désiré Doué,10,19.8,30.1,0.0259,block,assisted,right-foot,false
2026,France vs Morocco,Quarterfinals,France,Manu Koné,45,24.4,62.6,0.0646,block,assisted,right-foot,false
2026,France vs Morocco,Quarterfinals,Morocco,Azzedine Ounahi,83,25.9,43.2,0.0188,save,set-piece,right-foot,false
2026,France vs Morocco,Quarterfinals,Morocco,Gessime Yassine,90,41.2,85.5,0.013,miss,assisted,left-foot,false
2026,France vs Morocco,Quarterfinals,France,Kylian Mbappé,60,15.5,34.6,0.0496,goal,assisted,right-foot,true
2026,France vs Morocco,Quarterfinals,France,Jules Koundé,36,9.8,49.5,0.0508,block,corner,head,false
2026,France vs Morocco,Quarterfinals,France,Désiré Doué,35,14.8,46.8,0.276,save,regular,right-foot,false
2026,France vs Morocco,Quarterfinals,France,Michael Olise,90,22.6,39.9,0.0409,miss,assisted,left-foot,false
2026,France vs Morocco,Quarterfinals,France,Kylian Mbappé,4,22.2,33,0.0146,miss,assisted,right-foot,false
2026,France vs Morocco,Quarterfinals,France,Bradley Barcola,88,10.1,29.1,0.0458,save,fast-break,right-foot,false
2026,France vs Morocco,Quarterfinals,France,Ousmane Dembélé,33,19.1,67,0.0355,miss,assisted,left-foot,false
2026,France vs Morocco,Quarterfinals,France,Kylian Mbappé,28,11.5,50,0.7884,save,penalty,right-foot,false
2026,France vs Morocco,Quarterfinals,Morocco,Neil El Aynaoui,84,4.9,37.8,0.0294,miss,corner,head,false
2026,France vs Morocco,Quarterfinals,France,Adrien Rabiot,21,8.5,46,0.0514,miss,corner,head,false
2026,France vs Morocco,Quarterfinals,France,Dayot Upamecano,4,4.5,53.4,0.4441,save,corner,head,false
2026,France vs Morocco,Quarterfinals,France,Ousmane Dembélé,66,19.6,50.8,0.1162,goal,assisted,right-foot,true
2026,France vs Morocco,Quarterfinals,France,Jean-Philippe Mateta,88,4.2,51.8,0.2215,miss,corner,head,false
2026,France vs Morocco,Quarterfinals,Morocco,Achraf Hakimi,45,20.4,73.9,0.0436,miss,free-kick,right-foot,false
2026,France vs Morocco,Quarterfinals,France,Kylian Mbappé,56,9.7,43.4,0.4496,miss,regular,right-foot,false
2026,France vs Morocco,Quarterfinals,Morocco,Brahim Díaz,48,19.6,54.1,0.0351,block,assisted,right-foot,false
2026,France vs Morocco,Quarterfinals,France,Michael Olise,45,22.2,55.6,0.0272,block,regular,left-foot,false
2026,France vs Senegal,,Senegal,Ismaïla Sarr,45,7.7,55,0.1944,miss,regular,right-foot,false
2026,France vs Senegal,,France,Kylian Mbappé,90,27.4,53.6,0.0275,goal,regular,right-foot,true
2026,France vs Senegal,,France,Michael Olise,72,19.7,64.4,0.0304,save,regular,left-foot,false
2026,France vs Senegal,,Senegal,Ibrahim Mbaye,90,9.8,69.8,0.0619,goal,fast-break,right-foot,true
2026,France vs Senegal,,France,Bradley Barcola,82,9.5,64,0.5027,goal,fast-break,right-foot,true
2026,France vs Senegal,,France,Désiré Doué,47,22.8,46.6,0.0367,miss,assisted,left-foot,false
2026,France vs Senegal,,France,Michael Olise,53,10.8,39.5,0.3735,save,assisted,left-foot,false
2026,France vs Senegal,,France,Kylian Mbappé,57,11.3,44,0.3788,save,assisted,right-foot,false
2026,France vs Senegal,,France,Ousmane Dembélé,19,22.8,68,0.0215,block,assisted,left-foot,false
2026,France vs Senegal,,Senegal,Ismaïla Sarr,7,9.6,67.3,0.0362,block,assisted,right-foot,false
2026,France vs Senegal,,Senegal,Sadio Mané,40,26.5,51.1,0.0342,save,assisted,right-foot,false
2026,France vs Senegal,,France,Kylian Mbappé,66,7.6,61.7,0.2882,goal,assisted,right-foot,true
2026,France vs Senegal,,France,Theo Hernández,65,14.7,43.2,0.1154,block,assisted,left-foot,false
2026,France vs Senegal,,Senegal,Ismaïla Sarr,31,18.1,56,0.0447,miss,assisted,right-foot,false
2026,France vs Senegal,,France,Désiré Doué,74,9.2,28.4,0.0185,save,assisted,left-foot,false
2026,France vs Senegal,,Senegal,Nicolas Jackson,25,10.4,31.3,0.1289,post,fast-break,left-foot,false
2026,France vs Senegal,,France,Kylian Mbappé,85,15.3,48.3,0.097,save,assisted,left-foot,false
2026,France vs Spain,Semifinals,Spain,Alex Baena,58,19.2,25.6,0.0192,block,assisted,right-foot,false
2026,France vs Spain,Semifinals,France,Aurélien Tchouaméni,65,6.1,40.3,0.0628,miss,corner,right-foot,false
2026,France vs Spain,Semifinals,France,Ousmane Dembélé,90,11.9,72.6,0.032,save,assisted,right-foot,false
2026,France vs Spain,Semifinals,France,Désiré Doué,68,19.9,36.4,0.0332,block,corner,right-foot,false
2026,France vs Spain,Semifinals,Spain,Pedro Porro,37,26,71.6,0.0132,miss,assisted,right-foot,false
2026,France vs Spain,Semifinals,France,Kylian Mbappé,89,18.6,25.1,0.044,miss,free-kick,right-foot,false
2026,France vs Spain,Semifinals,Spain,Alex Baena,11,18.2,70.8,0.0562,block,free-kick,right-foot,false
2026,France vs Spain,Semifinals,Spain,Pedro Porro,58,11.2,57.3,0.5218,goal,assisted,right-foot,true
2026,France vs Spain,Semifinals,France,Adrien Rabiot,6,25.3,52.3,0.0123,miss,corner,left-foot,false
2026,France vs Spain,Semifinals,Spain,Dani Olmo,34,27.3,33.7,0.0144,miss,assisted,right-foot,false
2026,France vs Spain,Semifinals,Spain,Fabián Ruiz,38,8.9,55.1,0.1165,block,assisted,left-foot,false
2026,France vs Spain,Semifinals,Spain,Mikel Oyarzabal,22,11.5,50,0.7884,goal,penalty,left-foot,true
2026,France vs Spain,Semifinals,France,Kylian Mbappé,67,16.9,64.6,0.0262,block,regular,right-foot,false
2026,France vs Spain,Semifinals,France,Lucas Digne,65,5.8,28.2,0.0157,block,corner,left-foot,false
2026,France vs Spain,Semifinals,Spain,Ferran Torres,78,9.5,48.1,0.0622,miss,regular,head,false
2026,France vs Spain,Semifinals,France,Désiré Doué,81,23.8,28.5,0.0251,save,regular,right-foot,false
2026,France vs Spain,Semifinals,France,Bradley Barcola,36,19.8,29.5,0.0245,miss,assisted,right-foot,false
2026,France vs Spain,Semifinals,Spain,Mikel Oyarzabal,52,21.6,30.5,0.0132,miss,assisted,left-foot,false
2026,France vs Spain,Semifinals,France,Kylian Mbappé,90,22.9,29.1,0.0131,miss,assisted,right-foot,false
2026,France vs Spain,Semifinals,Spain,Nico Williams,90,4.5,29.5,0.0263,miss,assisted,left-foot,false
2026,France vs Spain,Semifinals,France,Ousmane Dembélé,90,9.8,69.7,0.0253,save,assisted,left-foot,false
2026,France vs Sweden,Round of 32,Sweden,Alexander Isak,28,7.7,61.7,0.1388,miss,set-piece,right-foot,false
2026,France vs Sweden,Round of 32,France,Ousmane Dembélé,36,9.8,63.2,0.2065,miss,regular,left-foot,false
2026,France vs Sweden,Round of 32,France,Lucas Digne,16,24.1,29.2,0.0203,save,corner,left-foot,false
2026,France vs Sweden,Round of 32,Sweden,Viktor Gyökeres,89,13.3,44.8,0.2071,save,regular,right-foot,false
2026,France vs Sweden,Round of 32,France,Adrien Rabiot,33,25.6,36.4,0.0279,miss,assisted,left-foot,false
2026,France vs Sweden,Round of 32,Sweden,Mattias Svanberg,90,10.8,69.9,0.0692,save,assisted,right-foot,false
2026,France vs Sweden,Round of 32,France,Désiré Doué,81,15.1,68.5,0.0368,save,assisted,right-foot,false
2026,France vs Sweden,Round of 32,France,Michael Olise,36,14.7,42.7,0.0522,post,regular,left-foot,false
2026,France vs Sweden,Round of 32,France,Michael Olise,42,21,43,0.0488,miss,assisted,left-foot,false
2026,France vs Sweden,Round of 32,France,Kylian Mbappé,40,23.4,36.6,0.0522,save,fast-break,right-foot,false
2026,France vs Sweden,Round of 32,France,Aurélien Tchouaméni,50,27.4,38.4,0.0235,miss,assisted,right-foot,false
2026,France vs Sweden,Round of 32,France,Michael Olise,61,20.4,66.9,0.0433,save,assisted,left-foot,false
2026,France vs Sweden,Round of 32,Sweden,Alexander Isak,28,7.7,61.7,0.1174,save,set-piece,right-foot,false
2026,France vs Sweden,Round of 32,France,Kylian Mbappé,17,23.7,34.3,0.0311,save,assisted,right-foot,false
2026,France vs Sweden,Round of 32,France,Kylian Mbappé,45,8.1,37.5,0.0477,goal,corner,right-foot,true
2026,France vs Sweden,Round of 32,France,Bradley Barcola,53,13.6,46.2,0.5562,goal,fast-break,right-foot,true
2026,France vs Sweden,Round of 32,Sweden,Gustaf Nilsson,90,12.6,53.8,0.0325,block,assisted,head,false
2026,France vs Sweden,Round of 32,Sweden,Elliot Stroud,45,10.5,59.4,0.1156,miss,regular,right-foot,false
2026,France vs Sweden,Round of 32,France,Jules Koundé,44,12.2,68.5,0.0308,block,assisted,left-foot,false
2026,France vs Sweden,Round of 32,France,Michael Olise,45,24.3,52.1,0.041,save,assisted,left-foot,false
2026,France vs Sweden,Round of 32,Sweden,Alexander Isak,3,16.9,38,0.0314,save,assisted,right-foot,false
2026,France vs Sweden,Round of 32,France,Michael Olise,71,11.3,54.3,0.5465,save,fast-break,left-foot,false
2026,France vs Sweden,Round of 32,France,Bradley Barcola,19,10.4,32.3,0.0474,miss,assisted,left-foot,false
2026,France vs Sweden,Round of 32,France,Kylian Mbappé,74,8.8,35.6,0.3245,goal,assisted,right-foot,true
2026,France vs Sweden,Round of 32,France,Kylian Mbappé,32,8.3,42.3,0.1703,post,corner,right-foot,false
2026,France vs Sweden,Round of 32,France,Dayot Upamecano,66,13.9,53.4,0.0741,block,assisted,right-foot,false
2026,France vs Sweden,Round of 32,France,Jean-Philippe Mateta,90,9,43,0.2546,miss,assisted,left-foot,false
2026,France vs Sweden,Round of 32,France,Dayot Upamecano,66,13.9,53.4,0.0537,save,corner,right-foot,false
2026,France vs Sweden,Round of 32,France,Ousmane Dembélé,28,17.6,75,0.0127,block,assisted,right-foot,false
2026,France vs Sweden,Round of 32,France,Dayot Upamecano,39,8.5,52.3,0.0842,miss,set-piece,head,false
2026,France vs Sweden,Round of 32,France,Michael Olise,65,9.1,34.2,0.0854,block,fast-break,left-foot,false
2026,France vs Sweden,Round of 32,Sweden,Mattias Svanberg,86,24.7,51.3,0.0206,miss,throw-in-set-piece,right-foot,false
2026,France vs Sweden,Round of 32,Sweden,Lucas Bergvall,57,8,43.8,0.0425,miss,corner,head,false
2026,France vs Sweden,Round of 32,France,Adrien Rabiot,30,8.2,32.5,0.0344,save,regular,left-foot,false
2026,France vs Sweden,Round of 32,France,Bradley Barcola,82,3.5,38.5,0.3287,save,fast-break,left-foot,false
2026,Germany vs Curaçao,,Curaçao,Leandro Bacuna,62,8.3,47,0.1676,miss,set-piece,head,false
2026,Germany vs Curaçao,,Germany,Leroy Sané,11,11.3,56.4,0.0958,miss,assisted,left-foot,false
2026,Germany vs Curaçao,,Germany,Nico Schlotterbeck,38,4.8,54.2,0.2503,goal,corner,head,true
2026,Germany vs Curaçao,,Germany,Aleksandar Pavlović,45,15.1,51.3,0.1391,save,assisted,right-foot,false
2026,Germany vs Curaçao,,Germany,Nathaniel Brown,68,11.7,44.4,0.1821,goal,assisted,right-foot,true
2026,Germany vs Curaçao,,Curaçao,Leandro Bacuna,19,27.5,48.3,0.023,miss,assisted,left-foot,false
2026,Germany vs Curaçao,,Germany,Deniz Undav,78,6.6,47,0.5024,goal,assisted,right-foot,true
2026,Germany vs Curaçao,,Curaçao,Livano Comenencia,67,22.8,51.5,0.0105,miss,set-piece,right-foot,false
2026,Germany vs Curaçao,,Germany,Kai Havertz,45,11.5,50,0.7884,goal,penalty,left-foot,true
2026,Germany vs Curaçao,,Curaçao,Livano Comenencia,21,15.4,60.9,0.084,goal,regular,left-foot,true
2026,Germany vs Curaçao,,Germany,David Raum,86,8,30.9,0.029,save,assisted,left-foot,false
2026,Germany vs Curaçao,,Germany,Felix Nmecha,50,2.7,70.5,0.006,save,set-piece,right-foot,false
2026,Germany vs Curaçao,,Germany,Leroy Sané,32,13.4,43.7,0.1798,miss,assisted,left-foot,false
2026,Germany vs Curaçao,,Germany,Aleksandar Pavlović,54,18.7,48.1,0.1257,miss,assisted,right-foot,false
2026,Germany vs Curaçao,,Germany,Florian Wirtz,53,11.2,53.2,0.1081,block,throw-in-set-piece,right-foot,false
2026,Germany vs Curaçao,,Germany,Leon Goretzka,90,12,46.6,0.0759,miss,regular,right-foot,false
2026,Germany vs Curaçao,,Germany,Nathaniel Brown,45,11.3,42.6,0.2419,block,regular,right-foot,false
2026,Germany vs Curaçao,,Germany,Felix Nmecha,9,21.6,65,0.0178,miss,assisted,right-foot,false
2026,Germany vs Curaçao,,Germany,Florian Wirtz,14,17.2,26.4,0.0224,miss,assisted,right-foot,false
2026,Germany vs Curaçao,,Germany,Kai Havertz,54,11,72.6,0.0202,block,throw-in-set-piece,left-foot,false
2026,Germany vs Curaçao,,Curaçao,Sontje Hansen,45,19.5,31.1,0.0261,save,assisted,right-foot,false
2026,Germany vs Curaçao,,Germany,Nico Schlotterbeck,28,7,42.5,0.0591,save,set-piece,head,false
2026,Germany vs Curaçao,,Germany,Felix Nmecha,12,9.7,55.6,0.1785,save,assisted,right-foot,false
2026,Germany vs Curaçao,,Germany,Kai Havertz,45,9.2,40.7,0.0266,block,regular,head,false
2026,Germany vs Curaçao,,Germany,Florian Wirtz,10,18.8,54.8,0.0447,block,regular,right-foot,false
2026,Germany vs Curaçao,,Curaçao,Tahith Chong,75,12.1,75.4,0.0458,miss,assisted,left-foot,false
2026,Germany vs Curaçao,,Germany,Aleksandar Pavlović,30,18.8,48.1,0.133,block,assisted,left-foot,false
2026,Germany vs Curaçao,,Germany,Felix Nmecha,6,14.7,38,0.0588,goal,assisted,right-foot,true
2026,Germany vs Curaçao,,Curaçao,Jearl Margaritha,76,11.4,29.1,0.0374,miss,assisted,right-foot,false
2026,Germany vs Curaçao,,Germany,Jamal Musiala,6,14.9,44.5,0.1726,block,assisted,right-foot,false
2026,Germany vs Curaçao,,Germany,Kai Havertz,88,11.4,37,0.1768,goal,fast-break,left-foot,true
2026,Germany vs Curaçao,,Germany,Jamal Musiala,47,6.4,66,0.0722,goal,assisted,right-foot,true
2026,Germany vs Curaçao,,Germany,Leroy Sané,63,14.4,56.8,0.5451,miss,assisted,left-foot,false
2026,Germany vs Curaçao,,Germany,Jamal Musiala,7,12.9,36.8,0.0449,block,regular,right-foot,false
2026,Germany vs Curaçao,,Curaçao,Juninho Bacuna,36,26.6,43.4,0.0153,miss,assisted,right-foot,false
2026,Germany vs Côte d'Ivoire,,Germany,Jamie Leweling,61,24,54.3,0.0282,miss,assisted,left-foot,false
2026,Germany vs Côte d'Ivoire,,Côte d'Ivoire,Yan Diomande,56,16.3,57.9,0.0704,miss,regular,right-foot,false
2026,Germany vs Côte d'Ivoire,,Germany,Deniz Undav,90,13.2,44.8,0.3477,goal,assisted,left-foot,true
2026,Germany vs Côte d'Ivoire,,Germany,Jamal Musiala,18,20.5,34.3,0.0314,miss,assisted,right-foot,false
2026,Germany vs Côte d'Ivoire,,Germany,Kai Havertz,1,14.4,50.9,0.071,miss,assisted,left-foot,false
2026,Germany vs Côte d'Ivoire,,Germany,Florian Wirtz,41,14.7,55.6,0.063,block,assisted,right-foot,false
2026,Germany vs Côte d'Ivoire,,Germany,Kai Havertz,10,10.1,51.5,0.0646,save,assisted,head,false
2026,Germany vs Côte d'Ivoire,,Germany,Jamal Musiala,42,20.4,35.2,0.0171,block,corner,left-foot,false
2026,Germany vs Côte d'Ivoire,,Germany,Felix Nmecha,45,27.8,52.3,0.0325,block,regular,right-foot,false
2026,Germany vs Côte d'Ivoire,,Germany,Kai Havertz,63,3.6,60.5,0.0742,miss,corner,head,false
2026,Germany vs Côte d'Ivoire,,Côte d'Ivoire,Ange-Yoan Bonny,38,18.1,32.7,0.0486,save,fast-break,right-foot,false
2026,Germany vs Côte d'Ivoire,,Côte d'Ivoire,Franck Kessié,30,6.9,55.1,0.3048,goal,regular,right-foot,true
2026,Germany vs Côte d'Ivoire,,Germany,Antonio Rüdiger,57,33.1,49.5,0.0164,miss,assisted,right-foot,false
2026,Germany vs Côte d'Ivoire,,Côte d'Ivoire,Wilfried Singo,12,15.1,58.8,0.0939,block,regular,left-foot,false
2026,Germany vs Côte d'Ivoire,,Côte d'Ivoire,Seko Fofana,84,19.1,29.1,0.0247,block,assisted,right-foot,false
2026,Germany vs Côte d'Ivoire,,Germany,Deniz Undav,86,26.1,70.5,0.0191,save,assisted,right-foot,false
2026,Germany vs Côte d'Ivoire,,Côte d'Ivoire,Christ Inao Oulaï,51,14.1,58.1,0.2024,miss,fast-break,right-foot,false
2026,Germany vs Côte d'Ivoire,,Côte d'Ivoire,Ghislain Konan,46,20.1,26,0.0188,block,assisted,left-foot,false
2026,Germany vs Côte d'Ivoire,,Germany,Florian Wirtz,45,10.2,54,0.2994,save,assisted,right-foot,false
2026,Germany vs Côte d'Ivoire,,Germany,Felix Nmecha,21,23.7,58.7,0.0269,block,assisted,right-foot,false
2026,Germany vs Côte d'Ivoire,,Côte d'Ivoire,Amad Diallo,30,3.9,53.3,0.3065,block,assisted,left-foot,false
2026,Germany vs Côte d'Ivoire,,Germany,Deniz Undav,68,5.1,47.9,0.5626,goal,assisted,left-foot,true
2026,Germany vs Côte d'Ivoire,,Germany,Nadiem Amiri,90,13.6,47.9,0.0841,save,assisted,right-foot,false
2026,Germany vs Côte d'Ivoire,,Côte d'Ivoire,Franck Kessié,50,12.5,57,0.1551,block,fast-break,right-foot,false
2026,Germany vs Côte d'Ivoire,,Germany,Nathaniel Brown,89,12.9,35,0.0878,save,assisted,left-foot,false
2026,Germany vs Paraguay,Round of 32,Germany,Florian Wirtz,8,21.8,47.4,0.0372,miss,corner,right-foot,false
2026,Germany vs Paraguay,Round of 32,Germany,Jonathan Tah,132,11.5,50,0.7884,miss,shootout,right-foot,false
2026,Germany vs Paraguay,Round of 32,Germany,Deniz Undav,3,20.7,43.8,0.0389,block,assisted,right-foot,false
2026,Germany vs Paraguay,Round of 32,Germany,Nick Woltemade,128,11.5,50,0.7884,save,shootout,right-foot,false
2026,Germany vs Paraguay,Round of 32,Germany,Jamal Musiala,126,11.5,50.2,0.7884,goal,shootout,right-foot,true
2026,Germany vs Paraguay,Round of 32,Germany,Kai Havertz,105,4.1,55.5,0.2459,save,assisted,head,false
2026,Germany vs Paraguay,Round of 32,Germany,Aleksandar Pavlović,56,22,50.9,0.0686,block,assisted,right-foot,false
2026,Germany vs Paraguay,Round of 32,Paraguay,Gustavo Caballero,59,7.4,58.4,0.0511,save,assisted,head,false
2026,Germany vs Paraguay,Round of 32,Paraguay,Miguel Almirón,90,24.6,37.4,0.0228,block,regular,left-foot,false
2026,Germany vs Paraguay,Round of 32,Germany,Jonathan Tah,102,3.7,41.3,0.2985,goal,corner,head,true
2026,Germany vs Paraguay,Round of 32,Paraguay,Mauricio,124,11.5,50,0.7884,goal,shootout,left-foot,true
2026,Germany vs Paraguay,Round of 32,Germany,Kai Havertz,122,11.5,50,0.7884,save,shootout,left-foot,false
2026,Germany vs Paraguay,Round of 32,Germany,Nick Woltemade,93,13.6,43.1,0.1401,block,regular,left-foot,false
2026,Germany vs Paraguay,Round of 32,Germany,Joshua Kimmich,45,3.3,31.3,0.0301,miss,corner,right-foot,false
2026,Germany vs Paraguay,Round of 32,Germany,Nadiem Amiri,130,11.5,50,0.7884,goal,shootout,right-foot,true
2026,Germany vs Paraguay,Round of 32,Paraguay,Gustavo Gómez,125,11.5,50,0.7884,goal,shootout,right-foot,true
2026,Germany vs Paraguay,Round of 32,Germany,Nick Woltemade,97,9.5,51.6,0.1351,miss,regular,left-foot,false
2026,Germany vs Paraguay,Round of 32,Paraguay,Fabián Balbuena,131,11.5,50,0.7884,save,shootout,right-foot,false
2026,Germany vs Paraguay,Round of 32,Germany,Joshua Kimmich,90,21.1,64.3,0.0238,block,assisted,right-foot,false
2026,Germany vs Paraguay,Round of 32,Paraguay,Julio Enciso,42,10.3,50.4,0.0617,goal,corner,head,true
2026,Germany vs Paraguay,Round of 32,Germany,Leon Goretzka,56,12.1,53.9,0.2005,block,regular,right-foot,false
2026,Germany vs Paraguay,Round of 32,Germany,Leon Goretzka,82,12.5,51,0.0257,miss,assisted,head,false
2026,Germany vs Paraguay,Round of 32,Germany,Deniz Undav,6,10,30.7,0.0339,miss,assisted,right-foot,false
2026,Germany vs Paraguay,Round of 32,Paraguay,Antonio Sanabria,129,11.5,50,0.7884,miss,shootout,right-foot,false
2026,Germany vs Paraguay,Round of 32,Paraguay,Julio Enciso,1,12.6,23.1,0.0185,block,assisted,right-foot,false
2026,Germany vs Paraguay,Round of 32,Germany,Florian Wirtz,80,30.5,38.2,0.0273,block,free-kick,right-foot,false
2026,Germany vs Paraguay,Round of 32,Germany,Leon Goretzka,86,9,52.9,0.0538,miss,corner,head,false
2026,Germany vs Paraguay,Round of 32,Germany,Joshua Kimmich,125,11.5,50,0.7884,goal,shootout,right-foot,true
2026,Germany vs Paraguay,Round of 32,Germany,Kai Havertz,78,7.3,52.8,0.1191,save,assisted,head,false
2026,Germany vs Paraguay,Round of 32,Paraguay,Julio Enciso,50,5,32.8,0.1175,save,regular,right-foot,false
2026,Germany vs Paraguay,Round of 32,Germany,Joshua Kimmich,45,21.2,55.6,0.0212,miss,regular,left-foot,false
2026,Germany vs Paraguay,Round of 32,Germany,Kai Havertz,54,11.1,47.8,0.0339,goal,assisted,head,true
2026,Germany vs Paraguay,Round of 32,Germany,Joshua Kimmich,93,26.1,37,0.0206,block,regular,right-foot,false
2026,Germany vs Paraguay,Round of 32,Germany,Kai Havertz,33,21,34.4,0.0187,block,assisted,left-foot,false
2026,Germany vs Paraguay,Round of 32,Paraguay,Gustavo Gómez,70,1.9,38.5,0.0334,miss,corner,head,false
2026,Germany vs Paraguay,Round of 32,Paraguay,Matías Galarza,127,11.5,50,0.7884,goal,shootout,left-foot,true
2026,Germany vs Paraguay,Round of 32,Germany,Leroy Sané,66,25.5,68.7,0.0335,block,free-kick,left-foot,false
2026,Germany vs Paraguay,Round of 32,Germany,Nadiem Amiri,120,24.8,73.3,0.0321,miss,free-kick,right-foot,false
2026,Germany vs Paraguay,Round of 32,Germany,Jonathan Tah,90,6.7,33.6,0.0175,save,corner,head,false
2026,Germany vs Paraguay,Round of 32,Paraguay,Gustavo Caballero,69,14.7,40.7,0.0248,block,set-piece,right-foot,false
2026,Germany vs Paraguay,Round of 32,Paraguay,Junior Alonso,2,2.9,59.3,0.12,save,corner,left-foot,false
2026,Germany vs Paraguay,Round of 32,Paraguay,José Canale,132,11.5,50,0.7884,goal,shootout,left-foot,true
2026,Germany vs Paraguay,Round of 32,Paraguay,Julio Enciso,50,5.7,31.6,0.1148,miss,regular,right-foot,false
2026,Germany vs Paraguay,Round of 32,Germany,Joshua Kimmich,111,0.5,0.5,0.0067,save,corner,right-foot,false
2026,Germany vs Paraguay,Round of 32,Germany,Waldemar Anton,119,5.1,50.1,0.1899,save,corner,head,false
2026,Ghana vs Panama,,Panama,Yoel Bárcenas,87,22.3,58.3,0.0445,miss,assisted,right-foot,false
2026,Ghana vs Panama,,Ghana,Caleb Yirenkyi,90,2.4,51.4,0.9653,goal,fast-break,right-foot,true
2026,Ghana vs Panama,,Panama,Cecilio Waterman,2,12,59.9,0.0581,save,assisted,right-foot,false
2026,Ghana vs Panama,,Panama,Jiovany Ramos,67,22.3,55.6,0.0687,miss,regular,left-foot,false
2026,Ghana vs Panama,,Ghana,Caleb Yirenkyi,50,12.9,65.8,0.0339,miss,assisted,right-foot,false
2026,Ghana vs Panama,,Panama,Jiovany Ramos,38,14.2,68.9,0.0613,miss,regular,right-foot,false
2026,Ghana vs Panama,,Ghana,Elisha Owusu,45,10.8,75.4,0.0121,miss,set-piece,right-foot,false
2026,Ghana vs Panama,,Ghana,Antoine Semenyo,66,8,44.4,0.051,miss,corner,head,false
2026,Ghana vs Panama,,Ghana,Marvin Senaya,45,24.7,64.6,0.0205,miss,assisted,right-foot,false
2026,Ghana vs Panama,,Ghana,Antoine Semenyo,71,10.1,70.7,0.0134,save,assisted,right-foot,false
2026,Ghana vs Panama,,Panama,Ismael Díaz,90,6.6,50.5,0.2372,save,set-piece,head,false
2026,Ghana vs Panama,,Panama,Ismael Díaz,85,17.6,48.3,0.069,save,assisted,right-foot,false
2026,Ghana vs Panama,,Panama,Cristian Martínez,60,6.7,61.1,0.0898,miss,assisted,right-foot,false
2026,Ghana vs Panama,,Ghana,Antoine Semenyo,67,13,40.9,0.0583,block,regular,left-foot,false
2026,Ghana vs Panama,,Ghana,Abdul Fatawu Issahaku,59,34.9,60.5,0.0162,miss,regular,left-foot,false
2026,Ghana vs Panama,,Panama,Carlos Harvey,60,22.2,43.1,0.0466,miss,regular,left-foot,false
2026,Ghana vs Panama,,Ghana,Brandon Thomas-Asante,90,5.1,29.8,0.0601,block,fast-break,right-foot,false
2026,Ghana vs Panama,,Ghana,Jonas Adjei Adjetey,73,6.7,43.2,0.0722,miss,set-piece,head,false
2026,Ghana vs Panama,,Panama,Yoel Bárcenas,53,18.9,51.1,0.0372,block,assisted,left-foot,false
2026,Ghana vs Panama,,Panama,Orlando Mosquera,90,9.7,39.7,0.0155,miss,set-piece,head,false
2026,Ghana vs Panama,,Panama,César Blackman,64,15.5,25.3,0.024,save,assisted,right-foot,false
2026,Ghana vs Panama,,Panama,César Blackman,5,15.4,25.5,0.0144,block,assisted,right-foot,false
2026,Ghana vs Panama,,Ghana,Jonas Adjei Adjetey,48,8.8,56,0.0531,save,set-piece,head,false
2026,Haiti vs Scotland,,Haiti,Jean-Ricner Bellegarde,42,25.3,43.4,0.0188,miss,assisted,right-foot,false
2026,Haiti vs Scotland,,Haiti,Josué Casimir,79,29.8,51.5,0.0148,save,regular,right-foot,false
2026,Haiti vs Scotland,,Haiti,Frantzdy Pierrot,90,13,43.6,0.3085,save,assisted,right-foot,false
2026,Haiti vs Scotland,,Haiti,Martin Expérience,90,27.9,52.6,0.0207,miss,set-piece,right-foot,false
2026,Haiti vs Scotland,,Haiti,Josué Casimir,79,28.3,51,0.0108,miss,assisted,right-foot,false
2026,Haiti vs Scotland,,Haiti,Ruben Providence,79,12.9,31.1,0.039,block,regular,right-foot,false
2026,Haiti vs Scotland,,Haiti,Ruben Providence,34,9.7,29.7,0.0338,save,assisted,right-foot,false
2026,Haiti vs Scotland,,Haiti,Jean-Ricner Bellegarde,78,21.9,50.2,0.0539,block,assisted,right-foot,false
2026,Haiti vs Scotland,,Scotland,Scott McTominay,17,15.7,63.4,0.0843,post,assisted,right-foot,false
2026,Haiti vs Scotland,,Scotland,Lawrence Shankland,4,15.9,37,0.0626,block,assisted,right-foot,false
2026,Haiti vs Scotland,,Scotland,Che Adams,60,9.1,56.4,0.0312,block,corner,head,false
2026,Haiti vs Scotland,,Scotland,Scott McTominay,7,8.8,51.5,0.0762,miss,assisted,head,false
2026,Haiti vs Scotland,,Haiti,Ricardo Adé,34,11.9,51.9,0.0267,miss,set-piece,head,false
2026,Haiti vs Scotland,,Haiti,Jean-Ricner Bellegarde,11,19.3,47.4,0.0865,miss,assisted,left-foot,false
2026,Haiti vs Scotland,,Haiti,Wilson Isidor,13,24.3,50.3,0.0285,block,assisted,right-foot,false
2026,Haiti vs Scotland,,Scotland,Ben Gannon-Doak,3,21.1,69.4,0.0208,miss,assisted,left-foot,false
2026,Haiti vs Scotland,,Scotland,Ben Gannon-Doak,55,5.8,66.2,0.0379,block,assisted,right-foot,false
2026,Haiti vs Scotland,,Scotland,John McGinn,28,14.2,51.7,0.1399,goal,regular,left-foot,true
2026,Haiti vs Scotland,,Scotland,Lawrence Shankland,32,7.3,60,0.0431,miss,assisted,head,false
2026,Haiti vs Scotland,,Haiti,Frantzdy Pierrot,34,6.4,48.1,0.4596,block,regular,left-foot,false
2026,Haiti vs Scotland,,Scotland,John McGinn,73,11.9,41.1,0.0885,miss,assisted,left-foot,false
2026,Haiti vs Scotland,,Haiti,Ruben Providence,73,14.5,29.3,0.0315,miss,regular,right-foot,false
2026,Haiti vs Scotland,,Scotland,Che Adams,28,3.6,53.3,0.5774,save,regular,right-foot,false
2026,Haiti vs Scotland,,Haiti,Frantzdy Pierrot,85,9.7,50.2,0.0559,miss,assisted,head,false
2026,Haiti vs Scotland,,Haiti,Wilson Isidor,36,8.9,65.6,0.0108,miss,set-piece,head,false
2026,Haiti vs Scotland,,Haiti,Louicius Don Deedson,5,24.8,55.8,0.0421,miss,regular,left-foot,false
2026,Iran vs New Zealand,,Iran,Saman Ghoddos,30,13.1,64.5,0.053,miss,assisted,left-foot,false
2026,Iran vs New Zealand,,New Zealand,Chris Wood,15,8.1,50.3,0.1054,block,corner,right-foot,false
2026,Iran vs New Zealand,,Iran,Mohammad Mohebi,64,8.6,50,0.2846,goal,assisted,head,true
2026,Iran vs New Zealand,,New Zealand,Sarpreet Singh,61,10.7,33.7,0.0163,save,set-piece,left-foot,false
2026,Iran vs New Zealand,,Iran,Aria Yousefi,6,10.1,30.5,0.0483,save,assisted,right-foot,false
2026,Iran vs New Zealand,,New Zealand,Chris Wood,90,9.2,57,0.0477,save,assisted,head,false
2026,Iran vs New Zealand,,Iran,Ali Alipour,85,13.5,59.3,0.0636,block,regular,left-foot,false
2026,Iran vs New Zealand,,New Zealand,Elijah Just,55,10.6,63.2,0.1976,goal,fast-break,right-foot,true
2026,Iran vs New Zealand,,New Zealand,Chris Wood,45,22,22.3,0.0382,save,free-kick,right-foot,false
2026,Iran vs New Zealand,,Iran,Mehdi Taremi,80,8,43.6,0.071,miss,assisted,head,false
2026,Iran vs New Zealand,,Iran,Mohammad Mohebi,73,11.4,34.4,0.0343,block,assisted,right-foot,false
2026,Iran vs New Zealand,,New Zealand,Callum McCowatt,45,26.5,57,0.0193,save,assisted,left-foot,false
2026,Iran vs New Zealand,,Iran,Saman Ghoddos,29,27.1,66.8,0.0667,miss,regular,right-foot,false
2026,Iran vs New Zealand,,Iran,Ali Nemati,89,9,58.4,0.0769,miss,corner,left-foot,false
2026,Iran vs New Zealand,,New Zealand,Sarpreet Singh,19,26.8,55,0.0303,save,assisted,left-foot,false
2026,Iran vs New Zealand,,New Zealand,Liberato Cacace,30,7.7,29.5,0.0225,save,assisted,left-foot,false
2026,Iran vs New Zealand,,Iran,Shahriar Moghanlou,45,4.5,60.5,0.065,miss,throw-in-set-piece,head,false
2026,Iran vs New Zealand,,Iran,Ramin Rezaeian,32,6.4,55.1,0.3697,goal,regular,right-foot,true
2026,Iran vs New Zealand,,Iran,Saeid Ezatolahi,85,26.8,62,0.0209,miss,regular,right-foot,false
2026,Iran vs New Zealand,,New Zealand,Marko Stamenić,14,9.8,67.7,0.032,block,throw-in-set-piece,right-foot,false
2026,Iran vs New Zealand,,Iran,Saeid Ezatolahi,87,26,38.5,0.0441,save,assisted,right-foot,false
2026,Iran vs New Zealand,,New Zealand,Sarpreet Singh,12,12.5,38.9,0.1064,miss,assisted,left-foot,false
2026,Iran vs New Zealand,,Iran,Mehdi Ghayedi,49,18.7,60,0.0311,block,corner,right-foot,false
2026,Iran vs New Zealand,,Iran,Shahriar Moghanlou,32,9.5,57.5,0.0816,block,regular,right-foot,false
2026,Iran vs New Zealand,,New Zealand,Elijah Just,7,9.2,52.4,0.1095,goal,assisted,right-foot,true
2026,Iran vs New Zealand,,Iran,Ehsan Hajsafi,76,24.1,35,0.0253,block,assisted,left-foot,false
2026,Iran vs New Zealand,,New Zealand,Callum McCowatt,14,13.9,60.5,0.0327,miss,corner,right-foot,false
2026,Iran vs New Zealand,,Iran,Shahriar Moghanlou,51,19.8,70.3,0.0351,miss,assisted,left-foot,false
2026,Iran vs New Zealand,,Iran,Mehdi Taremi,23,19.6,54.1,0.1337,post,fast-break,right-foot,false
2026,Iran vs New Zealand,,New Zealand,Finn Surman,81,4.8,51.9,0.4506,miss,set-piece,head,false
2026,Iran vs New Zealand,,New Zealand,Chris Wood,47,26.4,56.2,0.0312,miss,assisted,right-foot,false
2026,Iraq vs Norway,,Norway,Kristian Thorstvedt,76,8.5,65,0.11,block,assisted,left-foot,false
2026,Iraq vs Norway,,Norway,Erling Haaland,29,2.4,53.4,0.8323,goal,assisted,left-foot,true
2026,Iraq vs Norway,,Norway,Erling Haaland,90,2.6,40.3,0.0535,miss,set-piece,head,false
2026,Iraq vs Norway,,Norway,Kristian Thorstvedt,90,8.8,36.2,0.0602,miss,assisted,right-foot,false
2026,Iraq vs Norway,,Iraq,Ibrahim Bayesh,45,4.1,57.4,0.1916,block,assisted,right-foot,false
2026,Iraq vs Norway,,Norway,Alexander Sørloth,31,8.7,36.3,0.1057,block,fast-break,left-foot,false
2026,Iraq vs Norway,,Norway,Martin Ødegaard,37,21.9,39.5,0.0371,miss,assisted,left-foot,false
2026,Iraq vs Norway,,Iraq,Hussein Ali,63,3.6,67,0.03,miss,assisted,right-foot,false
2026,Iraq vs Norway,,Norway,Leo Østigård,82,10.9,54,0.0459,miss,set-piece,head,false
2026,Iraq vs Norway,,Iraq,Ali Al-Hamadi,45,17.8,59.1,0.1354,block,fast-break,right-foot,false
2026,Iraq vs Norway,,Norway,Leo Østigård,76,3.6,52.2,0.2369,goal,corner,head,true
2026,Iraq vs Norway,,Iraq,Zaid Tahseen,28,22.9,32.9,0.0087,miss,set-piece,left-foot,false
2026,Iraq vs Norway,,Norway,Aymen Hussein,90,2.1,51.9,,goal,set-piece,other,false
2026,Iraq vs Norway,,Iraq,Aymen Hussein,5,8.1,47,0.0847,miss,set-piece,head,false
2026,Iraq vs Norway,,Norway,Erling Haaland,43,3.9,47.4,0.4805,save,regular,right-foot,false
2026,Iraq vs Norway,,Iraq,Aymen Hussein,53,12,53,0.0339,miss,assisted,head,false
2026,Iraq vs Norway,,Iraq,Aymen Hussein,39,8.2,52.6,0.0876,goal,assisted,head,true
2026,Iraq vs Norway,,Norway,Erling Haaland,20,6.6,51.7,0.1721,miss,corner,head,false
2026,Iraq vs Norway,,Norway,Erling Haaland,43,3.8,48.4,0.3734,goal,regular,right-foot,true
2026,Iraq vs Norway,,Iraq,Ali Al-Hamadi,13,15.1,59.2,0.0372,miss,assisted,right-foot,false
2026,Iraq vs Norway,,Iraq,Zaid Tahseen,45,4.8,43.5,0.1078,miss,corner,head,false
2026,Iraq vs Norway,,Norway,Erling Haaland,83,9.7,69.6,0.1715,save,regular,left-foot,false
2026,Iraq vs Norway,,Iraq,Akam Hashem,45,22,54.4,0.0312,miss,corner,left-foot,false
2026,Iraq vs Norway,,Norway,Alexander Sørloth,24,8.3,52.1,0.0822,block,set-piece,head,false
2026,Iraq vs Norway,,Iraq,Ali Al-Hamadi,45,8.8,55.8,0.0202,miss,assisted,other,false
2026,Japan vs Sweden,,Sweden,Ken Sema,79,14.7,60.1,0.0457,block,corner,left-foot,false
2026,Japan vs Sweden,,Japan,Keito Nakamura,45,13.4,34.6,0.0619,save,assisted,right-foot,false
2026,Japan vs Sweden,,Sweden,Alexander Bernhardsson,6,17.5,63.6,0.0275,save,assisted,left-foot,false
2026,Japan vs Sweden,,Sweden,Alexander Isak,90,5.1,42.3,0.0644,save,corner,head,false
2026,Japan vs Sweden,,Japan,Ayase Ueda,52,21.5,56.3,0.0801,block,assisted,right-foot,false
2026,Japan vs Sweden,,Sweden,Alexander Isak,65,20,41.9,0.0573,save,regular,right-foot,false
2026,Japan vs Sweden,,Japan,Daizen Maeda,22,9,44.5,0.1174,miss,assisted,head,false
2026,Japan vs Sweden,,Japan,Koki Ogawa,83,8.7,55,0.3796,miss,assisted,left-foot,false
2026,Japan vs Sweden,,Japan,Ritsu Doan,15,19.7,65.8,0.0223,block,assisted,left-foot,false
2026,Japan vs Sweden,,Sweden,Viktor Gyökeres,45,25.2,56.6,0.0435,block,regular,right-foot,false
2026,Japan vs Sweden,,Sweden,Gustaf Lagerbielke,81,12.5,43,0.0275,miss,set-piece,head,false
2026,Japan vs Sweden,,Japan,Daizen Maeda,56,9.9,51.8,0.5985,goal,assisted,right-foot,true
2026,Japan vs Sweden,,Sweden,Anthony Elanga,62,17.8,78.1,0.018,goal,assisted,left-foot,true
2026,Japan vs Sweden,,Japan,Yukinari Sugawara,40,28.5,69.1,0.0081,save,assisted,right-foot,false
2026,Japan vs Sweden,,Sweden,Daniel Svensson,78,20.1,31.1,0.008,block,set-piece,left-foot,false
2026,Japan vs Sweden,,Sweden,Gustaf Lagerbielke,50,4.3,58.8,0.0731,miss,corner,head,false
2026,Japan vs Sweden,,Japan,Ao Tanaka,48,23.8,54.6,0.0466,miss,assisted,right-foot,false
2026,Japan vs Sweden,,Sweden,Anthony Elanga,90,7,68.4,0.0594,save,assisted,right-foot,false
2026,Japan vs Sweden,,Sweden,Victor Lindelöf,79,3.2,44.9,0.1899,miss,corner,head,false
2026,Jordan vs Algeria,,Algeria,Ibrahim Maza,89,2.5,40.9,0.1854,save,corner,right-foot,false
2026,Jordan vs Algeria,,Jordan,Nizar Al-Rashdan,36,14.2,53.8,0.1469,goal,assisted,right-foot,true
2026,Jordan vs Algeria,,Jordan,Mahmoud Al-Mardi,72,9.5,32.1,0.0731,save,fast-break,left-foot,false
2026,Jordan vs Algeria,,Algeria,Ibrahim Maza,54,23.5,60.1,0.0283,save,assisted,right-foot,false
2026,Jordan vs Algeria,,Algeria,Nabil Bentaleb,78,27.7,60.6,0.0218,block,assisted,left-foot,false
2026,Jordan vs Algeria,,Jordan,Mousa Tamari,12,20.5,72,0.0194,save,assisted,left-foot,false
2026,Jordan vs Algeria,,Jordan,Nizar Al-Rashdan,1,8.9,54,0.1331,miss,set-piece,head,false
2026,Jordan vs Algeria,,Algeria,Rayan Aït-Nouri,54,15.3,34,0.0555,miss,regular,right-foot,false
2026,Jordan vs Algeria,,Algeria,Farès Chaïbi,21,17.2,43.8,0.1037,block,assisted,right-foot,false
2026,Jordan vs Algeria,,Algeria,Farès Chaïbi,73,26.6,31.9,0.015,save,set-piece,right-foot,false
2026,Jordan vs Algeria,,Algeria,Amine Gouiri,82,4.8,49.6,0.3087,goal,corner,right-foot,true
2026,Jordan vs Algeria,,Jordan,Noor Al-Rawabdeh,62,20.4,34.2,0.0459,miss,regular,right-foot,false
2026,Jordan vs Algeria,,Algeria,Ibrahim Maza,60,13.2,36.4,0.0415,miss,assisted,left-foot,false
2026,Jordan vs Algeria,,Jordan,Ali Olwan,45,20.3,30.7,0.0092,miss,throw-in-set-piece,right-foot,false
2026,Jordan vs Algeria,,Algeria,Amine Gouiri,29,17.8,45.4,0.0639,save,corner,right-foot,false
2026,Jordan vs Algeria,,Algeria,Anis Hadj Moussa,80,11.6,61.5,0.1114,block,assisted,right-foot,false
2026,Jordan vs Algeria,,Jordan,Ali Olwan,23,14.8,80.8,0.0266,save,regular,right-foot,false
2026,Jordan vs Algeria,,Algeria,Rafik Belghali,48,17.9,55.3,0.0301,block,corner,left-foot,false
2026,Jordan vs Algeria,,Algeria,Ahmed Nadhir Benbouali,69,8.2,49.7,0.0758,goal,corner,head,true
2026,Jordan vs Algeria,,Jordan,Mousa Tamari,36,13,42.3,0.1968,miss,assisted,left-foot,false
2026,Jordan vs Algeria,,Algeria,Ibrahim Maza,66,5.2,49.9,0.2316,miss,set-piece,head,false
2026,Jordan vs Algeria,,Algeria,Ramy Bensebaini,82,8.9,54.2,0.0482,block,corner,head,false
2026,Jordan vs Algeria,,Jordan,Ali Olwan,42,11,53.8,0.4358,miss,fast-break,right-foot,false
2026,Jordan vs Algeria,,Algeria,Amine Gouiri,3,8.2,29.9,0.0352,miss,assisted,right-foot,false
2026,Jordan vs Algeria,,Algeria,Ahmed Nadhir Benbouali,63,11.2,46,0.0388,save,throw-in-set-piece,head,false
2026,Jordan vs Algeria,,Algeria,Riyad Mahrez,33,11.5,53.3,0.4153,save,assisted,left-foot,false
2026,Jordan vs Argentina,,Jordan,Ali Al Azaizeh,38,10.4,48.9,0.0416,miss,assisted,head,false
2026,Jordan vs Argentina,,Jordan,Mohannad Abu Taha,35,21.8,43.8,0.04,block,corner,left-foot,false
2026,Jordan vs Argentina,,Argentina,Thiago Almada,82,23.8,52.3,0.0478,miss,regular,right-foot,false
2026,Jordan vs Argentina,,Argentina,Lautaro Martínez,53,23,30,0.0203,post,assisted,right-foot,false
2026,Jordan vs Argentina,,Argentina,Nico Paz,59,18.8,48.3,0.0573,miss,regular,right-foot,false
2026,Jordan vs Argentina,,Argentina,Giovani Lo Celso,19,18.9,62,0.1005,goal,free-kick,left-foot,true
2026,Jordan vs Argentina,,Argentina,Marcos Senesi,28,4.6,50.3,0.3219,save,corner,head,false
2026,Jordan vs Argentina,,Argentina,Marcos Senesi,90,3.6,50.9,0.2846,miss,set-piece,right-foot,false
2026,Jordan vs Argentina,,Argentina,Lautaro Martínez,31,11.5,50,0.7884,goal,penalty,right-foot,true
2026,Jordan vs Argentina,,Argentina,José Manuel López,86,9.8,28.9,0.0205,block,assisted,right-foot,false
2026,Jordan vs Argentina,,Argentina,Julián Alvarez,45,8.9,35.2,0.0896,save,fast-break,left-foot,false
2026,Jordan vs Argentina,,Jordan,Odeh Fakhoury,35,27.1,62.8,0.0175,block,regular,right-foot,false
2026,Jordan vs Argentina,,Jordan,Mousa Tamari,51,18.9,49.6,0.1215,miss,assisted,left-foot,false
2026,Jordan vs Argentina,,Argentina,Nicolás Otamendi,13,4.2,61.5,0.0383,miss,corner,head,false
2026,Jordan vs Argentina,,Jordan,Mousa Tamari,55,8.2,47,0.5218,goal,assisted,left-foot,true
2026,Jordan vs Argentina,,Argentina,Lautaro Martínez,28,4.1,46.2,0.5622,post,corner,left-foot,false
2026,Jordan vs Argentina,,Argentina,Lionel Messi,65,28,49.1,0.0388,miss,free-kick,left-foot,false
2026,Jordan vs Argentina,,Argentina,Lionel Messi,80,24.4,51.6,0.083,goal,free-kick,left-foot,true
2026,Mexico vs Ecuador,Round of 32,Ecuador,John Yeboah,40,15.7,66.7,0.0545,save,assisted,left-foot,false
2026,Mexico vs Ecuador,Round of 32,Mexico,Orbelín Pineda,90,12.9,38.9,0.1263,miss,assisted,right-foot,false
2026,Mexico vs Ecuador,Round of 32,Mexico,Raúl Jiménez,45,20.2,46.9,0.0491,miss,assisted,right-foot,false
2026,Mexico vs Ecuador,Round of 32,Mexico,Johan Vásquez,67,8.3,57.8,0.0337,miss,corner,head,false
2026,Mexico vs Ecuador,Round of 32,Mexico,Gilberto Mora,5,24.4,60.6,0.0227,miss,assisted,right-foot,false
2026,Mexico vs Ecuador,Round of 32,Ecuador,Pedro Vite,51,26.3,53.6,0.0253,miss,assisted,left-foot,false
2026,Mexico vs Ecuador,Round of 32,Mexico,Gilberto Mora,15,10.2,23.7,0.0323,miss,corner,right-foot,false
2026,Mexico vs Ecuador,Round of 32,Ecuador,Kevin Rodriguez,74,9.5,40.3,0.3548,miss,assisted,right-foot,false
2026,Mexico vs Ecuador,Round of 32,Mexico,Raúl Jiménez,7,8.3,45.2,0.2026,miss,fast-break,head,false
2026,Mexico vs Ecuador,Round of 32,Ecuador,Yaimar Medina,88,14.2,43.6,0.032,miss,assisted,head,false
2026,Mexico vs Ecuador,Round of 32,Mexico,Roberto Alvarado,4,22.3,62.4,0.0329,block,assisted,left-foot,false
2026,Mexico vs Ecuador,Round of 32,Ecuador,Moisés Caicedo,85,25.7,53,0.012,miss,regular,right-foot,false
2026,Mexico vs Ecuador,Round of 32,Mexico,Roberto Alvarado,14,18.5,67,0.0492,block,assisted,right-foot,false
2026,Mexico vs Ecuador,Round of 32,Ecuador,Jordy Caicedo,89,14,49.5,0.0704,block,throw-in-set-piece,left-foot,false
2026,Mexico vs Ecuador,Round of 32,Mexico,Julián Quiñones,22,13.2,35.4,0.0997,goal,assisted,right-foot,true
2026,Mexico vs Ecuador,Round of 32,Ecuador,John Yeboah,18,12.8,37,0.1764,post,assisted,left-foot,false
2026,Mexico vs Ecuador,Round of 32,Mexico,Gilberto Mora,52,13.6,66.6,0.0247,block,assisted,right-foot,false
2026,Mexico vs Ecuador,Round of 32,Mexico,Raúl Jiménez,44,8.8,50.7,0.0772,miss,assisted,head,false
2026,Mexico vs Ecuador,Round of 32,Ecuador,Piero Hincapié,42,3.8,39.8,0.066,miss,corner,head,false
2026,Mexico vs Ecuador,Round of 32,Mexico,Raúl Jiménez,31,15.3,52.2,0.1157,goal,assisted,right-foot,true
2026,Mexico vs Ecuador,Round of 32,Mexico,Luis Romo,6,28.8,48.1,0.029,miss,assisted,right-foot,false
2026,Mexico vs Ecuador,Round of 32,Mexico,César Montes,67,7.5,56.7,0.0589,save,corner,head,false
2026,Mexico vs Ecuador,Round of 32,Mexico,Roberto Alvarado,46,14.8,72.6,0.0624,miss,assisted,left-foot,false
2026,Mexico vs England,Round of 16,Mexico,Álvaro Fidalgo,90,9.9,65.1,0.0592,block,regular,right-foot,false
2026,Mexico vs England,Round of 16,Mexico,Julián Quiñones,48,32,54.3,0.0162,block,assisted,right-foot,false
2026,Mexico vs England,Round of 16,Mexico,Edson Álvarez,80,4.8,51.4,0.1995,miss,corner,head,false
2026,Mexico vs England,Round of 16,Mexico,Jesús Gallardo,90,22.9,26.8,0.0238,miss,assisted,right-foot,false
2026,Mexico vs England,Round of 16,Mexico,Santiago Giménez,82,13.3,50.3,0.1255,miss,assisted,left-foot,false
2026,Mexico vs England,Round of 16,Mexico,Raúl Jiménez,45,14.8,46.6,0.0347,save,assisted,head,false
2026,Mexico vs England,Round of 16,Mexico,Raúl Jiménez,90,11.7,68.4,0.0354,miss,corner,right-foot,false
2026,Mexico vs England,Round of 16,England,Harry Kane,60,11.5,50,0.7884,goal,penalty,right-foot,true
2026,Mexico vs England,Round of 16,Mexico,Álvaro Fidalgo,89,26.5,39.9,0.019,save,assisted,right-foot,false
2026,Mexico vs England,Round of 16,Mexico,Luis Romo,32,27.8,51.1,0.0276,miss,assisted,right-foot,false
2026,Mexico vs England,Round of 16,England,Jude Bellingham,90,46.8,36.4,0.0157,save,fast-break,right-foot,false
2026,Mexico vs England,Round of 16,Mexico,Raúl Jiménez,69,11.5,50,0.7884,goal,penalty,right-foot,true
2026,Mexico vs England,Round of 16,Mexico,Brian Gutiérrez,78,10,28.9,0.0327,block,assisted,right-foot,false
2026,Mexico vs England,Round of 16,Mexico,Raúl Jiménez,90,12.2,46,0.1404,miss,regular,right-foot,false
2026,Mexico vs England,Round of 16,England,Anthony Gordon,26,8.9,25,0.0385,save,assisted,right-foot,false
2026,Mexico vs England,Round of 16,England,Nico O'Reilly,49,19.4,49.3,0.0545,miss,throw-in-set-piece,left-foot,false
2026,Mexico vs England,Round of 16,England,Jude Bellingham,38,3.8,47.8,0.3084,goal,assisted,right-foot,true
2026,Mexico vs England,Round of 16,Mexico,Julián Quiñones,42,9.1,50.9,0.1886,goal,set-piece,right-foot,true
2026,Mexico vs England,Round of 16,Mexico,Edson Álvarez,90,26.5,47.9,0.032,block,assisted,right-foot,false
2026,Mexico vs England,Round of 16,Mexico,Raúl Jiménez,45,15.4,40.1,0.0924,miss,assisted,left-foot,false
2026,Mexico vs England,Round of 16,Mexico,Raúl Jiménez,90,18.1,55.3,0.0332,block,assisted,right-foot,false
2026,Mexico vs England,Round of 16,Mexico,Raúl Jiménez,45,11.4,45.5,0.0241,miss,corner,head,false
2026,Mexico vs England,Round of 16,England,Jude Bellingham,36,4.8,45.5,0.3455,goal,assisted,head,true
2026,Mexico vs England,Round of 16,Mexico,Álvaro Fidalgo,88,24.2,45.5,0.0172,miss,regular,left-foot,false
2026,Mexico vs England,Round of 16,Mexico,Julián Quiñones,57,24.3,28.2,0.0117,miss,assisted,right-foot,false
2026,Mexico vs England,Round of 16,Mexico,Gilberto Mora,19,16.2,34,0.0435,block,assisted,right-foot,false
2026,Mexico vs England,Round of 16,Mexico,Raúl Jiménez,15,11.9,54.2,0.0465,save,assisted,head,false
2026,Mexico vs England,Round of 16,Mexico,Raúl Jiménez,3,25.9,55.4,0.0182,block,assisted,right-foot,false
2026,Mexico vs South Africa,,Mexico,Brian Gutiérrez,46,24.8,66.4,0.0183,miss,regular,right-foot,false
2026,Mexico vs South Africa,,Mexico,Julián Quiñones,42,13.5,55.4,0.1145,post,assisted,right-foot,false
2026,Mexico vs South Africa,,Mexico,Julián Quiñones,9,14.9,40.5,0.1901,goal,assisted,right-foot,true
2026,Mexico vs South Africa,,Mexico,Julián Quiñones,19,25.6,65.8,0.0291,miss,assisted,right-foot,false
2026,Mexico vs South Africa,,Mexico,Brian Gutiérrez,30,15.2,37,0.035,block,assisted,right-foot,false
2026,Mexico vs South Africa,,Mexico,Julián Quiñones,48,40.5,29.5,0.0157,save,assisted,right-foot,false
2026,Mexico vs South Africa,,South Africa,Lyle Foster,37,10.8,57.9,0.0428,miss,assisted,head,false
2026,Mexico vs South Africa,,Mexico,Raúl Jiménez,67,4.6,47,0.512,goal,assisted,head,true
2026,Mexico vs South Africa,,Mexico,Raúl Jiménez,52,18.1,54,0.1681,block,free-kick,right-foot,false
2026,Mexico vs South Africa,,Mexico,Julián Quiñones,42,24.9,55,0.0188,block,assisted,right-foot,false
2026,Mexico vs South Africa,,Mexico,Israel Reyes,58,11.8,59.4,0.0139,miss,set-piece,head,false
2026,Mexico vs South Africa,,Mexico,Jesús Gallardo,45,30.5,36.4,0.0154,block,assisted,left-foot,false
2026,Mexico vs South Africa,,South Africa,Oswin Appollis,81,19.4,29.2,0.0331,save,assisted,right-foot,false
2026,Mexico vs South Africa,,Mexico,Brian Gutiérrez,45,12.2,38.9,0.0888,miss,assisted,right-foot,false
2026,Mexico vs South Africa,,Mexico,Johan Vásquez,5,19,52.6,0.0211,block,corner,left-foot,false
2026,Mexico vs South Africa,,South Africa,Aubrey Modiba,56,30.1,34,0.0161,save,assisted,left-foot,false
2026,Mexico vs South Africa,,Mexico,Raúl Jiménez,13,9.8,48.3,0.0401,miss,corner,head,false
2026,Mexico vs South Africa,,South Africa,Mbekezeli Mbokazi,45,32,46.4,0.0136,save,corner,left-foot,false
2026,Mexico vs South Africa,,Mexico,Brian Gutiérrez,4,33.2,76,0.0352,block,free-kick,right-foot,false
2026,Mexico vs South Africa,,Mexico,Raúl Jiménez,5,15.5,52.2,0.0948,save,assisted,left-foot,false
2026,Mexico vs South Africa,,Mexico,Jesús Gallardo,52,8.2,30.6,0.0233,miss,set-piece,left-foot,false
2026,Mexico vs South Korea,,South Korea,Gue-sung Cho,90,10,44.8,0.0411,block,assisted,head,false
2026,Mexico vs South Korea,,Mexico,Roberto Alvarado,7,25.3,60.5,0.0236,miss,regular,left-foot,false
2026,Mexico vs South Korea,,Mexico,Julián Quiñones,20,10,52.1,0.059,save,assisted,head,false
2026,Mexico vs South Korea,,South Korea,Hwang In-beom,58,25.2,60,0.035,block,regular,left-foot,false
2026,Mexico vs South Korea,,South Korea,Young-woo Seol,41,5,32.6,0.0881,miss,regular,left-foot,false
2026,Mexico vs South Korea,,South Korea,Hyeon-gyu Oh,90,8.8,57.4,0.0237,miss,corner,head,false
2026,Mexico vs South Korea,,Mexico,Jesús Gallardo,49,5.1,29.4,0.0355,miss,assisted,left-foot,false
2026,Mexico vs South Korea,,South Korea,Kang-in Lee,78,26.5,53.1,0.0209,miss,assisted,left-foot,false
2026,Mexico vs South Korea,,Mexico,Raúl Jiménez,75,2.5,59.9,0.2101,save,assisted,right-foot,false
2026,Mexico vs South Korea,,Mexico,Raúl Jiménez,50,10.8,46,0.0357,block,assisted,head,false
2026,Mexico vs South Korea,,South Korea,Yang Hyun-Jun,87,1.9,57.2,0.1562,save,regular,left-foot,false
2026,Mexico vs South Korea,,Mexico,Obed Vargas,85,24.3,44,0.0241,save,assisted,right-foot,false
2026,Mexico vs South Korea,,Mexico,Luis Romo,50,13.2,48.3,0.0645,goal,regular,right-foot,true
2026,Mexico vs South Korea,,South Korea,Gue-sung Cho,87,3.5,57.9,0.2593,save,assisted,head,false
2026,Mexico vs South Korea,,South Korea,Han-Beom Lee,90,9.5,54.6,0.0844,miss,corner,head,false
2026,Mexico vs South Korea,,Mexico,Brian Gutiérrez,7,24.6,39.2,0.0242,miss,assisted,right-foot,false
2026,Mexico vs South Korea,,South Korea,Kang-in Lee,44,24.7,62.2,0.0233,block,assisted,right-foot,false
2026,Morocco vs Haiti,,Morocco,Achraf Hakimi,75,28.3,49.3,0.0359,block,free-kick,right-foot,false
2026,Morocco vs Haiti,,Morocco,Ismael Saibari,14,15.2,34.7,0.026,block,assisted,left-foot,false
2026,Morocco vs Haiti,,Haiti,Jean-Ricner Bellegarde,64,15.9,19.5,0.0445,block,free-kick,right-foot,false
2026,Morocco vs Haiti,,Haiti,Duckens Nazon,90,25.6,36.8,0.0451,save,free-kick,right-foot,false
2026,Morocco vs Haiti,,Haiti,Jean-Ricner Bellegarde,8,28.1,49.5,0.0388,miss,free-kick,right-foot,false
2026,Morocco vs Haiti,,Morocco,Ismael Saibari,23,18.2,52.6,0.0773,miss,assisted,right-foot,false
2026,Morocco vs Haiti,,Haiti,Wilson Isidor,43,23.5,69.5,0.0279,goal,assisted,right-foot,true
2026,Morocco vs Haiti,,Morocco,Achraf Hakimi,30,14.4,43.7,0.0781,save,assisted,left-foot,false
2026,Morocco vs Haiti,,Morocco,Achraf Hakimi,75,27.1,49.8,0.0143,block,set-piece,right-foot,false
2026,Morocco vs Haiti,,Morocco,Chadi Riad,78,7.9,59.6,0.0277,miss,corner,head,false
2026,Morocco vs Haiti,,Haiti,Lenny Joseph,34,9.5,70.5,0.0377,miss,regular,right-foot,false
2026,Morocco vs Haiti,,Morocco,Ismael Saibari,36,9.8,46.2,0.0588,miss,assisted,head,false
2026,Morocco vs Haiti,,Haiti,Lenny Joseph,10,4.1,52.2,0.3754,miss,assisted,right-foot,false
2026,Morocco vs Haiti,,Morocco,Ismael Saibari,13,7.3,50.7,0.4057,miss,assisted,right-foot,false
2026,Morocco vs Haiti,,Morocco,Bilal El Khannouss,45,23.5,39.3,0.0404,save,fast-break,right-foot,false
2026,Morocco vs Haiti,,Haiti,Yassine Bounou,10,3.8,53.6,,goal,regular,other,false
2026,Morocco vs Haiti,,Morocco,Soufiane Rahimi,78,9.4,47.2,0.0738,goal,corner,right-foot,true
2026,Morocco vs Haiti,,Morocco,Achraf Hakimi,39,2,48.8,0.8664,goal,regular,left-foot,true
2026,Morocco vs Haiti,,Haiti,Louicius Don Deedson,90,14.5,72.8,0.0187,block,assisted,left-foot,false
2026,Morocco vs Haiti,,Morocco,Gessime Yassine,89,6.5,53.8,0.8025,goal,assisted,left-foot,true
2026,Morocco vs Haiti,,Morocco,Achraf Hakimi,88,11.6,9.6,0.0345,save,free-kick,right-foot,false
2026,Morocco vs Haiti,,Morocco,Ayoub El Kaabi,30,12.9,51.7,0.0964,save,regular,left-foot,false
2026,Morocco vs Haiti,,Haiti,Ricardo Adé,90,22.3,55.8,0.0392,miss,assisted,right-foot,false
2026,Morocco vs Haiti,,Morocco,Ayoub El Kaabi,28,9.2,57.9,0.0343,miss,assisted,head,false
2026,Morocco vs Haiti,,Morocco,Neil El Aynaoui,45,10.1,53.8,0.0695,save,set-piece,head,false
2026,Morocco vs Haiti,,Morocco,Bilal El Khannouss,59,22.8,52.1,0.0518,save,corner,right-foot,false
2026,Morocco vs Haiti,,Morocco,Soufiane Rahimi,78,9.2,52.1,0.0451,block,corner,head,false
2026,Morocco vs Haiti,,Haiti,Frantzdy Pierrot,90,10.7,63,0.0139,block,assisted,head,false
2026,Morocco vs Haiti,,Morocco,Ismael Saibari,45,15,51.8,0.1617,goal,assisted,right-foot,true
2026,Morocco vs Haiti,,Morocco,Brahim Díaz,45,9.9,40.9,0.2287,miss,assisted,left-foot,false
2026,Morocco vs Haiti,,Haiti,Jean-Ricner Bellegarde,90,9.8,44.2,0.0368,block,corner,head,false
2026,Morocco vs Haiti,,Morocco,Azzedine Ounahi,89,18.4,31.1,0.0118,block,corner,right-foot,false
2026,Morocco vs Haiti,,Morocco,Ayoub El Kaabi,12,3.9,73.8,0.0287,save,fast-break,right-foot,false
2026,Netherlands vs Japan,,Netherlands,Donyell Malen,3,13.8,42.1,0.0634,save,assisted,right-foot,false
2026,Netherlands vs Japan,,Netherlands,Virgil van Dijk,51,8.8,41.3,0.0598,goal,set-piece,head,true
2026,Netherlands vs Japan,,Netherlands,Teun Koopmeiners,90,5.1,41.8,0.087,miss,assisted,head,false
2026,Netherlands vs Japan,,Netherlands,Crysencio Summerville,64,15,70,0.0191,goal,assisted,left-foot,true
2026,Netherlands vs Japan,,Japan,Keito Nakamura,43,13.3,33.1,0.0569,miss,assisted,right-foot,false
2026,Netherlands vs Japan,,Netherlands,Donyell Malen,34,7.4,54.6,0.0806,save,corner,head,false
2026,Netherlands vs Japan,,Netherlands,Teun Koopmeiners,76,10.1,47.2,0.0945,block,assisted,left-foot,false
2026,Netherlands vs Japan,,Japan,Koki Ogawa,78,15,58,0.0191,miss,assisted,head,false
2026,Netherlands vs Japan,,Netherlands,Micky van de Ven,34,8.3,65.4,0.0228,miss,corner,head,false
2026,Netherlands vs Japan,,Netherlands,Cody Gakpo,73,7.6,29.7,0.0171,save,assisted,right-foot,false
2026,Netherlands vs Japan,,Japan,Daichi Kamada,89,8.7,52.4,0.1472,goal,corner,head,true
2026,Netherlands vs Japan,,Japan,Koki Ogawa,88,14.9,53.2,0.01,block,corner,head,false
2026,Netherlands vs Japan,,Netherlands,Donyell Malen,45,8.1,50.8,0.0728,save,corner,head,false
2026,Netherlands vs Japan,,Japan,Ayase Ueda,45,7.7,67.6,0.0718,miss,assisted,right-foot,false
2026,Netherlands vs Japan,,Netherlands,Cody Gakpo,36,10.3,56.2,0.1727,miss,set-piece,right-foot,false
2026,Netherlands vs Japan,,Japan,Daizen Maeda,15,3.2,40.3,0.0968,block,assisted,left-foot,false
2026,Netherlands vs Japan,,Japan,Yukinari Sugawara,80,14.5,57.6,0.1559,save,assisted,right-foot,false
2026,Netherlands vs Japan,,Japan,Hiroki Itō,28,22.2,28.2,0.0253,miss,assisted,left-foot,false
2026,Netherlands vs Japan,,Japan,Keito Nakamura,57,18.8,38.2,0.0246,goal,assisted,right-foot,true
2026,Netherlands vs Japan,,Japan,Takefusa Kubo,67,27.2,52.1,0.0185,miss,assisted,left-foot,false
2026,Netherlands vs Japan,,Netherlands,Jan Paul van Hecke,73,4.4,55.9,0.1206,save,corner,head,false
2026,Netherlands vs Japan,,Japan,Keito Nakamura,75,18.9,28,0.0102,miss,corner,right-foot,false
2026,Netherlands vs Japan,,Netherlands,Denzel Dumfries,36,9.5,42.3,0.0541,miss,set-piece,head,false
2026,Netherlands vs Morocco,Round of 32,Netherlands,Quinten Timber,127,11.5,50,0.7884,miss,shootout,right-foot,false
2026,Netherlands vs Morocco,Round of 32,Netherlands,Teun Koopmeiners,121,11.5,50,0.7884,goal,shootout,left-foot,true
2026,Netherlands vs Morocco,Round of 32,Morocco,Neil El Aynaoui,122,11.5,50,0.7884,post,shootout,right-foot,false
2026,Netherlands vs Morocco,Round of 32,Morocco,Ayyoub Bouaddi,48,24.8,45.2,0.0267,miss,assisted,left-foot,false
2026,Netherlands vs Morocco,Round of 32,Morocco,Achraf Hakimi,56,11.7,62.5,0.0819,block,assisted,right-foot,false
2026,Netherlands vs Morocco,Round of 32,Morocco,Chemsdine Talbi,126,11.5,50,0.7884,goal,shootout,right-foot,true
2026,Netherlands vs Morocco,Round of 32,Morocco,Achraf Hakimi,21,16.3,70.3,0.0385,save,assisted,right-foot,false
2026,Netherlands vs Morocco,Round of 32,Netherlands,Ryan Gravenberch,7,15.2,67,0.0234,block,throw-in-set-piece,left-foot,false
2026,Netherlands vs Morocco,Round of 32,Netherlands,Ryan Gravenberch,59,18.4,53.1,0.0671,block,regular,left-foot,false
2026,Netherlands vs Morocco,Round of 32,Netherlands,Micky van de Ven,44,25.3,40.9,0.0258,miss,assisted,left-foot,false
2026,Netherlands vs Morocco,Round of 32,Netherlands,Wout Weghorst,125,11.5,50,0.7884,goal,shootout,right-foot,true
2026,Netherlands vs Morocco,Round of 32,Morocco,Ayyoub Bouaddi,20,23.5,46.5,0.0282,miss,corner,right-foot,false
2026,Netherlands vs Morocco,Round of 32,Netherlands,Justin Kluivert,123,11.5,50,0.7884,post,shootout,right-foot,false
2026,Netherlands vs Morocco,Round of 32,Netherlands,Denzel Dumfries,37,8.9,37.6,0.009,block,corner,head,false
2026,Netherlands vs Morocco,Round of 32,Morocco,Soufiane Rahimi,97,8.9,47.8,0.7531,save,assisted,right-foot,false
2026,Netherlands vs Morocco,Round of 32,Morocco,Neil El Aynaoui,20,3.6,59.1,0.1051,save,corner,head,false
2026,Netherlands vs Morocco,Round of 32,Morocco,Achraf Hakimi,127,11.5,50,0.7884,post,shootout,right-foot,false
2026,Netherlands vs Morocco,Round of 32,Netherlands,Micky van de Ven,48,10.7,62.5,0.0124,save,set-piece,head,false
2026,Netherlands vs Morocco,Round of 32,Morocco,Issa Diop,90,8.7,52.4,0.1783,goal,assisted,head,true
2026,Netherlands vs Morocco,Round of 32,Morocco,Ismael Saibari,130,11.5,50,0.7884,goal,shootout,right-foot,true
2026,Netherlands vs Morocco,Round of 32,Netherlands,Crysencio Summerville,129,11.5,50,0.7884,save,shootout,right-foot,false
2026,Netherlands vs Morocco,Round of 32,Morocco,Soufiane Rahimi,124,11.5,50,0.7884,goal,shootout,right-foot,true
2026,Netherlands vs Morocco,Round of 32,Morocco,Azzedine Ounahi,45,16.8,73,0.0336,miss,fast-break,right-foot,false
2026,Netherlands vs Morocco,Round of 32,Morocco,Achraf Hakimi,52,4.6,67.3,0.1136,post,assisted,right-foot,false
2026,Netherlands vs Morocco,Round of 32,Morocco,Anass Salah-Eddine,78,21.2,25.3,0.0223,block,corner,left-foot,false
2026,Netherlands vs Morocco,Round of 32,Netherlands,Cody Gakpo,72,12.8,49.4,0.0956,goal,assisted,right-foot,true
2026,Netherlands vs Morocco,Round of 32,Morocco,Bilal El Khannouss,58,25.7,26.3,0.0178,save,regular,right-foot,false
2026,Netherlands vs Sweden,,Sweden,Viktor Gyökeres,7,10.4,69.5,0.0329,save,assisted,right-foot,false
2026,Netherlands vs Sweden,,Sweden,Anthony Elanga,59,13.6,39.3,0.2902,goal,fast-break,left-foot,true
2026,Netherlands vs Sweden,,Sweden,Yasin Ayari,52,22.2,44,0.0566,block,throw-in-set-piece,right-foot,false
2026,Netherlands vs Sweden,,Sweden,Benjamin Nygren,45,18.9,61.5,0.0472,miss,throw-in-set-piece,left-foot,false
2026,Netherlands vs Sweden,,Sweden,Viktor Gyökeres,37,14.1,31.6,0.0519,save,assisted,right-foot,false
2026,Netherlands vs Sweden,,Sweden,Viktor Gyökeres,33,10.5,62.4,0.0732,miss,assisted,right-foot,false
2026,Netherlands vs Sweden,,Sweden,Yasin Ayari,41,18.2,46,0.0756,miss,assisted,right-foot,false
2026,Netherlands vs Sweden,,Sweden,Jesper Karlström,27,10,51.8,0.0816,block,throw-in-set-piece,right-foot,false
2026,Netherlands vs Sweden,,Sweden,Viktor Gyökeres,90,17.4,30.2,0.0351,block,fast-break,right-foot,false
2026,Netherlands vs Sweden,,Netherlands,Cody Gakpo,38,19.8,27.3,0.0297,save,assisted,right-foot,false
2026,Netherlands vs Sweden,,Sweden,Alexander Isak,84,19.5,30.3,0.0194,save,assisted,right-foot,false
2026,Netherlands vs Sweden,,Netherlands,Cody Gakpo,54,13.8,36.8,0.1312,goal,fast-break,right-foot,true
2026,Netherlands vs Sweden,,Netherlands,Cody Gakpo,50,18.5,39.5,0.0263,block,assisted,right-foot,false
2026,Netherlands vs Sweden,,Sweden,Yasin Ayari,31,14.4,30.7,0.0359,miss,assisted,right-foot,false
2026,Netherlands vs Sweden,,Sweden,Yasin Ayari,57,20.3,65.2,0.0468,miss,assisted,right-foot,false
2026,Netherlands vs Sweden,,Netherlands,Tijjani Reijnders,15,11.3,33.3,0.0292,miss,regular,left-foot,false
2026,Netherlands vs Sweden,,Sweden,Yasin Ayari,45,19.8,32.8,0.0229,save,assisted,right-foot,false
2026,Netherlands vs Sweden,,Sweden,Gustaf Lagerbielke,90,8.2,45.2,0.0504,save,corner,head,false
2026,Netherlands vs Sweden,,Netherlands,Crysencio Summerville,89,18.4,47.6,0.0923,goal,assisted,right-foot,true
2026,Netherlands vs Sweden,,Sweden,Besfort Zeneli,85,27.2,59.5,0.0153,save,corner,left-foot,false
2026,Netherlands vs Sweden,,Netherlands,Cody Gakpo,47,1.3,47.2,0.901,goal,assisted,left-foot,true
2026,Netherlands vs Sweden,,Netherlands,Ryan Gravenberch,57,21.9,67.7,0.0438,miss,assisted,right-foot,false
2026,Netherlands vs Sweden,,Sweden,Viktor Gyökeres,45,18.5,32,0.0596,save,free-kick,right-foot,false
2026,Netherlands vs Sweden,,Netherlands,Cody Gakpo,11,11.2,41.1,0.0298,save,assisted,head,false
2026,Netherlands vs Sweden,,Netherlands,Brian Brobbey,17,4.1,53.4,0.6333,goal,assisted,right-foot,true
2026,Netherlands vs Sweden,,Netherlands,Brian Brobbey,5,4.9,50.2,0.5552,goal,assisted,right-foot,true
2026,New Zealand vs Belgium,,Belgium,Kevin De Bruyne,47,27.4,55.5,0.0193,miss,assisted,right-foot,false
2026,New Zealand vs Belgium,,New Zealand,Tim Payne,55,17.6,73.4,0.0273,miss,regular,right-foot,false
2026,New Zealand vs Belgium,,Belgium,Maxim De Cuyper,78,22.9,54,0.0988,miss,free-kick,left-foot,false
2026,New Zealand vs Belgium,,Belgium,Leandro Trossard,19,14.2,34.8,0.0473,block,assisted,right-foot,false
2026,New Zealand vs Belgium,,New Zealand,Sarpreet Singh,42,32.1,60.7,0.0117,miss,assisted,left-foot,false
2026,New Zealand vs Belgium,,Belgium,Leandro Trossard,50,10.8,40.2,0.0763,block,assisted,right-foot,false
2026,New Zealand vs Belgium,,Belgium,Arthur Theate,62,12.7,43.7,0.0693,save,corner,right-foot,false
2026,New Zealand vs Belgium,,Belgium,Arthur Theate,60,5.8,40.3,0.0471,miss,corner,head,false
2026,New Zealand vs Belgium,,Belgium,Arthur Theate,90,28.7,53.8,0.0161,miss,corner,left-foot,false
2026,New Zealand vs Belgium,,Belgium,Kevin De Bruyne,62,19.1,47.9,0.0621,block,regular,right-foot,false
2026,New Zealand vs Belgium,,Belgium,Kevin De Bruyne,42,10.8,56.6,0.0986,miss,assisted,right-foot,false
2026,New Zealand vs Belgium,,New Zealand,Elijah Just,55,18.3,36.6,0.0485,save,assisted,left-foot,false
2026,New Zealand vs Belgium,,Belgium,Jérémy Doku,39,12.6,27.2,0.0313,miss,assisted,right-foot,false
2026,New Zealand vs Belgium,,New Zealand,Jesse Randall,59,18.2,34.5,0.0114,miss,corner,left-foot,false
2026,New Zealand vs Belgium,,Belgium,Kevin De Bruyne,61,23.2,37.9,0.0262,block,assisted,right-foot,false
2026,New Zealand vs Belgium,,Belgium,Maxim De Cuyper,90,21.7,41.2,0.0517,save,assisted,left-foot,false
2026,New Zealand vs Belgium,,Belgium,Leandro Trossard,28,1.9,52.6,0.5037,goal,corner,right-foot,true
2026,New Zealand vs Belgium,,Belgium,Romelu Lukaku,86,4.2,46.5,0.5199,goal,assisted,head,true
2026,New Zealand vs Belgium,,Belgium,Leandro Trossard,11,4.3,40.3,0.2394,save,throw-in-set-piece,left-foot,false
2026,New Zealand vs Belgium,,Belgium,Hans Vanaken,45,15.4,38.9,0.0321,block,assisted,left-foot,false
2026,New Zealand vs Belgium,,Belgium,Kevin De Bruyne,66,19.4,44.5,0.0598,goal,regular,left-foot,true
2026,New Zealand vs Belgium,,Belgium,Matías Fernández-Pardo,65,11.3,42.7,0.1694,miss,fast-break,left-foot,false
2026,New Zealand vs Belgium,,Belgium,Matías Fernández-Pardo,74,14.2,46.2,0.1322,block,fast-break,right-foot,false
2026,New Zealand vs Belgium,,Belgium,Alexis Saelemaekers,90,15.6,40.3,0.075,goal,fast-break,right-foot,true
2026,New Zealand vs Belgium,,Belgium,Leandro Trossard,16,14.6,35.9,0.0284,block,assisted,left-foot,false
2026,New Zealand vs Belgium,,Belgium,Jérémy Doku,16,8.2,29.1,0.053,save,assisted,right-foot,false
2026,New Zealand vs Belgium,,Belgium,Hans Vanaken,31,9.4,49.5,0.1208,block,assisted,right-foot,false
2026,New Zealand vs Belgium,,Belgium,Amadou Onana,74,25.9,47.2,0.0172,block,fast-break,left-foot,false
2026,New Zealand vs Belgium,,New Zealand,Elijah Just,84,14.4,51.6,0.0401,goal,corner,left-foot,true
2026,New Zealand vs Belgium,,Belgium,Brandon Mechele,12,9.2,50.5,0.0699,block,assisted,head,false
2026,New Zealand vs Belgium,,Belgium,Kevin De Bruyne,12,24.6,39.5,0.0244,save,assisted,right-foot,false
2026,New Zealand vs Belgium,,Belgium,Leandro Trossard,45,24,68.4,0.0257,block,regular,right-foot,false
2026,New Zealand vs Belgium,,Belgium,Kevin De Bruyne,66,13.5,56.7,0.2129,block,fast-break,left-foot,false
2026,New Zealand vs Belgium,,Belgium,Brandon Mechele,12,9.4,51.9,0.0697,miss,assisted,head,false
2026,New Zealand vs Belgium,,Belgium,Leandro Trossard,11,4.3,40.3,0.4791,post,throw-in-set-piece,left-foot,false
2026,New Zealand vs Belgium,,New Zealand,Tyler Bindon,76,5.2,59.7,0.0556,miss,corner,head,false
2026,New Zealand vs Belgium,,Belgium,Youri Tielemans,4,26.5,57.3,0.0215,miss,assisted,right-foot,false
2026,New Zealand vs Belgium,,New Zealand,Elijah Just,76,9.1,63,0.066,block,assisted,right-foot,false
2026,New Zealand vs Belgium,,Belgium,Timothy Castagne,45,13.5,69.4,0.047,miss,assisted,right-foot,false
2026,New Zealand vs Belgium,,Belgium,Charles De Ketelaere,43,12.8,43.3,0.1132,save,assisted,left-foot,false
2026,New Zealand vs Belgium,,Belgium,Amadou Onana,90,29.5,51.6,0.0168,miss,set-piece,right-foot,false
2026,New Zealand vs Belgium,,Belgium,Leandro Trossard,50,10,43.5,0.073,goal,assisted,right-foot,true
2026,New Zealand vs Belgium,,Belgium,Charles De Ketelaere,11,9.5,48.1,0.1175,block,assisted,left-foot,false
2026,New Zealand vs Belgium,,Belgium,Arthur Theate,45,6.7,53.4,0.1966,miss,corner,head,false
2026,New Zealand vs Belgium,,Belgium,Alexis Saelemaekers,80,8.5,73.4,0.0148,miss,assisted,right-foot,false
2026,New Zealand vs Egypt,,Egypt,Omar Marmoush,27,18.4,32.7,0.0383,save,assisted,right-foot,false
2026,New Zealand vs Egypt,,Egypt,Mohamed Salah,6,18.4,55.8,0.0401,block,assisted,left-foot,false
2026,New Zealand vs Egypt,,New Zealand,Sarpreet Singh,7,18.4,41.8,0.043,miss,assisted,left-foot,false
2026,New Zealand vs Egypt,,Egypt,Emam Ashour,50,26.6,57.7,0.0187,miss,assisted,left-foot,false
2026,New Zealand vs Egypt,,Egypt,Zizo,90,3.6,40.9,0.1873,save,regular,right-foot,false
2026,New Zealand vs Egypt,,New Zealand,Finn Surman,15,7.1,48.4,0.1226,goal,corner,head,true
2026,New Zealand vs Egypt,,Egypt,Mostafa Ziko,49,21.5,40.3,0.0339,block,assisted,right-foot,false
2026,New Zealand vs Egypt,,New Zealand,Elijah Just,19,22.2,32.3,0.0163,block,regular,left-foot,false
2026,New Zealand vs Egypt,,Egypt,Mohamed Salah,46,11.3,54,0.1989,save,assisted,right-foot,false
2026,New Zealand vs Egypt,,New Zealand,Tyler Bindon,90,5.2,45.8,0.5266,save,throw-in-set-piece,left-foot,false
2026,New Zealand vs Egypt,,Egypt,Omar Marmoush,50,18.4,36.2,0.047,block,assisted,right-foot,false
2026,New Zealand vs Egypt,,Egypt,Mostafa Ziko,58,8.6,46.8,0.1862,goal,assisted,head,true
2026,New Zealand vs Egypt,,Egypt,Mostafa Ziko,21,8.2,47.9,0.0723,miss,corner,head,false
2026,New Zealand vs Egypt,,New Zealand,Elijah Just,14,9.1,30.1,0.0409,save,assisted,left-foot,false
2026,New Zealand vs Egypt,,New Zealand,Michael Boxall,90,3.6,48.8,0.2557,block,corner,head,false
2026,New Zealand vs Egypt,,New Zealand,Joe Bell,26,28.2,51.9,0.019,block,assisted,right-foot,false
2026,New Zealand vs Egypt,,Egypt,Mohamed Salah,67,13.6,57.9,0.1597,goal,assisted,left-foot,true
2026,New Zealand vs Egypt,,Egypt,Emam Ashour,55,14.5,38.5,0.0613,miss,regular,right-foot,false
2026,New Zealand vs Egypt,,New Zealand,Chris Wood,27,9.4,44,0.0402,miss,assisted,head,false
2026,New Zealand vs Egypt,,Egypt,Mahmoud Trézéguet,82,6.6,40.7,0.0526,goal,corner,head,true
2026,New Zealand vs Egypt,,Egypt,Mohamed Salah,81,16.1,66.2,0.0697,block,assisted,left-foot,false
2026,New Zealand vs Egypt,,New Zealand,Callum McCowatt,19,4.6,31.9,0.0417,save,throw-in-set-piece,left-foot,false
2026,New Zealand vs Egypt,,Egypt,Omar Marmoush,47,27.3,54.6,0.0176,miss,set-piece,right-foot,false
2026,New Zealand vs Egypt,,Egypt,Mohamed Hany,20,16.3,72.8,0.0245,block,assisted,right-foot,false
2026,New Zealand vs Egypt,,New Zealand,Marko Stamenić,90,17.2,55.7,0.0691,miss,throw-in-set-piece,right-foot,false
2026,New Zealand vs Egypt,,Egypt,Mohamed Salah,35,21.4,36.8,0.0737,miss,free-kick,left-foot,false
2026,New Zealand vs Egypt,,Egypt,Ahmed Fatouh,80,12.9,32.1,0.0641,save,regular,right-foot,false
2026,New Zealand vs Egypt,,New Zealand,Callum McCowatt,52,5.8,45.8,0.2741,save,assisted,head,false
2026,New Zealand vs Egypt,,New Zealand,Marko Stamenić,65,31.2,47.9,0.0164,block,assisted,right-foot,false
2026,New Zealand vs Egypt,,Egypt,Mostafa Ziko,55,10.3,47.2,0.2323,block,assisted,left-foot,false
2026,New Zealand vs Egypt,,Egypt,Emam Ashour,45,6.1,49.5,0.3845,miss,assisted,left-foot,false
2026,Norway vs England,Quarterfinals,Norway,Martin Ødegaard,40,19.7,76.7,0.0285,save,assisted,left-foot,false
2026,Norway vs England,Quarterfinals,Norway,Patrick Berg,55,4.3,54.7,0.3662,miss,regular,right-foot,false
2026,Norway vs England,Quarterfinals,Norway,Patrick Berg,109,18.4,63,0.0274,miss,assisted,right-foot,false
2026,Norway vs England,Quarterfinals,England,Harry Kane,29,22.8,61.4,0.0637,miss,free-kick,right-foot,false
2026,Norway vs England,Quarterfinals,England,Jude Bellingham,105,22.3,62.8,0.0505,miss,assisted,right-foot,false
2026,Norway vs England,Quarterfinals,Norway,Kristoffer Ajer,76,7.9,49.8,0.0873,post,corner,head,false
2026,Norway vs England,Quarterfinals,Norway,Alexander Sørloth,39,14.4,63.9,0.0182,miss,set-piece,left-foot,false
2026,Norway vs England,Quarterfinals,Norway,Fredrik Aursnes,76,13.3,68.7,0.0308,miss,corner,right-foot,false
2026,Norway vs England,Quarterfinals,Norway,Erling Haaland,76,4.6,34.9,0.0256,miss,corner,left-foot,false
2026,Norway vs England,Quarterfinals,England,Jude Bellingham,45,7.4,36,0.0614,goal,assisted,left-foot,true
2026,Norway vs England,Quarterfinals,England,Jude Bellingham,45,12.5,60.6,0.0312,block,corner,right-foot,false
2026,Norway vs England,Quarterfinals,Norway,Erling Haaland,35,7.9,45.4,0.0834,save,assisted,head,false
2026,Norway vs England,Quarterfinals,England,Jude Bellingham,90,11.7,56.4,0.0298,miss,assisted,head,false
2026,Norway vs England,Quarterfinals,England,Djed Spence,110,18.7,53.6,0.131,save,regular,right-foot,false
2026,Norway vs England,Quarterfinals,England,Jude Bellingham,93,7.4,49.2,0.4486,goal,regular,right-foot,true
2026,Norway vs England,Quarterfinals,England,Bukayo Saka,110,8.8,71.1,0.0813,save,fast-break,left-foot,false
2026,Norway vs England,Quarterfinals,Norway,Torbjørn Heggem,55,2.5,48.6,0.9541,goal,corner,left-foot,true
2026,Norway vs England,Quarterfinals,England,Bukayo Saka,110,4.9,67.5,0.0607,save,regular,right-foot,false
2026,Norway vs England,Quarterfinals,Norway,Antonio Nusa,104,17.5,57.7,0.1174,block,assisted,left-foot,false
2026,Norway vs England,Quarterfinals,England,Harry Kane,45,27.7,45.8,0.0274,save,regular,right-foot,false
2026,Norway vs England,Quarterfinals,Norway,Antonio Nusa,114,10,26.2,0.0148,block,assisted,right-foot,false
2026,Norway vs England,Quarterfinals,Norway,Oscar Bobb,114,13.3,52.6,0.0912,miss,corner,left-foot,false
2026,Norway vs England,Quarterfinals,England,Harry Kane,93,3,32.8,0.0109,save,corner,head,false
2026,Norway vs England,Quarterfinals,England,Eberechi Eze,48,26.5,30.9,0.0313,block,free-kick,right-foot,false
2026,Norway vs England,Quarterfinals,Norway,Andreas Schjelderup,36,12,23.7,0.0248,goal,assisted,left-foot,true
2026,Norway vs England,Quarterfinals,Norway,Alexander Sørloth,44,15.1,53.9,0.1891,block,fast-break,left-foot,false
2026,Norway vs England,Quarterfinals,England,Morgan Rogers,93,28.8,47.8,0.022,save,assisted,right-foot,false
2026,Norway vs England,Quarterfinals,Norway,Erling Haaland,53,11.1,45.6,0.0277,miss,corner,head,false
2026,Norway vs England,Quarterfinals,Norway,Antonio Nusa,85,12.5,28,0.032,save,assisted,right-foot,false
2026,Norway vs England,Quarterfinals,England,Bukayo Saka,52,11.5,73.5,0.027,block,assisted,left-foot,false
2026,Norway vs England,Quarterfinals,England,Jude Bellingham,19,9.5,47.9,0.0628,miss,assisted,head,false
2026,Norway vs France,,France,Ousmane Dembélé,7,11,66.7,0.0877,goal,assisted,right-foot,true
2026,Norway vs France,,Norway,Thelo Aasgaard,19,27.5,43.6,0.0289,block,fast-break,right-foot,false
2026,Norway vs France,,Norway,Fredrik Aursnes,87,24.3,47.2,0.0361,miss,regular,right-foot,false
2026,Norway vs France,,France,Désiré Doué,90,10.7,50.6,0.1085,goal,assisted,head,true
2026,Norway vs France,,France,Michael Olise,23,13.9,50.5,0.1088,block,corner,right-foot,false
2026,Norway vs France,,France,Theo Hernández,24,24.7,31.3,0.0243,miss,assisted,left-foot,false
2026,Norway vs France,,France,Aurélien Tchouaméni,35,19.5,52.1,0.0426,miss,assisted,right-foot,false
2026,Norway vs France,,France,Kylian Mbappé,17,8.6,33.6,0.1226,save,fast-break,right-foot,false
2026,Norway vs France,,Norway,Patrick Berg,79,19.8,47.3,0.0705,block,assisted,right-foot,false
2026,Norway vs France,,Norway,Kristian Thorstvedt,11,29.7,49.1,0.0205,save,regular,left-foot,false
2026,Norway vs France,,France,Theo Hernández,90,21,26.2,0.0304,miss,assisted,left-foot,false
2026,Norway vs France,,France,Ousmane Dembélé,20,22.9,59.1,0.1141,goal,fast-break,left-foot,true
2026,Norway vs France,,France,Désiré Doué,23,27.4,55.4,0.0231,miss,corner,right-foot,false
2026,Norway vs France,,France,Ousmane Dembélé,32,15,61.9,0.0896,goal,assisted,left-foot,true
2026,Norway vs France,,France,Michael Olise,45,15,60.9,0.0909,miss,assisted,right-foot,false
2026,Norway vs France,,France,Désiré Doué,5,28.1,43,0.0197,save,corner,right-foot,false
2026,Norway vs France,,Norway,Jørgen Strand Larsen,14,9.4,48.7,0.2557,miss,set-piece,right-foot,false
2026,Norway vs France,,Norway,Leo Østigård,55,5.1,42.7,0.0704,miss,corner,head,false
2026,Norway vs France,,Norway,Jørgen Strand Larsen,50,11.5,50,0.7884,save,penalty,right-foot,false
2026,Norway vs France,,France,Désiré Doué,8,25,40.7,0.0376,save,assisted,right-foot,false
2026,Norway vs France,,Norway,Oscar Bobb,72,11.8,60.5,0.2901,save,assisted,left-foot,false
2026,Norway vs France,,France,Manu Koné,4,15.5,60.8,0.1125,save,regular,right-foot,false
2026,Norway vs France,,Norway,Oscar Bobb,64,13.3,69.5,0.025,block,assisted,left-foot,false
2026,Norway vs France,,France,Kylian Mbappé,64,14.4,46.4,0.0773,block,regular,right-foot,false
2026,Norway vs France,,France,Kylian Mbappé,1,6.3,74,0.0377,save,fast-break,right-foot,false
2026,Norway vs France,,Norway,Thelo Aasgaard,21,14.7,44.6,0.1029,goal,assisted,right-foot,true
2026,Norway vs France,,France,Michael Olise,13,9.8,38.7,0.1422,block,assisted,left-foot,false
2026,Norway vs France,,France,Kylian Mbappé,56,21.3,39.1,0.0401,miss,assisted,right-foot,false
2026,Norway vs Senegal,,Norway,Martin Ødegaard,42,18.9,52.3,0.067,block,assisted,left-foot,false
2026,Norway vs Senegal,,Senegal,Lamine Camara,56,17.3,58.1,0.1096,miss,assisted,right-foot,false
2026,Norway vs Senegal,,Norway,Erling Haaland,58,9,44.9,0.303,goal,assisted,right-foot,true
2026,Norway vs Senegal,,Norway,Erling Haaland,45,5.1,71.6,0.1883,post,regular,left-foot,false
2026,Norway vs Senegal,,Norway,Marcus Pedersen,43,11,65,0.0473,goal,regular,right-foot,true
2026,Norway vs Senegal,,Norway,Oscar Bobb,90,10.8,51.9,0.183,save,regular,left-foot,false
2026,Norway vs Senegal,,Senegal,Pape Matar Sarr,90,29.4,65.4,0.0156,miss,regular,right-foot,false
2026,Norway vs Senegal,,Senegal,Ismaïla Sarr,45,8.9,53,0.0956,save,assisted,right-foot,false
2026,Norway vs Senegal,,Norway,Antonio Nusa,58,13.9,49.3,0.0771,block,assisted,right-foot,false
2026,Norway vs Senegal,,Norway,Martin Ødegaard,37,10.2,44.4,0.5534,save,assisted,left-foot,false
2026,Norway vs Senegal,,Senegal,Nicolas Jackson,52,7.6,45.6,0.0912,save,assisted,head,false
2026,Norway vs Senegal,,Senegal,Nicolas Jackson,28,10.2,27.4,0.0286,miss,assisted,right-foot,false
2026,Norway vs Senegal,,Senegal,Ismaïla Sarr,90,10,47.6,0.2516,goal,assisted,right-foot,true
2026,Norway vs Senegal,,Norway,Martin Ødegaard,14,12.5,59.9,0.1114,miss,assisted,left-foot,false
2026,Norway vs Senegal,,Senegal,Ibrahim Mbaye,90,12.9,31.4,0.0391,block,assisted,right-foot,false
2026,Norway vs Senegal,,Senegal,Idrissa Gana Gueye,8,26.3,45,0.0125,block,throw-in-set-piece,right-foot,false
2026,Norway vs Senegal,,Norway,Antonio Nusa,2,18.4,32.3,0.0204,miss,corner,right-foot,false
2026,Norway vs Senegal,,Senegal,Lamine Camara,41,29.4,40.7,0.0154,miss,assisted,right-foot,false
2026,Norway vs Senegal,,Norway,Kristoffer Ajer,3,4.8,48.7,0.1995,save,corner,head,false
2026,Norway vs Senegal,,Senegal,Ismaïla Sarr,74,11.9,47.9,0.0773,block,assisted,right-foot,false
2026,Norway vs Senegal,,Senegal,Pape Matar Sarr,81,23.4,60.9,0.0363,miss,regular,right-foot,false
2026,Norway vs Senegal,,Norway,Erling Haaland,45,9.4,58.5,0.031,save,assisted,head,false
2026,Norway vs Senegal,,Senegal,Ismaïla Sarr,90,3.6,46.4,0.459,miss,corner,head,false
2026,Norway vs Senegal,,Norway,Erling Haaland,48,12.5,41.3,0.1584,goal,fast-break,left-foot,true
2026,Norway vs Senegal,,Senegal,Nicolas Jackson,17,9,35.6,0.1255,block,assisted,left-foot,false
2026,Norway vs Senegal,,Senegal,Idrissa Gana Gueye,39,23.8,67.1,0.04,miss,assisted,right-foot,false
2026,Norway vs Senegal,,Senegal,Ismaïla Sarr,53,8.1,53.8,0.1907,goal,assisted,right-foot,true
2026,Norway vs Senegal,,Senegal,Ismaïla Sarr,83,8.5,51.2,0.1096,block,assisted,left-foot,false
2026,Norway vs Senegal,,Norway,Erling Haaland,88,10.1,38.5,0.1587,block,assisted,left-foot,false
2026,Panama vs Croatia,,Panama,José Luis Rodríguez,78,21.2,36.6,0.0616,miss,assisted,left-foot,false
2026,Panama vs Croatia,,Panama,José Fajardo,60,8.3,51.7,0.1961,miss,assisted,head,false
2026,Panama vs Croatia,,Croatia,Martin Baturina,45,24.8,31.3,0.0189,miss,assisted,right-foot,false
2026,Panama vs Croatia,,Croatia,Marco Pašalić,57,14.2,45.2,0.5078,save,fast-break,left-foot,false
2026,Panama vs Croatia,,Panama,Amir Murillo,4,14.4,34.6,0.055,block,set-piece,right-foot,false
2026,Panama vs Croatia,,Panama,Amir Murillo,68,13,71.6,0.0273,save,regular,right-foot,false
2026,Panama vs Croatia,,Croatia,Marco Pašalić,57,3.2,37.8,0.4767,miss,fast-break,left-foot,false
2026,Panama vs Croatia,,Panama,Amir Murillo,90,26.4,53.2,0.0535,miss,free-kick,right-foot,false
2026,Panama vs Croatia,,Croatia,Ante Budimir,54,5.2,47.2,0.8001,goal,assisted,left-foot,true
2026,Panama vs Croatia,,Panama,Carlos Harvey,68,6.3,47.2,0.1048,miss,corner,head,false
2026,Panama vs Croatia,,Croatia,Luka Sučić,82,24,36.6,0.0362,block,free-kick,left-foot,false
2026,Panama vs Croatia,,Panama,Cecilio Waterman,84,15.3,76,0.019,block,assisted,right-foot,false
2026,Panama vs Croatia,,Panama,Carlos Harvey,79,5.1,75,0.0189,miss,corner,right-foot,false
2026,Panama vs Croatia,,Croatia,Luka Modrić,2,9.7,66.7,0.0345,miss,assisted,head,false
2026,Panama vs England,,England,Harry Kane,67,6.3,52.2,0.1807,goal,assisted,head,true
2026,Panama vs England,,Panama,José Fajardo,90,9.2,46.2,0.0961,miss,assisted,head,false
2026,Panama vs England,,Panama,Ismael Díaz,90,28.5,47.4,0.0224,miss,assisted,right-foot,false
2026,Panama vs England,,Panama,Amir Murillo,76,6.7,54.9,0.2181,block,corner,right-foot,false
2026,Panama vs England,,Panama,Amir Murillo,64,14,62.2,0.0414,miss,assisted,right-foot,false
2026,Panama vs England,,England,Noni Madueke,90,8.3,62.5,0.1838,save,regular,right-foot,false
2026,Panama vs England,,England,Harry Kane,66,13.8,38.8,0.1206,block,assisted,left-foot,false
2026,Panama vs England,,England,Marcus Rashford,38,4.6,41.1,0.0903,miss,regular,head,false
2026,Panama vs England,,England,Eberechi Eze,90,26.3,50.1,0.0358,block,assisted,left-foot,false
2026,Panama vs England,,England,Marcus Rashford,8,20.2,30.7,0.0155,save,assisted,right-foot,false
2026,Panama vs England,,Panama,Amir Murillo,76,7.3,58.2,0.0586,block,corner,right-foot,false
2026,Panama vs England,,England,Bukayo Saka,22,15,52.6,0.0635,block,assisted,left-foot,false
2026,Panama vs England,,Panama,Ismael Díaz,74,8.4,44.2,0.117,miss,assisted,head,false
2026,Panama vs England,,England,Marcus Rashford,87,6.6,35.2,0.0624,miss,assisted,right-foot,false
2026,Panama vs England,,England,Marcus Rashford,45,28.2,51.3,0.0371,miss,free-kick,right-foot,false
2026,Panama vs England,,Panama,Azarias Londoño,74,20.7,76.8,0.0155,miss,regular,left-foot,false
2026,Panama vs England,,England,Jude Bellingham,62,7.7,47.4,0.0983,goal,corner,left-foot,true
2026,Panama vs England,,Panama,Carlos Harvey,28,5,67,0.0549,miss,throw-in-set-piece,right-foot,false
2026,Panama vs England,,England,Nico O'Reilly,33,8.9,45.6,0.1849,miss,assisted,head,false
2026,Panama vs England,,Panama,Ismael Díaz,76,15.8,53.6,0.0666,miss,corner,right-foot,false
2026,Panama vs England,,Panama,José Luis Rodríguez,26,13.4,33.4,0.0635,save,assisted,left-foot,false
2026,Panama vs England,,England,Harry Kane,57,13.9,65,0.176,save,fast-break,right-foot,false
2026,Panama vs England,,Panama,Éric Davis,90,0.5,99.5,0.0098,miss,corner,left-foot,false
2026,Panama vs England,,England,Bukayo Saka,15,10.8,71.7,0.0205,miss,assisted,left-foot,false
2026,Panama vs England,,Panama,Carlos Harvey,76,9.7,46.8,0.0346,block,corner,head,false
2026,Panama vs England,,Panama,Ismael Díaz,75,7.1,66.2,0.0471,block,regular,right-foot,false
2026,Panama vs England,,England,Marcus Rashford,55,5.1,30.5,0.0499,miss,fast-break,left-foot,false
2026,Panama vs England,,England,Elliot Anderson,35,27.8,51.6,0.0276,save,assisted,right-foot,false
2026,Panama vs England,,England,Jude Bellingham,22,32.7,80.8,0.0154,miss,regular,right-foot,false
2026,Panama vs England,,Panama,Tomás Rodríguez,1,23.2,40,0.0301,save,regular,right-foot,false
2026,Panama vs England,,England,Bukayo Saka,8,10.8,60.3,0.0355,miss,corner,right-foot,false
2026,Panama vs England,,Panama,José Luis Rodríguez,56,26.4,37.5,0.0291,miss,assisted,right-foot,false
2026,Paraguay vs Australia,,Australia,Ajdin Hrustić,61,20.1,60.1,0.0416,block,assisted,left-foot,false
2026,Paraguay vs Australia,,Paraguay,Andrés Cubas,48,25.1,67.1,0.0245,miss,throw-in-set-piece,right-foot,false
2026,Paraguay vs Australia,,Paraguay,Julio Enciso,82,20.9,32.1,0.0227,block,assisted,right-foot,false
2026,Paraguay vs Australia,,Australia,Jackson Irvine,4,6.1,66.4,0.0852,save,assisted,right-foot,false
2026,Paraguay vs Australia,,Paraguay,Mauricio,90,15,48.7,0.0653,save,assisted,left-foot,false
2026,Paraguay vs Australia,,Australia,Jordan Bos,83,8.5,59.5,0.0753,save,assisted,left-foot,false
2026,Paraguay vs Australia,,Australia,Aiden O'Neill,10,22.6,27,0.0178,miss,throw-in-set-piece,right-foot,false
2026,Paraguay vs Australia,,Australia,Tete Yengi,90,10.2,65.2,0.0663,save,assisted,right-foot,false
2026,Paraguay vs Australia,,Australia,Jordan Bos,90,12,69.3,0.0604,miss,assisted,left-foot,false
2026,Paraguay vs Australia,,Paraguay,Mauricio,50,27.8,52.8,0.0405,save,fast-break,right-foot,false
2026,Paraguay vs Australia,,Australia,Jordan Bos,36,25.9,63.4,0.0213,save,assisted,left-foot,false
2026,Paraguay vs Australia,,Paraguay,Gabriel Ávalos,38,12.5,40,0.0498,miss,throw-in-set-piece,right-foot,false
2026,Paraguay vs Australia,,Australia,Connor Metcalfe,23,26.8,40.3,0.0148,block,assisted,left-foot,false
2026,Paraguay vs Australia,,Australia,Nestory Irankunda,60,29.7,44.4,0.0223,block,fast-break,right-foot,false
2026,Paraguay vs Australia,,Australia,Nestory Irankunda,59,8.6,74.6,0.0486,miss,assisted,right-foot,false
2026,Paraguay vs Australia,,Australia,Jackson Irvine,45,9.4,54.6,0.1009,miss,assisted,head,false
2026,Paraguay vs Australia,,Australia,Cristian Volpato,45,13.1,75.6,0.023,save,assisted,left-foot,false
2026,Paraguay vs Australia,,Paraguay,Julio Enciso,82,16.9,35.2,0.0444,miss,assisted,right-foot,false
2026,Paraguay vs Australia,,Paraguay,Juan Cáceres,46,36.2,81.4,0.0039,miss,regular,right-foot,false
2026,Paraguay vs France,Round of 16,Paraguay,Mauricio,90,24,50.8,0.047,save,assisted,right-foot,false
2026,Paraguay vs France,Round of 16,France,Adrien Rabiot,45,23.7,41.9,0.0416,block,assisted,left-foot,false
2026,Paraguay vs France,Round of 16,France,Kylian Mbappé,40,6.3,65.7,0.0056,miss,corner,other,false
2026,Paraguay vs France,Round of 16,Paraguay,Diego Gómez,28,26,62,0.0385,miss,regular,right-foot,false
2026,Paraguay vs France,Round of 16,France,Adrien Rabiot,49,27.2,62.6,0.0235,miss,assisted,left-foot,false
2026,Paraguay vs France,Round of 16,France,Manu Koné,43,22.1,36.6,0.0297,miss,assisted,right-foot,false
2026,Paraguay vs France,Round of 16,France,Ousmane Dembélé,52,3.5,33.9,0.0267,miss,corner,right-foot,false
2026,Paraguay vs France,Round of 16,France,Adrien Rabiot,33,28.3,46.7,0.0241,miss,assisted,left-foot,false
2026,Paraguay vs France,Round of 16,France,Kylian Mbappé,70,11.5,50,0.7884,goal,penalty,right-foot,true
2026,Paraguay vs France,Round of 16,France,Manu Koné,54,26.6,31.6,0.0188,save,assisted,right-foot,false
2026,Paraguay vs France,Round of 16,France,Kylian Mbappé,89,20.6,36,0.0529,save,fast-break,right-foot,false
2026,Paraguay vs France,Round of 16,France,Manu Koné,22,26.8,59.9,0.0277,block,assisted,left-foot,false
2026,Paraguay vs France,Round of 16,France,Désiré Doué,90,17.6,28.2,0.0306,block,fast-break,right-foot,false
2026,Paraguay vs France,Round of 16,Paraguay,Junior Alonso,28,27.9,36.6,0.0152,miss,assisted,left-foot,false
2026,Paraguay vs France,Round of 16,France,Ousmane Dembélé,38,14.7,74.6,0.0255,block,assisted,left-foot,false
2026,Paraguay vs France,Round of 16,France,Jules Koundé,36,15.8,59.9,0.0367,save,corner,left-foot,false
2026,Paraguay vs France,Round of 16,France,Kylian Mbappé,90,10.8,41.4,0.1339,save,regular,left-foot,false
2026,Paraguay vs France,Round of 16,France,Kylian Mbappé,64,27.2,33.6,0.0208,miss,assisted,right-foot,false
2026,Paraguay vs France,Round of 16,France,Kylian Mbappé,90,14.6,43.2,0.1094,save,assisted,left-foot,false
2026,Paraguay vs France,Round of 16,France,Bradley Barcola,60,24,38.8,0.0253,miss,assisted,right-foot,false
2026,Paraguay vs France,Round of 16,Paraguay,Miguel Almirón,50,12.6,73.2,0.0182,block,regular,left-foot,false
2026,Paraguay vs France,Round of 16,Paraguay,Junior Alonso,87,20.7,36.6,0.0319,miss,throw-in-set-piece,left-foot,false
2026,Portugal vs Croatia,Round of 32,Portugal,Rafael Leão,64,5,46.8,0.2219,miss,corner,right-foot,false
2026,Portugal vs Croatia,Round of 32,Portugal,Bruno Fernandes,4,4.3,44.5,0.328,block,regular,right-foot,false
2026,Portugal vs Croatia,Round of 32,Portugal,Rafael Leão,45,7.5,33.6,0.048,miss,regular,right-foot,false
2026,Portugal vs Croatia,Round of 32,Croatia,Mateo Kovačić,75,17.3,50.5,0.0776,save,assisted,right-foot,false
2026,Portugal vs Croatia,Round of 32,Croatia,Igor Matanović,90,5.5,44.8,0.1059,block,corner,head,false
2026,Portugal vs Croatia,Round of 32,Croatia,Igor Matanović,76,8.7,49.2,0.0682,miss,corner,head,false
2026,Portugal vs Croatia,Round of 32,Portugal,Renato Veiga,87,5.4,50.1,0.1883,miss,corner,head,false
2026,Portugal vs Croatia,Round of 32,Croatia,Mateo Kovačić,48,9.1,36.8,0.1401,save,assisted,left-foot,false
2026,Portugal vs Croatia,Round of 32,Croatia,Ante Budimir,3,13.3,38.3,0.1251,miss,assisted,left-foot,false
2026,Portugal vs Croatia,Round of 32,Portugal,Cristiano Ronaldo,13,27.1,36.4,0.0339,block,free-kick,right-foot,false
2026,Portugal vs Croatia,Round of 32,Portugal,João Neves,24,3.8,39.7,0.1345,miss,corner,left-foot,false
2026,Portugal vs Croatia,Round of 32,Croatia,Igor Matanović,90,14.7,49.4,0.0172,miss,assisted,head,false
2026,Portugal vs Croatia,Round of 32,Portugal,Francisco Conceição,90,12.3,67.9,0.0403,miss,assisted,left-foot,false
2026,Portugal vs Croatia,Round of 32,Portugal,Cristiano Ronaldo,68,11.5,50,0.7884,goal,penalty,right-foot,true
2026,Portugal vs Croatia,Round of 32,Croatia,Ante Budimir,10,13.1,48.3,0.0398,miss,assisted,head,false
2026,Portugal vs Croatia,Round of 32,Portugal,João Cancelo,7,20,50.3,0.0381,miss,corner,right-foot,false
2026,Portugal vs Croatia,Round of 32,Croatia,Mario Pašalić,89,5.5,45.6,0.1571,miss,assisted,head,false
2026,Portugal vs Croatia,Round of 32,Croatia,Martin Baturina,28,19.1,34.6,0.0452,block,assisted,left-foot,false
2026,Portugal vs Croatia,Round of 32,Croatia,Nikola Vlašić,49,15.3,36.2,0.0161,miss,corner,right-foot,false
2026,Portugal vs Croatia,Round of 32,Portugal,Cristiano Ronaldo,30,5,49,0.3902,miss,assisted,head,false
2026,Portugal vs Croatia,Round of 32,Portugal,Renato Veiga,16,6.3,47,0.1429,miss,corner,head,false
2026,Portugal vs Croatia,Round of 32,Portugal,Vitinha,4,21.4,49.8,0.0307,block,regular,right-foot,false
2026,Portugal vs Croatia,Round of 32,Portugal,Rafael Leão,58,20.4,38.2,0.0635,post,assisted,right-foot,false
2026,Portugal vs Croatia,Round of 32,Portugal,Gonçalo Ramos,90,4.7,41.7,0.0591,miss,corner,head,false
2026,Portugal vs Croatia,Round of 32,Portugal,Nuno Mendes,34,24.2,48.1,0.0228,block,corner,right-foot,false
2026,Portugal vs Croatia,Round of 32,Croatia,Igor Matanović,77,4,63.5,0.2298,save,regular,right-foot,false
2026,Portugal vs Croatia,Round of 32,Croatia,Mateo Kovačić,75,23.3,55.8,0.036,save,assisted,right-foot,false
2026,Portugal vs Croatia,Round of 32,Portugal,Bruno Fernandes,4,12.6,45.6,0.2866,save,assisted,right-foot,false
2026,Portugal vs Croatia,Round of 32,Croatia,Petar Sučić,59,13.8,38.5,0.084,save,assisted,right-foot,false
2026,Portugal vs Croatia,Round of 32,Croatia,Ivan Perišić,53,8.2,36.4,0.2144,goal,regular,left-foot,true
2026,Portugal vs Croatia,Round of 32,Portugal,Gonçalo Ramos,90,9.1,50.9,0.0726,goal,assisted,head,true
2026,Portugal vs DR Congo,,DR Congo,Steve Kapuadi,63,6.6,51.5,0.1873,miss,throw-in-set-piece,head,false
2026,Portugal vs DR Congo,,Portugal,Bruno Fernandes,90,22.8,63.8,0.0365,miss,assisted,left-foot,false
2026,Portugal vs DR Congo,,Portugal,João Neves,6,10.1,46.8,0.0524,goal,assisted,head,true
2026,Portugal vs DR Congo,,Portugal,Cristiano Ronaldo,74,8.8,52.9,0.1765,miss,assisted,right-foot,false
2026,Portugal vs DR Congo,,DR Congo,Samuel Moutoussamy,45,24,46.9,0.033,block,fast-break,left-foot,false
2026,Portugal vs DR Congo,,DR Congo,Cédric Bakambu,84,25.8,41.2,0.0137,miss,assisted,left-foot,false
2026,Portugal vs DR Congo,,DR Congo,Samuel Moutoussamy,45,25,61.7,0.0358,block,assisted,left-foot,false
2026,Portugal vs DR Congo,,DR Congo,Cédric Bakambu,77,17.8,46.2,0.135,miss,fast-break,right-foot,false
2026,Portugal vs DR Congo,,DR Congo,Cédric Bakambu,14,20.1,65.2,0.0359,block,assisted,right-foot,false
2026,Portugal vs DR Congo,,Portugal,Cristiano Ronaldo,68,8.6,55.8,0.2423,miss,assisted,right-foot,false
2026,Portugal vs DR Congo,,Portugal,Francisco Conceição,78,10.1,65.8,0.074,block,assisted,left-foot,false
2026,Portugal vs DR Congo,,Portugal,Cristiano Ronaldo,90,9,51.2,0.0414,miss,assisted,other,false
2026,Portugal vs DR Congo,,Portugal,Bruno Fernandes,18,14.7,27.6,0.0281,miss,regular,left-foot,false
2026,Portugal vs DR Congo,,DR Congo,Yoane Wissa,11,19.5,63.4,0.0226,miss,regular,left-foot,false
2026,Portugal vs DR Congo,,DR Congo,Yoane Wissa,45,5.5,46.6,0.3501,goal,corner,head,true
2026,Portugal vs DR Congo,,Portugal,Bruno Fernandes,39,25.1,32.5,0.0171,block,assisted,right-foot,false
2026,Portugal vs DR Congo,,DR Congo,Edo Kayembe,33,24.6,34.4,0.0302,save,assisted,left-foot,false
2026,Portugal vs Spain,Round of 16,Portugal,Cristiano Ronaldo,12,8.5,69.9,0.0227,save,assisted,right-foot,false
2026,Portugal vs Spain,Round of 16,Spain,Lamine Yamal,62,23.8,39.3,0.0223,block,corner,left-foot,false
2026,Portugal vs Spain,Round of 16,Spain,Mikel Merino,90,12.1,43.3,0.5504,goal,assisted,left-foot,true
2026,Portugal vs Spain,Round of 16,Spain,Lamine Yamal,16,13.6,67.7,0.0582,save,fast-break,left-foot,false
2026,Portugal vs Spain,Round of 16,Portugal,Bruno Fernandes,76,11.3,63.8,0.0333,miss,regular,right-foot,false
2026,Portugal vs Spain,Round of 16,Portugal,João Cancelo,7,15,76.5,0.0318,miss,assisted,right-foot,false
2026,Portugal vs Spain,Round of 16,Portugal,Vitinha,76,27.4,42.1,0.0193,block,assisted,right-foot,false
2026,Portugal vs Spain,Round of 16,Spain,Ferran Torres,77,1.2,68.3,0.0155,miss,assisted,right-foot,false
2026,Portugal vs Spain,Round of 16,Spain,Pedro Porro,23,28.1,50.1,0.0108,miss,set-piece,right-foot,false
2026,Portugal vs Spain,Round of 16,Portugal,Cristiano Ronaldo,59,4.3,63.7,0.088,miss,assisted,right-foot,false
2026,Portugal vs Spain,Round of 16,Spain,Alex Baena,14,20.8,29.6,0.0222,miss,regular,right-foot,false
2026,Portugal vs Spain,Round of 16,Spain,Pedri,61,19.1,48.9,0.0371,block,assisted,right-foot,false
2026,Portugal vs Spain,Round of 16,Spain,Alex Baena,65,16.5,36.4,0.0832,save,regular,left-foot,false
2026,Portugal vs Spain,Round of 16,Portugal,Nuno Mendes,41,17.6,72,0.03,block,corner,left-foot,false
2026,Portugal vs Spain,Round of 16,Spain,Alex Baena,16,14.2,32.3,0.0665,save,fast-break,right-foot,false
2026,Portugal vs Spain,Round of 16,Spain,Mikel Oyarzabal,3,23.5,40.3,0.0451,save,regular,left-foot,false
2026,Portugal vs Spain,Round of 16,Portugal,João Félix,37,2.2,40,0.06,save,assisted,head,false
2026,Portugal vs Spain,Round of 16,Spain,Lamine Yamal,73,16.9,82.7,0.042,save,free-kick,left-foot,false
2026,Portugal vs Spain,Round of 16,Portugal,Bernardo Silva,90,7,50.1,0.161,miss,assisted,head,false
2026,Portugal vs Spain,Round of 16,Spain,Mikel Oyarzabal,8,13.9,41.7,0.6143,miss,fast-break,left-foot,false
2026,Portugal vs Spain,Round of 16,Spain,Dani Olmo,78,13.1,67.7,0.0414,block,assisted,right-foot,false
2026,Portugal vs Spain,Round of 16,Portugal,Pedro Neto,10,27,51.3,0.01,block,corner,left-foot,false
2026,Portugal vs Spain,Round of 16,Spain,Dani Olmo,31,8.5,56.6,0.1466,miss,corner,head,false
2026,Portugal vs Spain,Round of 16,Spain,Rodri,45,27.9,58.6,0.0224,miss,assisted,right-foot,false
2026,Portugal vs Spain,Round of 16,Portugal,Cristiano Ronaldo,37,4.8,42.7,0.1669,save,regular,right-foot,false
2026,Portugal vs Spain,Round of 16,Portugal,João Neves,90,11.4,59.1,0.0334,miss,set-piece,head,false
2026,Portugal vs Uzbekistan,,Portugal,Cristiano Ronaldo,73,9.1,44.6,0.0722,block,assisted,left-foot,false
2026,Portugal vs Uzbekistan,,Portugal,João Félix,60,2.3,56.4,0.1722,save,corner,right-foot,false
2026,Portugal vs Uzbekistan,,Portugal,Cristiano Ronaldo,58,10.1,49,0.3245,save,set-piece,right-foot,false
2026,Portugal vs Uzbekistan,,Uzbekistan,Otabek Shukurov,43,26.9,50.5,0.0249,miss,assisted,right-foot,false
2026,Portugal vs Uzbekistan,,Portugal,Abduvokhid Nematov,60,1.1,53,,goal,corner,other,false
2026,Portugal vs Uzbekistan,,Portugal,João Félix,47,26.3,36.4,0.0268,miss,regular,right-foot,false
2026,Portugal vs Uzbekistan,,Uzbekistan,Abbosbek Fayzullaev,52,13.6,33.6,0.0222,save,assisted,right-foot,false
2026,Portugal vs Uzbekistan,,Portugal,Cristiano Ronaldo,4,9.4,54.8,0.4029,miss,assisted,right-foot,false
2026,Portugal vs Uzbekistan,,Portugal,João Cancelo,11,19.2,64.4,0.04,block,set-piece,right-foot,false
2026,Portugal vs Uzbekistan,,Portugal,Francisco Trincão,90,14.2,43.6,0.0796,miss,set-piece,left-foot,false
2026,Portugal vs Uzbekistan,,Portugal,João Félix,60,2.3,56.4,0.1988,miss,corner,right-foot,false
2026,Portugal vs Uzbekistan,,Uzbekistan,Sherzod Nasrullaev,19,11.9,29.5,0.0757,save,assisted,left-foot,false
2026,Portugal vs Uzbekistan,,Portugal,Rafael Leão,87,14.1,46.8,0.1662,goal,regular,right-foot,true
2026,Portugal vs Uzbekistan,,Uzbekistan,Azizjon Ganiev,62,22.1,62.1,0.0114,block,corner,right-foot,false
2026,Portugal vs Uzbekistan,,Portugal,Nuno Mendes,17,18.2,52.8,0.1729,goal,free-kick,left-foot,true
2026,Portugal vs Uzbekistan,,Portugal,João Félix,42,10.1,33.7,0.1481,miss,assisted,left-foot,false
2026,Portugal vs Uzbekistan,,Uzbekistan,Odiljon Khamrobekov,45,15.7,50.2,0.053,block,assisted,right-foot,false
2026,Portugal vs Uzbekistan,,Portugal,Cristiano Ronaldo,6,7.7,53.6,0.1723,goal,assisted,right-foot,true
2026,Portugal vs Uzbekistan,,Portugal,Cristiano Ronaldo,39,9.8,67.4,0.1903,goal,fast-break,right-foot,true
2026,Portugal vs Uzbekistan,,Uzbekistan,Eldor Shomurodov,78,14.7,66.7,0.0388,miss,assisted,right-foot,false
2026,Portugal vs Uzbekistan,,Portugal,Cristiano Ronaldo,74,12.9,53.4,0.1776,save,regular,left-foot,false
2026,Portugal vs Uzbekistan,,Portugal,Cristiano Ronaldo,45,7.9,52.1,0.1395,save,assisted,right-foot,false
2026,Portugal vs Uzbekistan,,Uzbekistan,Otabek Shukurov,55,22.2,47.4,0.0255,block,assisted,left-foot,false
2026,Portugal vs Uzbekistan,,Portugal,Bruno Fernandes,2,11.3,52.3,0.0935,block,throw-in-set-piece,left-foot,false
2026,Portugal vs Uzbekistan,,Portugal,Vitinha,21,22.5,50.3,0.0235,miss,throw-in-set-piece,right-foot,false
2026,Portugal vs Uzbekistan,,Uzbekistan,Azizjon Ganiev,29,21.4,66.4,0.0331,goal,regular,right-foot,true
2026,Portugal vs Uzbekistan,,Portugal,Bruno Fernandes,84,26.7,63.2,0.027,save,assisted,right-foot,false
2026,Qatar vs Switzerland,,Switzerland,Dan Ndoye,51,3.2,66.2,0.0403,miss,assisted,right-foot,false
2026,Qatar vs Switzerland,,Qatar,Ahmed Alaaeldin,90,16,44.8,0.1683,save,assisted,right-foot,false
2026,Qatar vs Switzerland,,Switzerland,Denis Zakaria,45,11.7,44.5,0.0659,block,assisted,right-foot,false
2026,Qatar vs Switzerland,,Switzerland,Rubén Vargas,21,19.4,20.1,0.0155,block,assisted,right-foot,false
2026,Qatar vs Switzerland,,Switzerland,Nico Elvedi,63,10.5,56.9,0.0494,block,set-piece,left-foot,false
2026,Qatar vs Switzerland,,Qatar,Miro Muheim,90,6.8,52.6,,goal,regular,head,false
2026,Qatar vs Switzerland,,Switzerland,Zeki Amdouni,90,22.9,38.8,0.0189,block,assisted,right-foot,false
2026,Qatar vs Switzerland,,Switzerland,Breel Embolo,1,19.5,49.3,0.0593,block,assisted,right-foot,false
2026,Qatar vs Switzerland,,Switzerland,Rubén Vargas,45,6.8,60,0.2418,miss,assisted,right-foot,false
2026,Qatar vs Switzerland,,Switzerland,Denis Zakaria,21,5.4,66.1,0.1949,save,assisted,right-foot,false
2026,Qatar vs Switzerland,,Switzerland,Ardon Jashari,90,20.8,32.1,0.0107,miss,corner,left-foot,false
2026,Qatar vs Switzerland,,Switzerland,Granit Xhaka,67,20.1,33.6,0.0354,miss,assisted,left-foot,false
2026,Qatar vs Switzerland,,Switzerland,Breel Embolo,76,7.2,32.7,0.2845,miss,assisted,right-foot,false
2026,Qatar vs Switzerland,,Switzerland,Manuel Akanji,12,7,46.4,0.285,save,set-piece,left-foot,false
2026,Qatar vs Switzerland,,Qatar,Issa Laye,30,8,50.3,0.079,miss,corner,head,false
2026,Qatar vs Switzerland,,Qatar,Karim Boudiaf,75,26.5,32.8,0.0199,miss,assisted,right-foot,false
2026,Qatar vs Switzerland,,Switzerland,Rubén Vargas,75,11,32.7,0.1048,save,assisted,right-foot,false
2026,Qatar vs Switzerland,,Switzerland,Breel Embolo,17,11.5,50,0.7884,goal,penalty,right-foot,true
2026,Qatar vs Switzerland,,Switzerland,Dan Ndoye,45,10.3,35.2,0.0501,save,assisted,left-foot,false
2026,Qatar vs Switzerland,,Switzerland,Rubén Vargas,45,6.8,60,0.2394,save,assisted,right-foot,false
2026,Qatar vs Switzerland,,Switzerland,Johan Manzambi,81,27.1,37.6,0.024,miss,assisted,right-foot,false
2026,Qatar vs Switzerland,,Qatar,Homam Al-Amin,44,26.6,36.8,0.0044,miss,corner,left-foot,false
2026,Qatar vs Switzerland,,Switzerland,Granit Xhaka,49,25.9,67.8,0.0189,miss,corner,left-foot,false
2026,Qatar vs Switzerland,,Qatar,Edmilson Junior,43,12,62.4,0.0555,save,assisted,right-foot,false
2026,Qatar vs Switzerland,,Switzerland,Dan Ndoye,6,13,66.1,0.0251,save,assisted,right-foot,false
2026,Qatar vs Switzerland,,Switzerland,Fabian Rieder,72,16.4,48.6,0.0543,block,assisted,right-foot,false
2026,Qatar vs Switzerland,,Switzerland,Dan Ndoye,35,9.4,66.9,0.0408,miss,assisted,right-foot,false
2026,Qatar vs Switzerland,,Switzerland,Breel Embolo,42,11.4,53.6,0.0874,block,corner,right-foot,false
2026,Qatar vs Switzerland,,Switzerland,Johan Manzambi,85,19.1,49,0.0398,block,assisted,left-foot,false
2026,Qatar vs Switzerland,,Switzerland,Dan Ndoye,34,13,72.2,0.0209,block,assisted,left-foot,false
2026,Qatar vs Switzerland,,Switzerland,Nico Elvedi,48,3.9,47.7,0.2643,miss,set-piece,head,false
2026,Qatar vs Switzerland,,Switzerland,Rubén Vargas,24,9.7,14.6,0.0397,block,free-kick,right-foot,false
2026,Qatar vs Switzerland,,Switzerland,Michel Aebischer,45,12.9,54.8,0.2022,save,assisted,right-foot,false
2026,Qatar vs Switzerland,,Qatar,Edmilson Junior,2,8.8,35.6,0.3124,save,regular,right-foot,false
2026,Qatar vs Switzerland,,Switzerland,Dan Ndoye,10,11.1,47.2,0.2222,miss,assisted,left-foot,false
2026,Saudi Arabia vs Uruguay,,Uruguay,Federico Valverde,90,14.7,70.9,0.015,block,assisted,right-foot,false
2026,Saudi Arabia vs Uruguay,,Saudi Arabia,Abdulelah Al-Amri,38,8.3,37.6,0.0261,miss,corner,head,false
2026,Saudi Arabia vs Uruguay,,Uruguay,Agustín Canobbio,59,10.3,62.4,0.0198,miss,assisted,other,false
2026,Saudi Arabia vs Uruguay,,Saudi Arabia,Abdullah Al-Khaibari,39,24.6,30.7,0.0254,miss,throw-in-set-piece,right-foot,false
2026,Saudi Arabia vs Uruguay,,Uruguay,Federico Viñas,46,11.1,55.6,0.0388,save,assisted,head,false
2026,Saudi Arabia vs Uruguay,,Uruguay,Federico Viñas,50,8.7,47.5,0.0591,miss,corner,head,false
2026,Saudi Arabia vs Uruguay,,Saudi Arabia,Mohamed Kanno,40,9.4,48.1,0.0893,save,corner,head,false
2026,Saudi Arabia vs Uruguay,,Uruguay,Guillermo Varela,67,20.4,62.4,0.0283,block,set-piece,right-foot,false
2026,Saudi Arabia vs Uruguay,,Uruguay,Brian Rodríguez,90,21.9,24.8,0.0294,save,assisted,right-foot,false
2026,Saudi Arabia vs Uruguay,,Uruguay,Maximiliano Araújo,5,18.7,36.2,0.0612,save,assisted,left-foot,false
2026,Saudi Arabia vs Uruguay,,Uruguay,Manuel Ugarte,60,24.8,62.2,0.0174,save,assisted,right-foot,false
2026,Saudi Arabia vs Uruguay,,Uruguay,Darwin Núñez,45,4.8,44.4,0.1222,miss,corner,head,false
2026,Saudi Arabia vs Uruguay,,Saudi Arabia,Abdulelah Al-Amri,38,10.4,45.9,0.07,save,corner,right-foot,false
2026,Saudi Arabia vs Uruguay,,Saudi Arabia,Salem Al-Dawsari,18,21.9,26.4,0.0299,miss,regular,right-foot,false
2026,Saudi Arabia vs Uruguay,,Uruguay,Mathías Olivera,54,9.9,48.3,0.0488,block,corner,head,false
2026,Saudi Arabia vs Uruguay,,Uruguay,Manuel Ugarte,54,23.7,43.6,0.0145,miss,corner,right-foot,false
2026,Saudi Arabia vs Uruguay,,Uruguay,Federico Viñas,5,9.2,53,0.049,block,corner,head,false
2026,Saudi Arabia vs Uruguay,,Uruguay,Sebastián Cáceres,83,7.1,54.4,0.0949,miss,corner,head,false
2026,Saudi Arabia vs Uruguay,,Uruguay,Nicolás de la Cruz,79,22.5,60.1,0.0516,block,assisted,left-foot,false
2026,Saudi Arabia vs Uruguay,,Uruguay,Maximiliano Araújo,80,4.1,37.7,0.1751,goal,regular,left-foot,true
2026,Saudi Arabia vs Uruguay,,Uruguay,Sebastián Cáceres,90,9.2,58.6,0.0324,miss,corner,head,false
2026,Saudi Arabia vs Uruguay,,Uruguay,Mathías Olivera,90,7.3,59.2,0.0586,miss,assisted,head,false
2026,Saudi Arabia vs Uruguay,,Saudi Arabia,Mohamed Kanno,87,26.6,57.9,0.0197,block,regular,right-foot,false
2026,Saudi Arabia vs Uruguay,,Uruguay,Rodrigo Bentancur,21,7.8,47.4,0.1003,miss,set-piece,head,false
2026,Saudi Arabia vs Uruguay,,Uruguay,Nicolás de la Cruz,90,14.4,41.9,0.1,save,assisted,left-foot,false
2026,Saudi Arabia vs Uruguay,,Uruguay,Juan Sanabria,90,15.6,68.5,0.0303,block,corner,right-foot,false
2026,Saudi Arabia vs Uruguay,,Uruguay,Juan Sanabria,82,26.5,30.6,0.0191,block,assisted,left-foot,false
2026,Saudi Arabia vs Uruguay,,Saudi Arabia,Saud Abdulhamid,87,16.9,64,0.0438,miss,regular,right-foot,false
2026,Saudi Arabia vs Uruguay,,Saudi Arabia,Abdulelah Al-Amri,41,3.2,50.1,0.7859,goal,corner,right-foot,true
2026,Saudi Arabia vs Uruguay,,Uruguay,Federico Valverde,90,19.4,31.1,0.0201,save,corner,right-foot,false
2026,Saudi Arabia vs Uruguay,,Uruguay,Federico Viñas,45,8.1,57.6,0.0524,save,set-piece,head,false
2026,Saudi Arabia vs Uruguay,,Uruguay,Federico Valverde,67,5.6,14.8,0.0296,save,free-kick,right-foot,false
2026,Saudi Arabia vs Uruguay,,Uruguay,Juan Sanabria,60,9.8,36,0.0612,miss,regular,left-foot,false
2026,Saudi Arabia vs Uruguay,,Uruguay,Guillermo Varela,90,25.1,62.8,0.0075,miss,corner,right-foot,false
2026,Saudi Arabia vs Uruguay,,Uruguay,Federico Viñas,80,7.7,51.2,0.3027,save,assisted,head,false
2026,Saudi Arabia vs Uruguay,,Uruguay,Brian Rodríguez,83,20.8,25.5,0.0119,miss,assisted,right-foot,false
2026,Scotland vs Brazil,,Brazil,Vinícius Júnior,7,8.1,51,0.9466,goal,assisted,right-foot,true
2026,Scotland vs Brazil,,Brazil,Gabriel Magalhães,86,9.1,59.3,0.0673,block,corner,left-foot,false
2026,Scotland vs Brazil,,Brazil,Matheus Cunha,12,22.7,69.4,0.0205,miss,assisted,right-foot,false
2026,Scotland vs Brazil,,Brazil,Vinícius Júnior,81,6.6,47.2,0.8834,miss,fast-break,right-foot,false
2026,Scotland vs Brazil,,Brazil,Vinícius Júnior,54,31.1,30.4,0.0107,save,assisted,right-foot,false
2026,Scotland vs Brazil,,Scotland,Tony Ralston,89,13.1,60.5,0.0585,save,assisted,left-foot,false
2026,Scotland vs Brazil,,Scotland,Kenny McLean,36,27.9,52.9,0.0193,block,assisted,left-foot,false
2026,Scotland vs Brazil,,Scotland,Scott McTominay,49,7.7,52.6,0.0981,save,assisted,head,false
2026,Scotland vs Brazil,,Scotland,Ben Gannon-Doak,45,14,30.8,0.0363,miss,assisted,right-foot,false
2026,Scotland vs Brazil,,Scotland,Scott McTominay,64,7.4,53.3,0.1207,save,corner,head,false
2026,Scotland vs Brazil,,Brazil,Vinícius Júnior,51,12,40.5,0.334,save,assisted,right-foot,false
2026,Scotland vs Brazil,,Brazil,Matheus Cunha,59,14.1,69.4,0.0363,block,assisted,right-foot,false
2026,Scotland vs Brazil,,Scotland,Scott McTominay,90,4.6,47.9,0.2604,save,corner,left-foot,false
2026,Scotland vs Brazil,,Brazil,Vinícius Júnior,90,14,40.7,0.0497,block,assisted,left-foot,false
2026,Scotland vs Brazil,,Scotland,Lawrence Shankland,76,8.4,45.2,0.0507,miss,corner,head,false
2026,Scotland vs Brazil,,Brazil,Neymar,90,14.1,23.8,0.0169,save,set-piece,right-foot,false
2026,Scotland vs Brazil,,Brazil,Matheus Cunha,45,3.3,56,0.1941,save,assisted,right-foot,false
2026,Scotland vs Brazil,,Brazil,Matheus Cunha,60,12,58.7,0.1484,goal,assisted,right-foot,true
2026,Scotland vs Brazil,,Brazil,Rayan,38,20.6,66.9,0.0681,miss,fast-break,left-foot,false
2026,Scotland vs Brazil,,Brazil,Rayan,45,14.3,45.6,0.601,save,assisted,right-foot,false
2026,Scotland vs Brazil,,Scotland,Lewis Ferguson,64,6.4,19.4,0.0328,save,free-kick,right-foot,false
2026,Scotland vs Brazil,,Brazil,Vinícius Júnior,20,13.2,67.7,0.0428,miss,fast-break,right-foot,false
2026,Scotland vs Brazil,,Brazil,Lucas Paquetá,59,18.2,42.7,0.0696,miss,regular,right-foot,false
2026,Scotland vs Brazil,,Brazil,Vinícius Júnior,45,3.2,46.8,0.7906,goal,assisted,head,true
2026,Scotland vs Brazil,,Brazil,Vinícius Júnior,79,9.6,29.8,0.0612,save,assisted,right-foot,false
2026,Scotland vs Brazil,,Brazil,Douglas Santos,45,16.3,30.9,0.0447,miss,corner,left-foot,false
2026,Scotland vs Brazil,,Scotland,Scott McTominay,72,8.3,47.7,0.2178,miss,assisted,left-foot,false
2026,Scotland vs Brazil,,Scotland,Kieran Tierney,84,11.1,31.6,0.0218,block,regular,left-foot,false
2026,Scotland vs Brazil,,Scotland,Lewis Ferguson,33,28.4,63.6,0.0161,miss,regular,right-foot,false
2026,Scotland vs Brazil,,Scotland,Ryan Christie,83,14.7,60.3,0.0226,miss,set-piece,right-foot,false
2026,Scotland vs Brazil,,Brazil,Bruno Guimarães,11,19.6,72.3,0.0256,block,fast-break,right-foot,false
2026,Scotland vs Brazil,,Scotland,Ben Gannon-Doak,45,18.3,56.9,0.0673,block,set-piece,right-foot,false
2026,Scotland vs Brazil,,Brazil,Casemiro,7,28.3,48.8,0.0244,block,assisted,right-foot,false
2026,Scotland vs Brazil,,Scotland,Lawrence Shankland,72,8.8,35.8,0.1053,miss,assisted,left-foot,false
2026,Scotland vs Brazil,,Brazil,Matheus Cunha,42,19.8,35.8,0.0244,miss,assisted,right-foot,false
2026,Scotland vs Morocco,,Morocco,Achraf Hakimi,62,20.3,21.5,0.0105,miss,assisted,right-foot,false
2026,Scotland vs Morocco,,Morocco,Bilal El Khannouss,52,5.1,65.6,0.01,save,corner,head,false
2026,Scotland vs Morocco,,Morocco,Ayoube Amaimouni Echghouyab,90,13.5,67.3,0.0907,miss,fast-break,left-foot,false
2026,Scotland vs Morocco,,Morocco,Ismael Saibari,2,7.6,69.2,0.1296,goal,assisted,right-foot,true
2026,Scotland vs Morocco,,Scotland,Kieran Tierney,45,12.2,33.8,0.032,block,assisted,left-foot,false
2026,Scotland vs Morocco,,Scotland,John McGinn,45,2.7,59.9,0.1641,miss,assisted,right-foot,false
2026,Scotland vs Morocco,,Morocco,Ismael Saibari,50,11.4,43.8,0.1011,block,assisted,left-foot,false
2026,Scotland vs Morocco,,Scotland,Ryan Christie,64,18.4,49.5,0.0447,miss,assisted,right-foot,false
2026,Scotland vs Morocco,,Morocco,Neil El Aynaoui,30,13.7,64.6,0.0712,miss,assisted,right-foot,false
2026,Scotland vs Morocco,,Morocco,Achraf Hakimi,38,7.6,53,0.3044,miss,assisted,right-foot,false
2026,Scotland vs Morocco,,Morocco,Chemsdine Talbi,90,9.2,28.4,0.0447,miss,fast-break,left-foot,false
2026,Scotland vs Morocco,,Morocco,Chemsdine Talbi,90,26.3,25.8,0.0091,block,assisted,right-foot,false
2026,Scotland vs Morocco,,Morocco,Brahim Díaz,58,6,67.3,0.0422,block,assisted,right-foot,false
2026,Scotland vs Morocco,,Scotland,Lyndon Dykes,86,6,46.7,0.1433,miss,corner,head,false
2026,Scotland vs Morocco,,Morocco,Ayyoub Bouaddi,21,27,64.1,0.0115,block,corner,right-foot,false
2026,Scotland vs Morocco,,Morocco,Bilal El Khannouss,36,10.8,36,0.1685,miss,assisted,right-foot,false
2026,Scotland vs Morocco,,Scotland,Scott McTominay,88,8.7,59.1,0.098,block,regular,left-foot,false
2026,Scotland vs Morocco,,Scotland,Scott McTominay,85,9.2,72.2,0.0325,block,assisted,right-foot,false
2026,Senegal vs Iraq,,Senegal,Ismaïla Sarr,17,6,66.7,0.071,miss,throw-in-set-piece,right-foot,false
2026,Senegal vs Iraq,,Iraq,Ali Jasim,20,20.7,30.3,0.0226,block,set-piece,right-foot,false
2026,Senegal vs Iraq,,Senegal,Sadio Mané,86,11,40.9,0.0949,block,corner,left-foot,false
2026,Senegal vs Iraq,,Senegal,Sadio Mané,45,12.1,35.8,0.0424,miss,assisted,right-foot,false
2026,Senegal vs Iraq,,Senegal,Lamine Camara,45,26,39.9,0.0077,miss,corner,right-foot,false
2026,Senegal vs Iraq,,Senegal,Pape Gueye,62,15.6,35.8,0.0639,miss,throw-in-set-piece,left-foot,false
2026,Senegal vs Iraq,,Senegal,Pathé Ismaël Ciss,79,7.3,45.2,0.2368,save,corner,head,false
2026,Senegal vs Iraq,,Senegal,Abdoulaye Seck,14,26.9,51.3,0.0174,miss,set-piece,right-foot,false
2026,Senegal vs Iraq,,Senegal,Nicolas Jackson,77,10.7,53.8,0.1092,block,assisted,right-foot,false
2026,Senegal vs Iraq,,Senegal,Pape Gueye,71,15.3,49.6,0.1374,goal,assisted,left-foot,true
2026,Senegal vs Iraq,,Senegal,Habib Diarra,46,20.9,64.9,0.0199,miss,assisted,left-foot,false
2026,Senegal vs Iraq,,Senegal,Iliman Ndiaye,90,12.6,34,0.0787,save,assisted,right-foot,false
2026,Senegal vs Iraq,,Senegal,Ismaïla Sarr,56,3.4,50.5,0.41,goal,assisted,right-foot,true
2026,Senegal vs Iraq,,Senegal,Moussa Niakhaté,45,8.1,51.5,0.0758,miss,corner,head,false
2026,Senegal vs Iraq,,Senegal,Abdoulaye Seck,4,8.7,44.3,0.0359,block,corner,head,false
2026,Senegal vs Iraq,,Senegal,Nicolas Jackson,90,10.4,53.4,0.0772,save,set-piece,head,false
2026,Senegal vs Iraq,,Iraq,Ali Jasim,20,21.4,27.1,0.044,block,free-kick,right-foot,false
2026,Senegal vs Iraq,,Senegal,Krépin Diatta,74,21.3,60.2,0.0663,miss,assisted,right-foot,false
2026,Senegal vs Iraq,,Senegal,Ismaïla Sarr,54,13.5,62.2,0.1418,save,fast-break,right-foot,false
2026,Senegal vs Iraq,,Iraq,Ali Jasim,41,21,31.6,0.0298,block,corner,right-foot,false
2026,Senegal vs Iraq,,Senegal,Sadio Mané,51,7.1,46.4,0.3553,miss,assisted,right-foot,false
2026,Senegal vs Iraq,,Senegal,Habib Diarra,4,3.9,49.4,0.5136,goal,corner,right-foot,true
2026,Senegal vs Iraq,,Senegal,Idrissa Gana Gueye,3,18.7,54.3,0.0464,miss,corner,right-foot,false
2026,Senegal vs Iraq,,Senegal,Pape Gueye,88,27.7,48.7,0.0276,block,assisted,left-foot,false
2026,Senegal vs Iraq,,Senegal,Nicolas Jackson,79,14.9,35.5,0.0811,save,assisted,right-foot,false
2026,Senegal vs Iraq,,Senegal,Pape Gueye,59,21.7,68.2,0.0225,goal,assisted,left-foot,true
2026,Senegal vs Iraq,,Senegal,Sadio Mané,14,20.2,59.2,0.1102,save,free-kick,right-foot,false
2026,Senegal vs Iraq,,Iraq,Ali Jasim,53,20.1,18.8,0.0194,save,assisted,right-foot,false
2026,Senegal vs Iraq,,Senegal,Pape Gueye,90,21.4,72,0.0115,save,regular,left-foot,false
2026,Senegal vs Iraq,,Senegal,Pape Gueye,74,18.8,46.6,0.054,block,assisted,left-foot,false
2026,Senegal vs Iraq,,Iraq,Merchas Doski,41,21.2,32.5,0.0306,block,corner,left-foot,false
2026,Senegal vs Iraq,,Senegal,Ismail Jakobs,33,14.5,39.4,0.0824,miss,assisted,left-foot,false
2026,Senegal vs Iraq,,Senegal,Iliman Ndiaye,82,20.2,66.9,0.0398,goal,assisted,right-foot,true
2026,Senegal vs Iraq,,Iraq,Kevin Yakob,73,12.6,66.7,0.0248,miss,assisted,left-foot,false
2026,South Africa vs Canada,Round of 32,South Africa,Ime Okon,36,12.8,50.5,0.0139,miss,corner,head,false
2026,South Africa vs Canada,Round of 32,Canada,Tani Oluwaseyi,41,9.2,47.2,0.0579,miss,set-piece,head,false
2026,South Africa vs Canada,Round of 32,South Africa,Teboho Mokoena,6,27.8,47.1,0.0227,save,assisted,right-foot,false
2026,South Africa vs Canada,Round of 32,Canada,Promise David,76,25.9,49.7,0.0415,miss,fast-break,right-foot,false
2026,South Africa vs Canada,Round of 32,Canada,Jonathan David,17,10.4,52.3,0.1118,miss,corner,right-foot,false
2026,South Africa vs Canada,Round of 32,South Africa,Oswin Appollis,85,25.4,63.4,0.0279,miss,assisted,right-foot,false
2026,South Africa vs Canada,Round of 32,Canada,Liam Millar,47,20.8,41.5,0.0376,miss,assisted,right-foot,false
2026,South Africa vs Canada,Round of 32,Canada,Tani Oluwaseyi,35,8.4,31,0.0324,save,assisted,left-foot,false
2026,South Africa vs Canada,Round of 32,Canada,Tajon Buchanan,44,2.9,56.4,0.1757,save,corner,right-foot,false
2026,South Africa vs Canada,Round of 32,South Africa,Teboho Mokoena,23,25,68.9,0.0242,block,assisted,right-foot,false
2026,South Africa vs Canada,Round of 32,Canada,Luc De Fougerolles,66,9.7,54,0.0465,miss,corner,head,false
2026,South Africa vs Canada,Round of 32,Canada,Stephen Eustaquio,90,18.2,57.5,0.0937,goal,regular,right-foot,true
2026,South Africa vs Canada,Round of 32,Canada,Stephen Eustaquio,7,25.6,36.2,0.0187,miss,regular,right-foot,false
2026,South Africa vs Canada,Round of 32,Canada,Tani Oluwaseyi,65,13.5,38.5,0.1495,save,fast-break,left-foot,false
2026,South Africa vs Canada,Round of 32,Canada,Jonathan David,78,4.3,34,0.0498,save,assisted,left-foot,false
2026,South Africa vs Canada,Round of 32,South Africa,Oswin Appollis,62,25.4,38.5,0.0334,miss,regular,right-foot,false
2026,South Africa vs Canada,Round of 32,Canada,Tani Oluwaseyi,44,6.9,48.9,0.1116,miss,corner,head,false
2026,South Africa vs Canada,Round of 32,Canada,Moise Bombito,44,4.6,50.4,0.2145,save,corner,head,false
2026,South Africa vs Canada,Round of 32,Canada,Derek Cornelius,22,7.1,49.1,0.3287,save,set-piece,head,false
2026,South Africa vs Canada,Round of 32,South Africa,Thalente Mbatha,75,27.2,58.9,0.0098,miss,assisted,right-foot,false
2026,South Africa vs South Korea,,South Africa,Thapelo Maseko,43,20.6,71.3,0.0311,block,assisted,left-foot,false
2026,South Africa vs South Korea,,South Africa,Oswin Appollis,20,23.7,32.7,0.0273,save,corner,right-foot,false
2026,South Africa vs South Korea,,South Africa,Relebohile Mofokeng,42,22.9,34.2,0.0236,miss,set-piece,right-foot,false
2026,South Africa vs South Korea,,South Africa,Evidence Makgopa,30,9.1,49.1,0.5792,save,fast-break,left-foot,false
2026,South Africa vs South Korea,,South Korea,Jin-seob Park,90,2.9,44.2,0.3647,save,corner,head,false
2026,South Africa vs South Korea,,South Africa,Thalente Mbatha,51,31.8,47.7,0.0163,miss,assisted,right-foot,false
2026,South Africa vs South Korea,,South Korea,Hyeon-gyu Oh,60,8.7,51.1,0.1652,save,assisted,head,false
2026,South Africa vs South Korea,,South Korea,Hwang Hee-chan,34,29.1,37.6,0.0183,miss,assisted,right-foot,false
2026,South Africa vs South Korea,,South Africa,Thapelo Maseko,19,13.5,60.5,0.0826,block,fast-break,left-foot,false
2026,South Africa vs South Korea,,South Korea,Son Heung-min,88,22.2,48.1,0.0322,block,assisted,left-foot,false
2026,South Africa vs South Korea,,South Korea,Kim Min-jae,2,8.1,43.6,0.0575,save,corner,head,false
2026,South Africa vs South Korea,,South Africa,Thapelo Maseko,51,13.9,55.9,0.0831,block,assisted,left-foot,false
2026,South Africa vs South Korea,,South Korea,Young-woo Seol,86,24.2,66.2,0.0055,miss,corner,right-foot,false
2026,South Africa vs South Korea,,South Africa,Relebohile Mofokeng,6,20.9,61.3,0.0533,block,corner,left-foot,false
2026,South Africa vs South Korea,,South Africa,Thapelo Maseko,63,12.3,60.9,0.086,goal,fast-break,left-foot,true
2026,South Africa vs South Korea,,South Korea,Hyeon-gyu Oh,7,3.8,55.5,0.2075,miss,assisted,right-foot,false
2026,South Africa vs South Korea,,South Africa,Aubrey Modiba,45,26.8,56.8,0.0089,miss,corner,left-foot,false
2026,South Africa vs South Korea,,South Africa,Evidence Makgopa,14,10,51.2,0.0542,miss,assisted,head,false
2026,South Africa vs South Korea,,South Africa,Thalente Mbatha,30,22,64,0.0391,save,fast-break,left-foot,false
2026,South Africa vs South Korea,,South Korea,Kang-in Lee,8,13,54.6,0.1464,miss,assisted,left-foot,false
2026,South Africa vs South Korea,,South Africa,Thapelo Maseko,39,26,56.5,0.0402,miss,fast-break,left-foot,false
2026,South Korea vs Czechia,,South Korea,Hwang In-beom,45,30,47,0.0182,miss,assisted,right-foot,false
2026,South Korea vs Czechia,,South Korea,Jae-sung Lee,49,6.7,55.8,0.3144,save,regular,left-foot,false
2026,South Korea vs Czechia,,Czechia,Adam Hložek,90,9.4,38,0.0234,miss,regular,head,false
2026,South Korea vs Czechia,,South Korea,Kang-in Lee,14,29.9,33.7,0.0161,save,assisted,left-foot,false
2026,South Korea vs Czechia,,Czechia,Tomáš Souček,22,5.2,53.4,0.2786,miss,corner,left-foot,false
2026,South Korea vs Czechia,,Czechia,Michal Sadílek,88,31.6,25.3,0.0103,save,regular,head,false
2026,South Korea vs Czechia,,Czechia,Ladislav Krejčí,59,5,53.8,0.2145,goal,throw-in-set-piece,head,true
2026,South Korea vs Czechia,,Czechia,Pavel Šulc,32,30.9,66.2,0.0067,miss,regular,right-foot,false
2026,South Korea vs Czechia,,Czechia,Michal Sadílek,90,14.9,56.4,0.1545,save,assisted,right-foot,false
2026,South Korea vs Czechia,,South Korea,Hwang In-beom,49,14.4,69.9,0.0299,save,assisted,right-foot,false
2026,South Korea vs Czechia,,South Korea,Jin-gyu Kim,90,20.3,57.3,0.0573,block,assisted,left-foot,false
2026,South Korea vs Czechia,,Czechia,Tomáš Souček,58,7.4,52.2,0.1194,miss,throw-in-set-piece,head,false
2026,South Korea vs Czechia,,South Korea,Son Heung-min,38,26.3,50.1,0.0254,miss,assisted,right-foot,false
2026,South Korea vs Czechia,,South Korea,Jae-sung Lee,61,9.6,59.4,0.0458,miss,assisted,head,false
2026,South Korea vs Czechia,,South Korea,Han-Beom Lee,12,8.2,55.8,0.043,miss,corner,head,false
2026,South Korea vs Czechia,,Czechia,Adam Hložek,90,19.1,37.9,0.0382,miss,set-piece,right-foot,false
2026,South Korea vs Czechia,,South Korea,Son Heung-min,45,9.5,46.2,0.1933,block,assisted,right-foot,false
2026,South Korea vs Czechia,,South Korea,Hyeon-gyu Oh,80,4.8,54.6,0.3633,goal,assisted,left-foot,true
2026,South Korea vs Czechia,,Czechia,Adam Hložek,82,4,40,0.1205,save,throw-in-set-piece,left-foot,false
2026,South Korea vs Czechia,,South Korea,Son Heung-min,39,19.4,43.6,0.1297,miss,assisted,left-foot,false
2026,South Korea vs Czechia,,South Korea,Hwang In-beom,67,10.9,38.1,0.3113,goal,assisted,right-foot,true
2026,South Korea vs Czechia,,South Korea,Son Heung-min,12,14.4,41.2,0.0517,block,assisted,left-foot,false
2026,South Korea vs Czechia,,Czechia,Patrik Schick,36,13.6,57.7,0.0203,miss,assisted,head,false
2026,South Korea vs Czechia,,South Korea,Son Heung-min,14,13,55.2,0.0424,block,corner,right-foot,false
2026,South Korea vs Czechia,,Czechia,Patrik Schick,15,3,52.2,0.3419,block,assisted,right-foot,false
2026,South Korea vs Czechia,,South Korea,Son Heung-min,56,8.5,36.8,0.2028,save,assisted,left-foot,false
2026,Spain vs Argentina,Final,Spain,Lamine Yamal,90,24,47,0.0749,save,free-kick,left-foot,false
2026,Spain vs Argentina,Final,Spain,Lamine Yamal,101,23.3,67.7,0.0226,miss,assisted,left-foot,false
2026,Spain vs Argentina,Final,Argentina,Giuliano Simeone,120,9.2,52.4,0.1774,miss,corner,right-foot,false
2026,Spain vs Argentina,Final,Spain,Marc Cucurella,43,21.2,26,0.0292,miss,assisted,left-foot,false
2026,Spain vs Argentina,Final,Spain,Ferran Torres,106,8,44.2,0.2219,goal,assisted,left-foot,true
2026,Spain vs Argentina,Final,Spain,Pau Cubarsí,77,21.5,72,0.0294,save,assisted,right-foot,false
2026,Spain vs Argentina,Final,Spain,Aymeric Laporte,81,6.7,44.8,0.0927,save,corner,head,false
2026,Spain vs Argentina,Final,Spain,Mikel Merino,103,7.5,49.3,0.2352,miss,assisted,head,false
2026,Spain vs Argentina,Final,Spain,Dani Olmo,65,5.2,53.4,0.1602,block,corner,head,false
2026,Spain vs Argentina,Final,Spain,Nico Williams,93,8.1,45.9,0.2424,save,assisted,head,false
2026,Spain vs Argentina,Final,Spain,Rodri,89,28.2,54.8,0.0242,miss,assisted,right-foot,false
2026,Spain vs Argentina,Final,Spain,Nico Williams,90,15.8,70.6,0.0828,save,fast-break,right-foot,false
2026,Spain vs Argentina,Final,Spain,Lamine Yamal,61,23.6,73.5,0.0351,block,free-kick,left-foot,false
2026,Spain vs Argentina,Final,Argentina,Lionel Messi,117,20,67.9,0.0268,block,assisted,left-foot,false
2026,Spain vs Argentina,Final,Spain,Mikel Oyarzabal,39,18.9,54,0.0997,save,assisted,left-foot,false
2026,Spain vs Argentina,Final,Spain,Alex Baena,46,20,40.1,0.0774,save,regular,right-foot,false
2026,Spain vs Argentina,Final,Spain,Lamine Yamal,5,6.4,67.7,0.1003,save,assisted,left-foot,false
2026,Spain vs Argentina,Final,Spain,Ferran Torres,67,8.1,55,0.1764,save,corner,head,false
2026,Spain vs Argentina,Final,Spain,Pedri,77,18.2,46.4,0.0447,save,assisted,left-foot,false
2026,Spain vs Argentina,Final,Spain,Dani Olmo,64,24.3,52.1,0.0463,save,assisted,right-foot,false
2026,Spain vs Argentina,Final,Spain,Ferran Torres,87,11.7,59.9,0.1177,miss,assisted,right-foot,false
2026,Spain vs Argentina,Final,Spain,Nico Williams,104,26.6,42.1,0.0292,block,assisted,right-foot,false
2026,Spain vs Austria,Round of 32,Spain,Mikel Oyarzabal,36,10.8,45.8,0.1783,goal,assisted,left-foot,true
2026,Spain vs Austria,Round of 32,Spain,Mikel Oyarzabal,49,20.9,48.9,0.0579,save,assisted,left-foot,false
2026,Spain vs Austria,Round of 32,Austria,Nicolas Seiwald,45,12.6,35.1,0.0386,block,assisted,left-foot,false
2026,Spain vs Austria,Round of 32,Spain,Lamine Yamal,59,15.4,71.2,0.0365,block,assisted,left-foot,false
2026,Spain vs Austria,Round of 32,Spain,Dani Olmo,62,16.4,63,0.0609,block,assisted,right-foot,false
2026,Spain vs Austria,Round of 32,Austria,Stefan Posch,82,9.9,51.8,0.0554,miss,assisted,head,false
2026,Spain vs Austria,Round of 32,Spain,Aymeric Laporte,42,54.9,31.1,0.0059,miss,assisted,left-foot,false
2026,Spain vs Austria,Round of 32,Spain,Ferran Torres,78,6.4,65,0.0154,miss,corner,head,false
2026,Spain vs Austria,Round of 32,Spain,Alex Baena,45,26.8,30.1,0.0313,save,free-kick,right-foot,false
2026,Spain vs Austria,Round of 32,Spain,Lamine Yamal,38,22,53.2,0.0482,save,assisted,right-foot,false
2026,Spain vs Austria,Round of 32,Spain,Lamine Yamal,32,0.7,68.2,0.0116,miss,assisted,left-foot,false
2026,Spain vs Austria,Round of 32,Spain,Dani Olmo,8,13.9,53.3,0.0741,block,assisted,right-foot,false
2026,Spain vs Austria,Round of 32,Spain,Lamine Yamal,85,8.9,47.4,0.2928,save,assisted,left-foot,false
2026,Spain vs Austria,Round of 32,Spain,Mikel Oyarzabal,33,14.7,37.3,0.0641,save,assisted,left-foot,false
2026,Spain vs Austria,Round of 32,Spain,Dani Olmo,66,21.6,35.6,0.0199,block,assisted,right-foot,false
2026,Spain vs Austria,Round of 32,Austria,Saša Kalajdžić,61,7.4,51.1,0.1194,miss,assisted,head,false
2026,Spain vs Austria,Round of 32,Spain,Ferran Torres,90,10.4,70.9,0.0364,miss,assisted,right-foot,false
2026,Spain vs Austria,Round of 32,Spain,Lamine Yamal,2,19.7,33.3,0.0716,save,fast-break,left-foot,false
2026,Spain vs Austria,Round of 32,Spain,Mikel Oyarzabal,52,9.2,51.7,0.0612,miss,corner,head,false
2026,Spain vs Austria,Round of 32,Spain,Alex Baena,58,27.1,36.2,0.0168,block,assisted,right-foot,false
2026,Spain vs Austria,Round of 32,Spain,Mikel Oyarzabal,89,10.1,49.8,0.5846,goal,assisted,right-foot,true
2026,Spain vs Austria,Round of 32,Spain,Lamine Yamal,45,3.5,42.3,0.2583,save,set-piece,left-foot,false
2026,Spain vs Austria,Round of 32,Spain,Pedro Porro,66,7.3,48.6,0.5267,goal,assisted,head,true
2026,Spain vs Austria,Round of 32,Austria,Carney Chukwuemeka,79,12.8,65.4,0.0592,miss,assisted,right-foot,false
2026,Spain vs Austria,Round of 32,Spain,Aymeric Laporte,8,3.5,45.2,0.1863,miss,corner,head,false
2026,Spain vs Austria,Round of 32,Spain,Mikel Oyarzabal,39,14,55.6,0.1398,block,assisted,left-foot,false
2026,Spain vs Austria,Round of 32,Spain,Rodri,54,26.6,51.2,0.0204,block,assisted,right-foot,false
2026,Spain vs Austria,Round of 32,Austria,David Alaba,35,28.7,47.9,0.0219,miss,regular,left-foot,false
2026,Spain vs Belgium,Quarterfinals,Belgium,Maxim De Cuyper,55,9.2,31.7,0.0787,miss,regular,left-foot,false
2026,Spain vs Belgium,Quarterfinals,Spain,Lamine Yamal,40,14.1,69.9,0.0199,miss,assisted,left-foot,false
2026,Spain vs Belgium,Quarterfinals,Spain,Marc Cucurella,90,21.8,33.3,0.0277,save,assisted,left-foot,false
2026,Spain vs Belgium,Quarterfinals,Spain,Alex Baena,13,13.3,57.7,0.1038,block,assisted,right-foot,false
2026,Spain vs Belgium,Quarterfinals,Spain,Pedro Porro,45,18.5,67.5,0.0349,miss,assisted,left-foot,false
2026,Spain vs Belgium,Quarterfinals,Belgium,Kevin De Bruyne,62,15.6,43.4,0.0859,save,fast-break,right-foot,false
2026,Spain vs Belgium,Quarterfinals,Spain,Fabián Ruiz,45,15,58.3,0.0625,block,corner,left-foot,false
2026,Spain vs Belgium,Quarterfinals,Spain,Lamine Yamal,35,20.9,60.7,0.0815,save,free-kick,left-foot,false
2026,Spain vs Belgium,Quarterfinals,Spain,Rodri,10,11,54.2,0.1938,block,set-piece,right-foot,false
2026,Spain vs Belgium,Quarterfinals,Spain,Lamine Yamal,52,15.5,44,0.1154,block,assisted,left-foot,false
2026,Spain vs Belgium,Quarterfinals,Spain,Mikel Merino,88,4.8,48.1,0.6923,goal,regular,left-foot,true
2026,Spain vs Belgium,Quarterfinals,Spain,Mikel Oyarzabal,62,4,62.8,0.0692,save,regular,right-foot,false
2026,Spain vs Belgium,Quarterfinals,Spain,Lamine Yamal,61,18.9,73.2,0.019,save,assisted,left-foot,false
2026,Spain vs Belgium,Quarterfinals,Spain,Lamine Yamal,21,19.8,56,0.0345,miss,assisted,left-foot,false
2026,Spain vs Belgium,Quarterfinals,Spain,Pau Cubarsí,88,25.1,66.9,0.0283,save,assisted,right-foot,false
2026,Spain vs Belgium,Quarterfinals,Spain,Lamine Yamal,74,13.9,73.6,0.0173,block,assisted,left-foot,false
2026,Spain vs Belgium,Quarterfinals,Spain,Dani Olmo,53,19.8,39.7,0.0302,miss,corner,right-foot,false
2026,Spain vs Belgium,Quarterfinals,Belgium,Kevin De Bruyne,84,40,31.5,0.0278,block,regular,left-foot,false
2026,Spain vs Belgium,Quarterfinals,Belgium,Charles De Ketelaere,41,7.3,52.8,0.1394,goal,assisted,head,true
2026,Spain vs Belgium,Quarterfinals,Spain,Dani Olmo,30,12.7,57.1,0.2185,save,assisted,right-foot,false
2026,Spain vs Belgium,Quarterfinals,Spain,Fabián Ruiz,30,7,47.2,0.4475,goal,regular,right-foot,true
2026,Spain vs Belgium,Quarterfinals,Belgium,Charles De Ketelaere,15,15.8,66.5,0.036,block,fast-break,left-foot,false
2026,Spain vs Cabo Verde,,Spain,Pedri,15,21.8,34,0.0374,save,regular,right-foot,false
2026,Spain vs Cabo Verde,,Spain,Ferran Torres,45,11.8,56,0.0829,save,regular,left-foot,false
2026,Spain vs Cabo Verde,,Spain,Aymeric Laporte,45,8.9,52.6,0.0487,save,corner,head,false
2026,Spain vs Cabo Verde,,Cabo Verde,Dailon Rocha Livramento,35,54.5,51.3,0.0122,miss,fast-break,right-foot,false
2026,Spain vs Cabo Verde,,Spain,Pedri,78,22.8,50.9,0.0612,block,assisted,right-foot,false
2026,Spain vs Cabo Verde,,Spain,Aymeric Laporte,58,27.1,38.7,0.0262,miss,assisted,left-foot,false
2026,Spain vs Cabo Verde,,Spain,Lamine Yamal,90,21.8,73.2,0.0179,block,assisted,left-foot,false
2026,Spain vs Cabo Verde,,Spain,Rodri,45,3.8,41.6,0.0875,block,corner,head,false
2026,Spain vs Cabo Verde,,Spain,Mikel Oyarzabal,88,13.1,51.7,0.0889,block,assisted,right-foot,false
2026,Spain vs Cabo Verde,,Spain,Mikel Oyarzabal,90,4.1,58.4,0.0958,miss,corner,head,false
2026,Spain vs Cabo Verde,,Cabo Verde,Kevin Pina,90,29.8,43.3,0.0182,block,assisted,right-foot,false
2026,Spain vs Cabo Verde,,Spain,Mikel Oyarzabal,45,5.4,44.9,0.1474,miss,assisted,head,false
2026,Spain vs Cabo Verde,,Spain,Pau Cubarsí,20,27.2,57,0.0266,block,assisted,right-foot,false
2026,Spain vs Cabo Verde,,Spain,Ferran Torres,75,17.9,53.8,0.0816,block,assisted,right-foot,false
2026,Spain vs Cabo Verde,,Spain,Ferran Torres,39,5,50.9,0.3038,post,assisted,right-foot,false
2026,Spain vs Cabo Verde,,Spain,Fabián Ruiz,41,25,45.8,0.0103,miss,corner,left-foot,false
2026,Spain vs Cabo Verde,,Cabo Verde,Steven Moreira,27,10.1,77.1,0.0135,block,regular,right-foot,false
2026,Spain vs Cabo Verde,,Spain,Marc Cucurella,29,15.7,30.1,0.0146,miss,regular,right-foot,false
2026,Spain vs Cabo Verde,,Spain,Mikel Merino,73,10.7,50.1,0.1047,save,assisted,right-foot,false
2026,Spain vs Cabo Verde,,Cabo Verde,Diney Borges,90,6.6,47,0.1276,save,corner,head,false
2026,Spain vs Cabo Verde,,Spain,Ferran Torres,40,4.2,46.6,0.1903,block,corner,head,false
2026,Spain vs Cabo Verde,,Cabo Verde,Ryan Mendes,90,29.6,49.3,0.0204,miss,assisted,right-foot,false
2026,Spain vs Cabo Verde,,Spain,Fabián Ruiz,48,25.4,72.4,0.0187,miss,assisted,left-foot,false
2026,Spain vs Cabo Verde,,Spain,Fabián Ruiz,56,9.1,49.5,0.191,save,assisted,head,false
2026,Spain vs Cabo Verde,,Spain,Rodri,85,21.2,35.8,0.0224,miss,regular,left-foot,false
2026,Spain vs Cabo Verde,,Spain,Mikel Oyarzabal,48,9.4,49.1,0.0877,miss,assisted,head,false
2026,Spain vs Cabo Verde,,Spain,Lamine Yamal,90,12,68.9,0.0221,miss,regular,left-foot,false
2026,Spain vs Cabo Verde,,Spain,Marc Cucurella,83,6.1,41.6,0.1103,save,assisted,head,false
2026,Spain vs Cabo Verde,,Spain,Mikel Oyarzabal,39,8.9,53.2,0.0828,save,regular,head,false
2026,Spain vs Cabo Verde,,Spain,Fabián Ruiz,19,23.4,53.4,0.0186,miss,regular,left-foot,false
2026,Spain vs Cabo Verde,,Spain,Gavi,29,14.2,34.8,0.0478,block,assisted,right-foot,false
2026,Spain vs Cabo Verde,,Cabo Verde,Jovane Cabral,38,20,20.3,0.0124,miss,set-piece,right-foot,false
2026,Spain vs Cabo Verde,,Spain,Fabián Ruiz,51,18.7,64,0.0754,miss,assisted,left-foot,false
2026,Spain vs Saudi Arabia,,Spain,Lamine Yamal,10,1.9,56,0.6027,goal,fast-break,right-foot,true
2026,Spain vs Saudi Arabia,,Spain,Dani Olmo,21,12.7,64.4,0.0382,miss,corner,right-foot,false
2026,Spain vs Saudi Arabia,,Spain,Pedro Porro,53,10.7,66,0.1955,save,assisted,right-foot,false
2026,Spain vs Saudi Arabia,,Saudi Arabia,Abdulelah Al-Amri,35,70,65.6,0.0816,miss,fast-break,right-foot,false
2026,Spain vs Saudi Arabia,,Saudi Arabia,Salem Al-Dawsari,45,18.8,50,0.0294,block,throw-in-set-piece,right-foot,false
2026,Spain vs Saudi Arabia,,Spain,Dani Olmo,8,20.3,65.6,0.015,miss,corner,right-foot,false
2026,Spain vs Saudi Arabia,,Spain,Alex Baena,2,13.9,36,0.0322,block,assisted,right-foot,false
2026,Spain vs Saudi Arabia,,Spain,Ferran Torres,53,9.4,57.1,0.1009,save,regular,head,false
2026,Spain vs Saudi Arabia,,Spain,Lamine Yamal,4,27.8,68.6,0.0205,miss,assisted,left-foot,false
2026,Spain vs Saudi Arabia,,Spain,Lamine Yamal,30,21.4,68.7,0.0394,miss,assisted,left-foot,false
2026,Spain vs Saudi Arabia,,Spain,Mikel Oyarzabal,42,9.8,35.2,0.0689,miss,regular,left-foot,false
2026,Spain vs Saudi Arabia,,Spain,Marc Cucurella,49,4,57.7,0.2384,save,corner,left-foot,false
2026,Spain vs Saudi Arabia,,Spain,Mikel Merino,90,16.4,71.1,0.0491,block,assisted,left-foot,false
2026,Spain vs Saudi Arabia,,Spain,Pedri,13,14.8,36.2,0.0825,miss,regular,left-foot,false
2026,Spain vs Saudi Arabia,,Spain,Mikel Oyarzabal,36,7.2,19.8,0.0562,post,regular,left-foot,false
2026,Spain vs Saudi Arabia,,Spain,Alex Baena,15,19.4,22.9,0.0176,miss,assisted,right-foot,false
2026,Spain vs Saudi Arabia,,Spain,Ferran Torres,65,13,36.4,0.4409,miss,assisted,right-foot,false
2026,Spain vs Saudi Arabia,,Spain,Hassan Tambakti,49,2.5,52.7,,goal,corner,other,false
2026,Spain vs Saudi Arabia,,Spain,Ferran Torres,90,3.6,48.6,0.892,goal,assisted,left-foot,true
2026,Spain vs Saudi Arabia,,Saudi Arabia,Abdullah Al-Hamdan,81,23.9,62.3,0.0244,save,regular,left-foot,false
2026,Spain vs Saudi Arabia,,Spain,Pedro Porro,10,21.9,70.9,0.0216,miss,assisted,right-foot,false
2026,Spain vs Saudi Arabia,,Spain,Mikel Oyarzabal,24,2.4,54.9,0.5585,goal,assisted,left-foot,true
2026,Spain vs Saudi Arabia,,Spain,Mikel Oyarzabal,21,5.2,43.2,0.1881,goal,corner,left-foot,true
2026,Spain vs Saudi Arabia,,Spain,Lamine Yamal,36,25.6,61.5,0.0199,save,assisted,left-foot,false
2026,Spain vs Saudi Arabia,,Spain,Dani Olmo,24,7.4,42.4,0.0817,miss,assisted,head,false
2026,Spain vs Saudi Arabia,,Spain,Rodri,45,18.4,46.5,0.0387,miss,assisted,left-foot,false
2026,Spain vs Saudi Arabia,,Spain,Mikel Oyarzabal,17,24.4,38.9,0.0242,save,regular,right-foot,false
2026,Spain vs Saudi Arabia,,Spain,Lamine Yamal,37,16.6,67.3,0.0224,miss,assisted,left-foot,false
2026,Sweden vs Tunisia,,Tunisia,Hannibal Mejbri,52,32,49,0.0275,miss,free-kick,right-foot,false
2026,Sweden vs Tunisia,,Sweden,Alexander Isak,68,13,43.5,0.1411,block,fast-break,right-foot,false
2026,Sweden vs Tunisia,,Tunisia,Rani Khedira,31,24.4,50.5,0.0298,block,assisted,right-foot,false
2026,Sweden vs Tunisia,,Sweden,Mattias Svanberg,84,11,54.4,0.0859,goal,set-piece,right-foot,true
2026,Sweden vs Tunisia,,Sweden,Yasin Ayari,90,21.4,68.6,0.0224,goal,assisted,right-foot,true
2026,Sweden vs Tunisia,,Sweden,Viktor Gyökeres,5,15.1,40.3,0.0767,miss,fast-break,right-foot,false
2026,Sweden vs Tunisia,,Tunisia,Elias Achouri,90,31.7,29.8,0.0087,save,set-piece,right-foot,false
2026,Sweden vs Tunisia,,Sweden,Viktor Gyökeres,59,11.6,61.4,0.3585,goal,assisted,right-foot,true
2026,Sweden vs Tunisia,,Sweden,Viktor Gyökeres,7,14.4,41.4,0.0834,save,regular,left-foot,false
2026,Sweden vs Tunisia,,Sweden,Alexander Isak,88,14.3,37.5,0.1755,save,fast-break,right-foot,false
2026,Sweden vs Tunisia,,Sweden,Viktor Gyökeres,53,20.8,67.3,0.031,block,assisted,right-foot,false
2026,Sweden vs Tunisia,,Sweden,Lucas Bergvall,90,10.5,43,0.0798,block,assisted,right-foot,false
2026,Sweden vs Tunisia,,Sweden,Viktor Gyökeres,66,9.5,64.4,0.083,miss,assisted,right-foot,false
2026,Sweden vs Tunisia,,Tunisia,Omar Rekik,43,8.2,59.9,0.0318,goal,throw-in-set-piece,head,true
2026,Sweden vs Tunisia,,Sweden,Victor Lindelöf,33,6.4,48.5,0.136,miss,corner,head,false
2026,Sweden vs Tunisia,,Tunisia,Montassar Talbi,56,6.7,49.9,0.1525,miss,corner,head,false
2026,Sweden vs Tunisia,,Sweden,Alexander Isak,30,17.6,30.4,0.0423,goal,fast-break,right-foot,true
2026,Sweden vs Tunisia,,Tunisia,Elias Saad,18,24,59.3,0.0301,miss,assisted,right-foot,false
2026,Sweden vs Tunisia,,Sweden,Yasin Ayari,7,24.4,43.1,0.0462,goal,regular,right-foot,true
2026,Switzerland vs Algeria,Round of 32,Algeria,Farès Chaïbi,43,13.9,33.7,0.0421,save,assisted,right-foot,false
2026,Switzerland vs Algeria,Round of 32,Algeria,Houssem Aouar,14,23.8,41.3,0.0265,save,assisted,right-foot,false
2026,Switzerland vs Algeria,Round of 32,Switzerland,Nico Elvedi,65,4.5,45.4,0.1668,block,corner,head,false
2026,Switzerland vs Algeria,Round of 32,Switzerland,Breel Embolo,80,19.6,29.1,0.026,miss,assisted,right-foot,false
2026,Switzerland vs Algeria,Round of 32,Algeria,Ibrahim Maza,18,21.1,33.7,0.0268,block,assisted,right-foot,false
2026,Switzerland vs Algeria,Round of 32,Switzerland,Ricardo Rodríguez,25,28.2,36.4,0.0156,miss,assisted,left-foot,false
2026,Switzerland vs Algeria,Round of 32,Switzerland,Breel Embolo,10,3.2,49.5,0.9721,goal,fast-break,left-foot,true
2026,Switzerland vs Algeria,Round of 32,Switzerland,Breel Embolo,39,7.5,60.7,0.0765,block,assisted,right-foot,false
2026,Switzerland vs Algeria,Round of 32,Switzerland,Fabian Rieder,81,2.2,43.7,0.6681,miss,assisted,left-foot,false
2026,Switzerland vs Algeria,Round of 32,Algeria,Ibrahim Maza,90,13.4,32.2,0.0245,block,assisted,right-foot,false
2026,Switzerland vs Algeria,Round of 32,Switzerland,Noah Okafor,90,12.3,36.3,0.0773,block,assisted,right-foot,false
2026,Switzerland vs Algeria,Round of 32,Switzerland,Fabian Rieder,75,14.6,49.7,0.1099,save,regular,left-foot,false
2026,Switzerland vs Algeria,Round of 32,Switzerland,Rubén Vargas,58,3.3,33,0.0992,miss,regular,left-foot,false
2026,Switzerland vs Algeria,Round of 32,Switzerland,Denis Zakaria,15,8.9,53,0.205,save,assisted,right-foot,false
2026,Switzerland vs Algeria,Round of 32,Algeria,Jaouen Hadjam,77,21.1,27,0.0192,miss,assisted,right-foot,false
2026,Switzerland vs Algeria,Round of 32,Switzerland,Denis Zakaria,37,7.6,54,0.0888,miss,set-piece,head,false
2026,Switzerland vs Algeria,Round of 32,Switzerland,Remo Freuler,90,15.6,55.9,0.0815,save,regular,right-foot,false
2026,Switzerland vs Algeria,Round of 32,Algeria,Houssem Aouar,6,11,53.8,0.3309,miss,assisted,right-foot,false
2026,Switzerland vs Algeria,Round of 32,Switzerland,Dan Ndoye,46,14.4,57.7,0.1457,goal,regular,right-foot,true
2026,Switzerland vs Algeria,Round of 32,Algeria,Riyad Mahrez,50,14.4,46.9,0.1662,block,assisted,left-foot,false
2026,Switzerland vs Algeria,Round of 32,Algeria,Ibrahim Maza,45,10.6,53.6,0.0989,miss,assisted,left-foot,false
2026,Switzerland vs Bosnia & Herzegovina,,Bosnia & Herzegovina,Ermin Mahmić,90,15.2,48.6,0.0433,goal,corner,right-foot,true
2026,Switzerland vs Bosnia & Herzegovina,,Switzerland,Johan Manzambi,90,9.5,45.7,0.445,goal,assisted,right-foot,true
2026,Switzerland vs Bosnia & Herzegovina,,Switzerland,Dan Ndoye,55,13,31.5,0.0461,block,assisted,right-foot,false
2026,Switzerland vs Bosnia & Herzegovina,,Switzerland,Michel Aebischer,53,9.2,54.2,0.0621,miss,assisted,head,false
2026,Switzerland vs Bosnia & Herzegovina,,Bosnia & Herzegovina,Edin Džeko,41,14.3,53.7,0.1169,block,assisted,left-foot,false
2026,Switzerland vs Bosnia & Herzegovina,,Bosnia & Herzegovina,Edin Džeko,2,11.2,46.1,0.0458,miss,corner,left-foot,false
2026,Switzerland vs Bosnia & Herzegovina,,Bosnia & Herzegovina,Amar Memić,38,25,32.7,0.0155,save,assisted,right-foot,false
2026,Switzerland vs Bosnia & Herzegovina,,Switzerland,Remo Freuler,23,29,33,0.0159,miss,assisted,right-foot,false
2026,Switzerland vs Bosnia & Herzegovina,,Switzerland,Johan Manzambi,74,11.7,48.2,0.0639,goal,regular,right-foot,true
2026,Switzerland vs Bosnia & Herzegovina,,Switzerland,Breel Embolo,62,3.6,44.1,0.1527,block,corner,head,false
2026,Switzerland vs Bosnia & Herzegovina,,Switzerland,Dan Ndoye,20,26.5,42.1,0.0127,save,assisted,right-foot,false
2026,Switzerland vs Bosnia & Herzegovina,,Switzerland,Granit Xhaka,90,11.5,50,0.7884,goal,penalty,left-foot,true
2026,Switzerland vs Bosnia & Herzegovina,,Switzerland,Granit Xhaka,8,29.6,58.1,0.0136,block,assisted,left-foot,false
2026,Switzerland vs Bosnia & Herzegovina,,Switzerland,Rubén Vargas,84,11.8,41.1,0.2683,goal,assisted,right-foot,true
2026,Switzerland vs Bosnia & Herzegovina,,Switzerland,Dan Ndoye,51,9.8,29.7,0.0204,save,assisted,right-foot,false
2026,Switzerland vs Bosnia & Herzegovina,,Switzerland,Rubén Vargas,81,18.9,36.7,0.0944,save,free-kick,right-foot,false
2026,Switzerland vs Bosnia & Herzegovina,,Bosnia & Herzegovina,Amar Dedić,68,28.2,70.7,0.0154,save,assisted,right-foot,false
2026,Switzerland vs Bosnia & Herzegovina,,Switzerland,Dan Ndoye,10,11.3,29.8,0.0221,miss,assisted,left-foot,false
2026,Switzerland vs Canada,,Switzerland,Johan Manzambi,57,12.6,64.4,0.0888,goal,assisted,right-foot,true
2026,Switzerland vs Canada,,Switzerland,Breel Embolo,11,13.9,53.9,0.587,save,assisted,right-foot,false
2026,Switzerland vs Canada,,Canada,Alistair Johnston,90,8.8,55.4,0.1089,save,assisted,head,false
2026,Switzerland vs Canada,,Canada,Promise David,90,5.4,45.4,0.1553,save,throw-in-set-piece,head,false
2026,Switzerland vs Canada,,Canada,Promise David,90,9.4,62.7,0.0445,save,throw-in-set-piece,right-foot,false
2026,Switzerland vs Canada,,Switzerland,Rubén Vargas,46,8.6,45.3,0.2813,goal,assisted,right-foot,true
2026,Switzerland vs Canada,,Canada,Luc De Fougerolles,20,13.2,57.7,0.0258,save,set-piece,right-foot,false
2026,Switzerland vs Canada,,Canada,Promise David,76,11.4,46.8,0.3418,goal,assisted,right-foot,true
2026,Switzerland vs Canada,,Canada,Cyle Larin,33,10.8,34.2,0.1253,save,fast-break,right-foot,false
2026,Switzerland vs Canada,,Canada,Ali Ahmed,41,13.5,33.8,0.0657,save,assisted,right-foot,false
2026,Switzerland vs Canada,,Switzerland,Breel Embolo,17,12.5,32.2,0.036,save,fast-break,left-foot,false
2026,Switzerland vs Canada,,Canada,Derek Cornelius,61,9.4,63.9,0.0224,block,corner,left-foot,false
2026,Switzerland vs Canada,,Switzerland,Johan Manzambi,11,14.1,38.5,0.0744,block,regular,right-foot,false
2026,Switzerland vs Canada,,Canada,Liam Millar,61,13.9,47.7,0.0208,block,throw-in-set-piece,head,false
2026,Switzerland vs Canada,,Switzerland,Granit Xhaka,38,27.7,44.1,0.0384,miss,free-kick,left-foot,false
2026,Switzerland vs Canada,,Canada,Jonathan David,68,7.9,38.7,0.175,block,assisted,left-foot,false
2026,Switzerland vs Canada,,Canada,Alistair Johnston,40,22.7,58.2,0.0204,miss,set-piece,right-foot,false
2026,Switzerland vs Canada,,Canada,Jonathan David,44,16.9,35.2,0.0455,miss,assisted,left-foot,false
2026,Switzerland vs Canada,,Canada,Derek Cornelius,90,4.9,54.6,0.1935,miss,throw-in-set-piece,head,false
2026,Switzerland vs Colombia,Round of 16,Switzerland,Cédric Itten,129,11.5,50,0.7884,goal,shootout,right-foot,true
2026,Switzerland vs Colombia,Round of 16,Colombia,Luis Díaz,105,12,37.4,0.0856,block,assisted,right-foot,false
2026,Switzerland vs Colombia,Round of 16,Colombia,Jhon Lucumí,99,8,47.5,0.1079,post,corner,head,false
2026,Switzerland vs Colombia,Round of 16,Switzerland,Rubén Vargas,131,11.5,50,0.7884,goal,shootout,right-foot,true
2026,Switzerland vs Colombia,Round of 16,Colombia,Gustavo Puerta,39,20.1,45.4,0.0483,miss,regular,right-foot,false
2026,Switzerland vs Colombia,Round of 16,Colombia,Cucho Hernández,117,10.5,42.6,0.0296,miss,set-piece,head,false
2026,Switzerland vs Colombia,Round of 16,Switzerland,Fabian Rieder,30,10.7,31.9,0.0436,save,regular,left-foot,false
2026,Switzerland vs Colombia,Round of 16,Switzerland,Granit Xhaka,114,18.7,34,0.0505,miss,assisted,left-foot,false
2026,Switzerland vs Colombia,Round of 16,Switzerland,Fabian Rieder,61,20.5,27.7,0.0192,block,regular,left-foot,false
2026,Switzerland vs Colombia,Round of 16,Colombia,Luis Javier Suárez,63,19.7,51.4,0.0735,miss,assisted,right-foot,false
2026,Switzerland vs Colombia,Round of 16,Colombia,Jhon Arias,2,12.3,37.8,0.0397,block,throw-in-set-piece,right-foot,false
2026,Switzerland vs Colombia,Round of 16,Colombia,Cucho Hernández,128,11.5,50,0.7884,save,shootout,right-foot,false
2026,Switzerland vs Colombia,Round of 16,Colombia,Jaminton Campaz,101,29.6,73,0.0154,save,assisted,left-foot,false
2026,Switzerland vs Colombia,Round of 16,Colombia,Richard Ríos,100,30.1,46,0.0184,miss,assisted,right-foot,false
2026,Switzerland vs Colombia,Round of 16,Colombia,Gustavo Puerta,21,16.3,36,0.0609,save,assisted,right-foot,false
2026,Switzerland vs Colombia,Round of 16,Switzerland,Dan Ndoye,32,11.6,26.8,0.0185,save,assisted,left-foot,false
2026,Switzerland vs Colombia,Round of 16,Switzerland,Zeki Amdouni,125,11.5,50,0.7884,goal,shootout,right-foot,true
2026,Switzerland vs Colombia,Round of 16,Colombia,Juan Fernando Quintero,122,11.5,50,0.7884,goal,shootout,left-foot,true
2026,Switzerland vs Colombia,Round of 16,Colombia,Jaminton Campaz,126,11.5,50,0.7884,goal,shootout,left-foot,true
2026,Switzerland vs Colombia,Round of 16,Switzerland,Granit Xhaka,123,11.5,50,0.7884,goal,shootout,left-foot,true
2026,Switzerland vs Colombia,Round of 16,Colombia,Davinson Sánchez,93,8.6,63.6,0.0514,miss,set-piece,right-foot,false
2026,Switzerland vs Colombia,Round of 16,Colombia,Juan Fernando Quintero,112,21.4,69.9,0.0203,miss,assisted,left-foot,false
2026,Switzerland vs Colombia,Round of 16,Colombia,Luis Díaz,130,11.5,50,0.7884,goal,shootout,right-foot,true
2026,Switzerland vs Colombia,Round of 16,Switzerland,Fabian Rieder,53,21.9,31.9,0.0627,miss,free-kick,left-foot,false
2026,Switzerland vs Colombia,Round of 16,Colombia,Jaminton Campaz,115,7.8,66.6,0.3031,miss,assisted,left-foot,false
2026,Switzerland vs Colombia,Round of 16,Colombia,Luis Díaz,33,12,34.2,0.0603,block,assisted,right-foot,false
2026,Switzerland vs Colombia,Round of 16,Switzerland,Djibril Sow,47,13.9,56.8,0.1443,miss,regular,left-foot,false
2026,Switzerland vs Colombia,Round of 16,Switzerland,Manuel Akanji,127,11.5,50,0.7884,miss,shootout,right-foot,false
2026,Switzerland vs Colombia,Round of 16,Switzerland,Dan Ndoye,90,6.3,73.6,0.0125,miss,assisted,right-foot,false
2026,Switzerland vs Colombia,Round of 16,Colombia,Luis Díaz,60,14.4,38.8,0.0778,save,regular,left-foot,false
2026,Switzerland vs Colombia,Round of 16,Colombia,Davinson Sánchez,124,11.5,50,0.7884,post,shootout,right-foot,false
2026,Switzerland vs Colombia,Round of 16,Colombia,Luis Javier Suárez,39,19.6,46.1,0.0377,block,assisted,right-foot,false
2026,Tunisia vs Japan,,Japan,Takehiro Tomiyasu,10,1.3,56.9,0.2569,save,corner,right-foot,false
2026,Tunisia vs Japan,,Japan,Ayase Ueda,10,14.3,72.1,0.0219,save,corner,right-foot,false
2026,Tunisia vs Japan,,Japan,Ayase Ueda,63,24,45,0.0205,block,assisted,right-foot,false
2026,Tunisia vs Japan,,Tunisia,Hannibal Mejbri,3,20.6,20.1,0.0142,miss,throw-in-set-piece,right-foot,false
2026,Tunisia vs Japan,,Japan,Ayase Ueda,10,12.9,71.4,0.0385,save,corner,right-foot,false
2026,Tunisia vs Japan,,Japan,Ayase Ueda,6,14.4,51.3,0.1111,miss,assisted,left-foot,false
2026,Tunisia vs Japan,,Tunisia,Omar Rekik,45,12.6,41.4,0.0118,miss,set-piece,head,false
2026,Tunisia vs Japan,,Japan,Junya Ito,85,7.4,32.3,0.0462,block,fast-break,right-foot,false
2026,Tunisia vs Japan,,Japan,Ayase Ueda,83,5.8,47,0.2158,goal,assisted,head,true
2026,Tunisia vs Japan,,Japan,Keito Nakamura,66,19.7,30.3,0.0153,block,assisted,right-foot,false
2026,Tunisia vs Japan,,Japan,Daichi Kamada,4,1.8,47.8,0.8378,goal,assisted,left-foot,true
2026,Tunisia vs Japan,,Tunisia,Sebastian Tounekti,49,9.6,68.8,0.0321,miss,assisted,right-foot,false
2026,Tunisia vs Japan,,Tunisia,Ismael Gharbi,75,11.4,31.8,0.0314,block,corner,left-foot,false
2026,Tunisia vs Japan,,Japan,Ao Tanaka,48,27.7,49.7,0.0271,miss,assisted,right-foot,false
2026,Tunisia vs Japan,,Japan,Junya Ito,69,10.8,55.5,0.5904,goal,assisted,right-foot,true
2026,Tunisia vs Japan,,Japan,Takehiro Tomiyasu,10,1.4,57.5,0.14,miss,corner,right-foot,false
2026,Tunisia vs Japan,,Japan,Ayase Ueda,31,16.9,73,0.0294,goal,fast-break,right-foot,true
2026,Tunisia vs Netherlands,,Netherlands,Brian Brobbey,7,6.2,55.3,0.3831,goal,set-piece,right-foot,true
2026,Tunisia vs Netherlands,,Netherlands,Denzel Dumfries,44,14.5,67.8,0.0706,save,assisted,left-foot,false
2026,Tunisia vs Netherlands,,Netherlands,Virgil van Dijk,78,10.7,53.4,0.037,save,set-piece,head,false
2026,Tunisia vs Netherlands,,Netherlands,Denzel Dumfries,30,16.4,60,0.0649,block,assisted,right-foot,false
2026,Tunisia vs Netherlands,,Netherlands,Ryan Gravenberch,28,13.9,64.1,0.0318,block,assisted,right-foot,false
2026,Tunisia vs Netherlands,,Tunisia,Anis Ben Slimane,12,8.5,48.3,0.0403,save,corner,head,false
2026,Tunisia vs Netherlands,,Netherlands,Frenkie de Jong,11,14.8,48.3,0.1085,block,regular,left-foot,false
2026,Tunisia vs Netherlands,,Netherlands,Donyell Malen,31,18.7,52.2,0.047,miss,corner,right-foot,false
2026,Tunisia vs Netherlands,,Netherlands,Brian Brobbey,42,10.7,58.9,0.0809,block,assisted,right-foot,false
2026,Tunisia vs Netherlands,,Tunisia,Hazem Mastouri,65,26.6,71.8,0.011,save,assisted,right-foot,false
2026,Tunisia vs Netherlands,,Tunisia,Ismael Gharbi,2,10.5,46.8,0.15,miss,assisted,right-foot,false
2026,Tunisia vs Netherlands,,Netherlands,Ellyes Skhiri,3,4.6,49.8,,goal,regular,left-foot,false
2026,Tunisia vs Netherlands,,Netherlands,Ryan Gravenberch,39,27.5,53.2,0.0289,miss,assisted,right-foot,false
2026,Tunisia vs Netherlands,,Tunisia,Elias Achouri,90,15.6,51.4,0.0372,block,corner,right-foot,false
2026,Tunisia vs Netherlands,,Tunisia,Hannibal Mejbri,76,23.5,67.3,0.0212,save,assisted,left-foot,false
2026,Tunisia vs Netherlands,,Netherlands,Cody Gakpo,30,7.3,37.6,0.0496,miss,assisted,head,false
2026,Tunisia vs Netherlands,,Tunisia,Ali Abdi,9,20,34.2,0.0353,miss,assisted,right-foot,false
2026,Tunisia vs Netherlands,,Tunisia,Hazem Mastouri,90,54.8,46.8,0.0115,miss,fast-break,right-foot,false
2026,Tunisia vs Netherlands,,Netherlands,Tijjani Reijnders,68,19.1,51.9,0.0402,save,assisted,right-foot,false
2026,Tunisia vs Netherlands,,Netherlands,Jan Paul van Hecke,17,8.7,52.9,0.0676,miss,set-piece,head,false
2026,Tunisia vs Netherlands,,Netherlands,Jan Paul van Hecke,62,4.4,39.9,0.039,goal,corner,head,true
2026,Tunisia vs Netherlands,,Tunisia,Hazem Mastouri,54,7.9,50.3,0.0652,goal,corner,head,true
2026,Tunisia vs Netherlands,,Netherlands,Denzel Dumfries,51,9.8,53.6,0.1848,save,regular,right-foot,false
2026,Tunisia vs Netherlands,,Tunisia,Ismael Gharbi,32,31.2,46.7,0.0092,miss,set-piece,right-foot,false
2026,Tunisia vs Netherlands,,Netherlands,Donyell Malen,29,22.5,35.8,0.0198,miss,corner,right-foot,false
2026,Tunisia vs Netherlands,,Netherlands,Cody Gakpo,61,13.4,43.7,0.0772,block,assisted,right-foot,false
2026,Tunisia vs Netherlands,,Netherlands,Tijjani Reijnders,19,4.4,61.9,0.0783,save,assisted,right-foot,false
2026,Tunisia vs Netherlands,,Netherlands,Denzel Dumfries,66,7.6,63.9,0.0337,miss,regular,head,false
2026,Tunisia vs Netherlands,,Netherlands,Nathan Aké,80,8.3,48.5,0.1193,miss,set-piece,head,false
2026,Tunisia vs Netherlands,,Netherlands,Tijjani Reijnders,66,15.3,34.9,0.1214,post,regular,right-foot,false
2026,Tunisia vs Netherlands,,Tunisia,Elias Achouri,77,20.9,39.3,0.0497,miss,corner,right-foot,false
2026,Türkiye vs Paraguay,,Türkiye,Hakan Çalhanoğlu,45,26.1,44.5,0.0251,block,assisted,right-foot,false
2026,Türkiye vs Paraguay,,Türkiye,Kenan Yıldız,62,12.5,31.5,0.0391,miss,assisted,right-foot,false
2026,Türkiye vs Paraguay,,Türkiye,İsmail Yüksek,45,24.6,48.9,0.0454,miss,regular,left-foot,false
2026,Türkiye vs Paraguay,,Türkiye,Can Uzun,90,18.7,35.1,0.0662,block,assisted,right-foot,false
2026,Türkiye vs Paraguay,,Türkiye,Merih Demiral,65,26.5,60,0.0273,miss,assisted,right-foot,false
2026,Türkiye vs Paraguay,,Türkiye,Hakan Çalhanoğlu,90,24.7,52.1,0.033,miss,set-piece,right-foot,false
2026,Türkiye vs Paraguay,,Türkiye,Hakan Çalhanoğlu,57,4.5,35.9,0.0769,miss,assisted,left-foot,false
2026,Türkiye vs Paraguay,,Türkiye,Mert Müldür,35,8.8,45.8,0.06,block,set-piece,head,false
2026,Türkiye vs Paraguay,,Paraguay,Julio Enciso,60,7.6,59.7,0.0941,miss,throw-in-set-piece,left-foot,false
2026,Türkiye vs Paraguay,,Türkiye,Hakan Çalhanoğlu,21,21.6,31.1,0.0064,block,corner,right-foot,false
2026,Türkiye vs Paraguay,,Türkiye,Deniz Gül,62,7.4,48.5,0.1503,save,assisted,head,false
2026,Türkiye vs Paraguay,,Türkiye,Kenan Yıldız,30,18.8,48.1,0.0399,save,corner,right-foot,false
2026,Türkiye vs Paraguay,,Türkiye,Mert Müldür,75,7.9,52.1,0.0828,block,corner,head,false
2026,Türkiye vs Paraguay,,Paraguay,Gustavo Gómez,89,9.8,51.2,0.0533,block,set-piece,head,false
2026,Türkiye vs Paraguay,,Türkiye,Abdülkerim Bardakcı,74,22.5,23.6,0.0146,save,assisted,left-foot,false
2026,Türkiye vs Paraguay,,Türkiye,Barış Alper Yılmaz,73,19.5,73,0.0249,miss,fast-break,right-foot,false
2026,Türkiye vs Paraguay,,Türkiye,Kenan Yıldız,36,12.8,30.1,0.022,miss,assisted,right-foot,false
2026,Türkiye vs Paraguay,,Paraguay,Matías Galarza,90,25.6,49.7,0.0608,block,fast-break,left-foot,false
2026,Türkiye vs Paraguay,,Türkiye,Can Uzun,89,13.5,47.4,0.1724,save,assisted,right-foot,false
2026,Türkiye vs Paraguay,,Türkiye,Can Uzun,82,18.1,35.6,0.047,miss,assisted,right-foot,false
2026,Türkiye vs Paraguay,,Türkiye,Hakan Çalhanoğlu,23,8.6,8,0.0248,block,free-kick,right-foot,false
2026,Türkiye vs Paraguay,,Türkiye,Abdülkerim Bardakcı,45,26.3,33.6,0.0215,block,assisted,left-foot,false
2026,Türkiye vs Paraguay,,Paraguay,Juan Cáceres,37,7.7,71.6,0.0528,save,assisted,right-foot,false
2026,Türkiye vs Paraguay,,Türkiye,Mert Müldür,78,9.9,41.7,0.0558,miss,assisted,head,false
2026,Türkiye vs Paraguay,,Türkiye,Merih Demiral,80,9.8,57.9,0.1938,miss,assisted,right-foot,false
2026,Türkiye vs Paraguay,,Türkiye,Merih Demiral,47,30.3,65.4,0.0161,save,assisted,right-foot,false
2026,Türkiye vs Paraguay,,Paraguay,Matías Galarza,2,24,48.5,0.0298,goal,assisted,left-foot,true
2026,Türkiye vs Paraguay,,Türkiye,Kenan Yıldız,90,13.8,28,0.0296,block,assisted,right-foot,false
2026,Türkiye vs Paraguay,,Türkiye,Arda Güler,86,20.3,66,0.0352,block,assisted,left-foot,false
2026,Türkiye vs Paraguay,,Türkiye,Kenan Yıldız,15,8.3,29.7,0.0478,block,regular,right-foot,false
2026,Türkiye vs Paraguay,,Paraguay,Diego Gómez,11,27.7,49.9,0.0232,miss,regular,right-foot,false
2026,Türkiye vs Paraguay,,Türkiye,Merih Demiral,59,25,71.4,0.0199,save,assisted,right-foot,false
2026,Türkiye vs Paraguay,,Türkiye,Deniz Gül,89,3.9,41.9,0.4384,miss,regular,left-foot,false
2026,Türkiye vs Paraguay,,Türkiye,Kenan Yıldız,48,6.3,29.1,0.0258,miss,throw-in-set-piece,left-foot,false
2026,Türkiye vs Paraguay,,Paraguay,Omar Alderete,11,30.5,47.4,0.0061,miss,regular,left-foot,false
2026,Türkiye vs Paraguay,,Türkiye,Hakan Çalhanoğlu,76,22.5,56.8,0.0282,block,corner,right-foot,false
2026,Türkiye vs Paraguay,,Türkiye,Arda Güler,14,15.4,56.8,0.1938,miss,fast-break,right-foot,false
2026,Türkiye vs Paraguay,,Türkiye,Arda Güler,25,28.2,68.1,0.0166,block,regular,left-foot,false
2026,Türkiye vs Paraguay,,Türkiye,Hakan Çalhanoğlu,45,28.2,35.8,0.0188,block,assisted,right-foot,false
2026,Türkiye vs Paraguay,,Türkiye,İsmail Yüksek,45,13.8,31.5,0.0385,miss,throw-in-set-piece,right-foot,false
2026,Türkiye vs Paraguay,,Türkiye,Merih Demiral,90,8.8,48.6,0.0762,miss,throw-in-set-piece,head,false
2026,Türkiye vs USA,,USA,Brenden Aaronson,13,14.2,60.9,0.0863,block,assisted,left-foot,false
2026,Türkiye vs USA,,USA,Giovanni Reyna,1,13.8,63.3,0.0982,block,assisted,right-foot,false
2026,Türkiye vs USA,,USA,Alex Zendejas,90,16,70.6,0.0203,block,assisted,left-foot,false
2026,Türkiye vs USA,,USA,Christian Pulišić,62,4.1,29.7,0.0265,save,assisted,left-foot,false
2026,Türkiye vs USA,,USA,Christian Pulišić,77,21,66.1,0.0403,miss,corner,left-foot,false
2026,Türkiye vs USA,,USA,Auston Trusty,2,12.7,43.3,0.0926,save,corner,right-foot,false
2026,Türkiye vs USA,,USA,Auston Trusty,3,3.8,65,0.0634,goal,corner,left-foot,true
2026,Türkiye vs USA,,USA,Miles Robinson,29,9.3,51.7,0.0837,miss,corner,head,false
2026,Türkiye vs USA,,USA,Christian Pulišić,63,8.3,47.1,0.5545,save,assisted,left-foot,false
2026,Türkiye vs USA,,Türkiye,Orkun Kökçü,31,4.2,47.6,0.6432,miss,assisted,right-foot,false
2026,Türkiye vs USA,,USA,Brenden Aaronson,62,14,45.2,0.2926,miss,regular,right-foot,false
2026,Türkiye vs USA,,Türkiye,Arda Güler,10,7.6,51.2,0.5308,goal,assisted,left-foot,true
2026,Türkiye vs USA,,USA,Weston McKennie,45,26.7,48.6,0.0247,save,assisted,right-foot,false
2026,Türkiye vs USA,,Türkiye,Can Uzun,90,2.8,40.9,0.1148,save,throw-in-set-piece,right-foot,false
2026,Türkiye vs USA,,Türkiye,Barış Alper Yılmaz,31,4.6,51,0.452,goal,assisted,right-foot,true
2026,Türkiye vs USA,,USA,Ricardo Pepi,63,9.3,55.2,0.0781,miss,assisted,right-foot,false
2026,Türkiye vs USA,,Türkiye,Kenan Yıldız,79,6.3,30,0.0603,save,assisted,left-foot,false
2026,Türkiye vs USA,,USA,Ricardo Pepi,90,11.1,33,0.0625,block,assisted,left-foot,false
2026,Türkiye vs USA,,USA,Brenden Aaronson,13,12.7,62,0.1369,save,regular,right-foot,false
2026,Türkiye vs USA,,Türkiye,Kenan Yıldız,72,13.3,24.4,0.0226,miss,assisted,right-foot,false
2026,Türkiye vs USA,,Türkiye,Kaan Ayhan,90,2.4,53.2,0.9434,goal,regular,right-foot,true
2026,Türkiye vs USA,,Türkiye,Abdülkerim Bardakcı,40,1.9,59.9,0.0573,block,set-piece,left-foot,false
2026,Türkiye vs USA,,Türkiye,Kenan Yıldız,43,8.7,27,0.0184,block,fast-break,left-foot,false
2026,Türkiye vs USA,,USA,Auston Trusty,45,7.9,49.7,0.1166,miss,corner,head,false
2026,Türkiye vs USA,,USA,Weston McKennie,66,9.8,56.4,0.0433,miss,corner,head,false
2026,Türkiye vs USA,,USA,Weston McKennie,63,9.4,52.2,0.1936,block,assisted,left-foot,false
2026,Türkiye vs USA,,Türkiye,Arda Güler,83,7.3,39.7,0.0429,block,regular,head,false
2026,Türkiye vs USA,,Türkiye,Orkun Kökçü,81,20.6,62.4,0.0403,miss,assisted,right-foot,false
2026,Türkiye vs USA,,USA,Sebastian Berhalter,49,17.8,35.8,0.0543,goal,throw-in-set-piece,right-foot,true
2026,USA vs Australia,,USA,Sergiño Dest,43,18.3,51,0.0572,block,set-piece,right-foot,false
2026,USA vs Australia,,USA,Cameron Burgess,11,3.7,50.6,,goal,regular,left-foot,false
2026,USA vs Australia,,Australia,Mohamed Touré,1,12.2,76.1,0.0273,save,regular,right-foot,false
2026,USA vs Australia,,USA,Sergiño Dest,9,9.4,68.2,0.0395,block,assisted,left-foot,false
2026,USA vs Australia,,USA,Alexander Freeman,43,3.3,51.1,0.6042,goal,set-piece,head,true
2026,USA vs Australia,,Australia,Alessandro Circati,87,18.8,45,0.0346,miss,regular,left-foot,false
2026,USA vs Australia,,Australia,Cristian Volpato,62,11,59.5,0.2417,miss,fast-break,right-foot,false
2026,USA vs Australia,,USA,Weston McKennie,17,12.9,60.3,0.0394,miss,set-piece,right-foot,false
2026,USA vs Australia,,USA,Sergiño Dest,45,18.1,63.3,0.0252,save,assisted,left-foot,false
2026,USA vs Australia,,Australia,Mathew Leckie,13,15.7,54.1,0.0961,miss,assisted,right-foot,false
2026,USA vs Australia,,USA,Folarin Balogun,54,9.6,48.3,0.0513,block,corner,head,false
2026,USA vs Australia,,USA,Folarin Balogun,51,13,62.2,0.098,block,fast-break,right-foot,false
2026,USA vs Australia,,USA,Ricardo Pepi,38,9.8,49.9,0.059,miss,assisted,head,false
2026,USA vs Australia,,Australia,Connor Metcalfe,65,18.4,49,0.0435,save,assisted,left-foot,false
2026,USA vs Australia,,USA,Ricardo Pepi,5,10.1,52.1,0.0518,block,assisted,head,false
2026,USA vs Australia,,USA,Weston McKennie,15,4.3,52.1,0.2623,block,corner,head,false
2026,USA vs Australia,,USA,Folarin Balogun,22,14.4,45.4,0.0669,block,assisted,left-foot,false
2026,USA vs Belgium,Round of 16,Belgium,Leandro Trossard,1,20.1,40.9,0.0482,block,regular,left-foot,false
2026,USA vs Belgium,Round of 16,Belgium,Leandro Trossard,14,27.5,55.2,0.0274,miss,assisted,right-foot,false
2026,USA vs Belgium,Round of 16,Belgium,Romelu Lukaku,90,9.2,33.3,0.0526,goal,assisted,right-foot,true
2026,USA vs Belgium,Round of 16,USA,Folarin Balogun,82,8,32.1,0.0795,save,fast-break,left-foot,false
2026,USA vs Belgium,Round of 16,Belgium,Charles De Ketelaere,9,2.4,49.4,0.8822,goal,assisted,right-foot,true
2026,USA vs Belgium,Round of 16,USA,Malik Tillman,31,23.7,48.1,0.1035,goal,free-kick,right-foot,true
2026,USA vs Belgium,Round of 16,Belgium,Hans Vanaken,57,29.6,42.7,0.0836,goal,assisted,right-foot,true
2026,USA vs Belgium,Round of 16,Belgium,Leandro Trossard,62,13.2,31.2,0.0518,block,fast-break,left-foot,false
2026,USA vs Belgium,Round of 16,Belgium,Dodi Lukebakio,43,8.9,47.9,0.1594,miss,set-piece,head,false
2026,USA vs Belgium,Round of 16,USA,Alexander Freeman,66,11.3,43.4,0.0198,miss,corner,head,false
2026,USA vs Belgium,Round of 16,Belgium,Timothy Castagne,1,25.4,53.4,0.0305,save,throw-in-set-piece,right-foot,false
2026,USA vs Belgium,Round of 16,Belgium,Charles De Ketelaere,2,10.7,54.6,0.0238,save,corner,head,false
2026,USA vs Belgium,Round of 16,Belgium,Charles De Ketelaere,33,3.1,51.9,0.3166,goal,assisted,head,true
2026,USA vs Belgium,Round of 16,Belgium,Leandro Trossard,86,12.5,64,0.063,block,assisted,left-foot,false
2026,USA vs Belgium,Round of 16,USA,Alexander Freeman,45,9.1,55.4,0.0561,miss,throw-in-set-piece,head,false
2026,USA vs Belgium,Round of 16,USA,Folarin Balogun,45,5.7,49.1,0.2582,miss,throw-in-set-piece,right-foot,false
2026,USA vs Belgium,Round of 16,Belgium,Nicolas Raskin,9,7.4,32.7,0.0397,block,regular,left-foot,false
2026,USA vs Belgium,Round of 16,Belgium,Dodi Lukebakio,45,13.2,31.7,0.0239,miss,corner,left-foot,false
2026,USA vs Belgium,Round of 16,USA,Folarin Balogun,83,7.7,52.3,0.0911,miss,corner,head,false
2026,USA vs Belgium,Round of 16,Belgium,Youri Tielemans,1,19.1,49.5,0.0595,block,throw-in-set-piece,left-foot,false
2026,USA vs Belgium,Round of 16,Belgium,Nicolas Raskin,39,5,62,0.0529,save,corner,right-foot,false
2026,USA vs Belgium,Round of 16,USA,Sebastian Berhalter,79,19.8,49.3,0.0576,miss,regular,left-foot,false
2026,USA vs Belgium,Round of 16,Belgium,Youri Tielemans,8,8.1,55.3,0.2765,miss,assisted,right-foot,false
2026,USA vs Bosnia & Herzegovina,Round of 32,USA,Folarin Balogun,15,10.1,60.3,0.167,miss,set-piece,right-foot,false
2026,USA vs Bosnia & Herzegovina,Round of 32,Bosnia & Herzegovina,Ermin Mahmić,90,29.7,32.2,0.0109,miss,assisted,right-foot,false
2026,USA vs Bosnia & Herzegovina,Round of 32,USA,Malik Tillman,82,18.4,34.5,0.0749,goal,free-kick,right-foot,true
2026,USA vs Bosnia & Herzegovina,Round of 32,Bosnia & Herzegovina,Esmir Bajraktarević,68,13.2,26.4,0.0262,save,regular,left-foot,false
2026,USA vs Bosnia & Herzegovina,Round of 32,Bosnia & Herzegovina,Ermin Mahmić,90,26.5,66.5,0.0237,miss,fast-break,right-foot,false
2026,USA vs Bosnia & Herzegovina,Round of 32,USA,Antonee Robinson,18,4.6,52.4,0.2524,miss,regular,head,false
2026,USA vs Bosnia & Herzegovina,Round of 32,USA,Folarin Balogun,45,13.4,54.5,0.2069,goal,regular,left-foot,true
2026,USA vs Bosnia & Herzegovina,Round of 32,Bosnia & Herzegovina,Kerim Alajbegović,77,18.5,38.8,0.0277,block,regular,left-foot,false
2026,USA vs Bosnia & Herzegovina,Round of 32,USA,Malik Tillman,79,12.3,48.7,0.0761,block,assisted,left-foot,false
2026,USA vs Bosnia & Herzegovina,Round of 32,Bosnia & Herzegovina,Amar Dedić,74,24.9,57.3,0.0108,block,corner,left-foot,false
2026,USA vs Bosnia & Herzegovina,Round of 32,USA,Folarin Balogun,45,5,54.4,0.1992,post,assisted,right-foot,false
2026,USA vs Bosnia & Herzegovina,Round of 32,Bosnia & Herzegovina,Nikola Katić,56,30.6,75.9,0.0154,miss,assisted,right-foot,false
2026,USA vs Bosnia & Herzegovina,Round of 32,USA,Folarin Balogun,42,4.2,60.1,0.0653,miss,set-piece,right-foot,false
2026,USA vs Bosnia & Herzegovina,Round of 32,Bosnia & Herzegovina,Ermedin Demirović,10,14.2,64.9,0.044,save,assisted,right-foot,false
2026,USA vs Bosnia & Herzegovina,Round of 32,USA,Alexander Freeman,90,14.7,67,0.0402,miss,regular,right-foot,false
2026,USA vs Bosnia & Herzegovina,Round of 32,USA,Christian Pulišić,4,20.3,51,0.0869,block,assisted,right-foot,false
2026,USA vs Bosnia & Herzegovina,Round of 32,USA,Chris Richards,49,12.1,46.2,0.0229,miss,corner,head,false
2026,USA vs Bosnia & Herzegovina,Round of 32,Bosnia & Herzegovina,Kerim Alajbegović,90,15.1,25.5,0.0259,miss,assisted,right-foot,false
2026,USA vs Bosnia & Herzegovina,Round of 32,Bosnia & Herzegovina,Amar Memić,90,2.9,69.1,0.0203,block,regular,right-foot,false
2026,USA vs Bosnia & Herzegovina,Round of 32,Bosnia & Herzegovina,Ermedin Demirović,66,15.7,49.5,0.0427,save,regular,right-foot,false
2026,USA vs Paraguay,,Paraguay,Miguel Almirón,71,19.7,49.8,0.0264,block,throw-in-set-piece,left-foot,false
2026,USA vs Paraguay,,USA,Ricardo Pepi,89,10.8,44.5,0.0912,miss,assisted,left-foot,false
2026,USA vs Paraguay,,Paraguay,Julio Enciso,65,13.6,33.4,0.0234,block,assisted,right-foot,false
2026,USA vs Paraguay,,USA,Folarin Balogun,35,9.2,44.5,0.0833,miss,assisted,head,false
2026,USA vs Paraguay,,Paraguay,Diego Gómez,51,13.1,43.5,0.0401,miss,set-piece,head,false
2026,USA vs Paraguay,,Paraguay,Diego Gómez,65,24,54.7,0.0339,miss,assisted,right-foot,false
2026,USA vs Paraguay,,USA,Folarin Balogun,45,12.8,56.5,0.1481,goal,assisted,left-foot,true
2026,USA vs Paraguay,,USA,Malik Tillman,61,12.7,42.4,0.0646,miss,regular,right-foot,false
2026,USA vs Paraguay,,USA,Timothy Weah,90,32.7,43.8,0.0154,block,assisted,right-foot,false
2026,USA vs Paraguay,,USA,Malik Tillman,37,18.3,55.8,0.0756,block,regular,left-foot,false
2026,USA vs Paraguay,,USA,Timothy Weah,77,13.4,72.3,0.0322,miss,assisted,right-foot,false
2026,USA vs Paraguay,,USA,Folarin Balogun,31,12.5,42,0.1551,goal,assisted,right-foot,true
2026,USA vs Paraguay,,Paraguay,Miguel Almirón,48,24.1,59.7,0.0173,block,regular,left-foot,false
2026,USA vs Paraguay,,USA,Giovanni Reyna,90,13.9,62.9,0.077,goal,assisted,right-foot,true
2026,USA vs Paraguay,,Paraguay,Mauricio,73,11.9,41.9,0.2172,goal,set-piece,left-foot,true
2026,USA vs Paraguay,,Paraguay,Diego Gómez,49,12.2,67.1,0.0319,block,regular,right-foot,false
2026,USA vs Paraguay,,USA,Damián Bobadilla,7,7.9,45.8,,goal,regular,right-foot,false
2026,USA vs Paraguay,,USA,Malik Tillman,75,13.9,51.7,0.1556,save,assisted,right-foot,false
2026,USA vs Paraguay,,Paraguay,Julio Enciso,14,18.1,67.7,0.024,miss,assisted,right-foot,false
2026,USA vs Paraguay,,USA,Chris Richards,38,10.2,45.4,0.0266,miss,corner,head,false
2026,USA vs Paraguay,,Paraguay,Diego Gómez,2,1.8,35.4,0.0616,miss,assisted,left-foot,false
2026,USA vs Paraguay,,USA,Sebastian Berhalter,90,37.2,59.8,0.0162,miss,regular,right-foot,false
2026,USA vs Paraguay,,USA,Malik Tillman,43,3.9,56.8,0.2703,save,regular,right-foot,false
2026,USA vs Paraguay,,USA,Folarin Balogun,47,16.1,29.5,0.0182,block,throw-in-set-piece,right-foot,false
2026,USA vs Paraguay,,USA,Folarin Balogun,3,12.7,65.7,0.0365,save,assisted,right-foot,false
2026,USA vs Paraguay,,USA,Malik Tillman,57,12.7,60.3,0.0851,block,assisted,right-foot,false
2026,USA vs Paraguay,,Paraguay,Diego Gómez,50,23.2,34.3,0.0308,block,corner,right-foot,false
2026,Uruguay vs Cabo Verde,,Cabo Verde,Diney Borges,43,58.8,51.5,0.0117,miss,fast-break,right-foot,false
2026,Uruguay vs Cabo Verde,,Uruguay,Federico Valverde,90,18.7,47.8,0.1681,miss,free-kick,right-foot,false
2026,Uruguay vs Cabo Verde,,Cabo Verde,Jamiro Monteiro,63,26.1,57.2,0.0575,miss,fast-break,right-foot,false
2026,Uruguay vs Cabo Verde,,Uruguay,Rodrigo Bentancur,86,4.2,39.4,0.068,block,corner,head,false
2026,Uruguay vs Cabo Verde,,Uruguay,Manuel Ugarte,33,19.5,51.5,0.0254,miss,regular,right-foot,false
2026,Uruguay vs Cabo Verde,,Uruguay,Federico Valverde,28,15.4,28.2,0.0287,miss,throw-in-set-piece,right-foot,false
2026,Uruguay vs Cabo Verde,,Uruguay,Federico Valverde,24,20.7,38.7,0.0306,block,corner,right-foot,false
2026,Uruguay vs Cabo Verde,,Uruguay,Agustín Canobbio,90,12.6,64.6,0.062,miss,fast-break,right-foot,false
2026,Uruguay vs Cabo Verde,,Uruguay,Sebastián Cáceres,42,28.1,61.7,0.0207,block,assisted,right-foot,false
2026,Uruguay vs Cabo Verde,,Uruguay,Nicolás de la Cruz,79,26.3,32.9,0.015,miss,assisted,right-foot,false
2026,Uruguay vs Cabo Verde,,Cabo Verde,Kevin Pina,21,30.3,52.8,0.0389,goal,free-kick,right-foot,true
2026,Uruguay vs Cabo Verde,,Cabo Verde,Pico,76,4.2,57.7,0.1573,block,corner,head,false
2026,Uruguay vs Cabo Verde,,Cabo Verde,Laros Duarte,90,31.5,66.9,0.0367,save,free-kick,right-foot,false
2026,Uruguay vs Cabo Verde,,Uruguay,Maximiliano Araújo,44,2.7,49.9,0.8897,goal,regular,head,true
2026,Uruguay vs Cabo Verde,,Uruguay,Federico Valverde,34,30.9,59.1,0.0162,miss,assisted,right-foot,false
2026,Uruguay vs Cabo Verde,,Cabo Verde,Sidny Lopes Cabral,90,25.5,26.7,0.0181,block,assisted,left-foot,false
2026,Uruguay vs Cabo Verde,,Uruguay,Federico Valverde,67,23.7,40.1,0.0301,block,assisted,right-foot,false
2026,Uruguay vs Cabo Verde,,Uruguay,Brian Rodríguez,86,10.4,40.5,0.0748,block,regular,right-foot,false
2026,Uruguay vs Cabo Verde,,Cabo Verde,Pico,76,4.2,57.7,0.1131,miss,corner,head,false
2026,Uruguay vs Cabo Verde,,Cabo Verde,Sidny Lopes Cabral,52,29.1,27.8,0.0081,miss,assisted,right-foot,false
2026,Uruguay vs Cabo Verde,,Cabo Verde,Jamiro Monteiro,59,25.4,28.2,0.0322,block,free-kick,right-foot,false
2026,Uruguay vs Cabo Verde,,Cabo Verde,Hélio Varela,61,24.3,68.9,0.403,goal,regular,right-foot,true
2026,Uruguay vs Cabo Verde,,Uruguay,Federico Valverde,24,29.9,28.6,0.0154,block,assisted,right-foot,false
2026,Uruguay vs Cabo Verde,,Uruguay,Federico Valverde,14,12.2,34,0.2459,miss,fast-break,left-foot,false
2026,Uruguay vs Cabo Verde,,Cabo Verde,Laros Duarte,90,17.6,63.4,0.0481,save,assisted,left-foot,false
2026,Uruguay vs Cabo Verde,,Uruguay,Agustín Canobbio,45,7,50.9,0.558,goal,assisted,right-foot,true
2026,Uruguay vs Cabo Verde,,Uruguay,Rodrigo Bentancur,7,4.2,40.5,0.0594,block,corner,head,false
2026,Uruguay vs Cabo Verde,,Cabo Verde,Ryan Mendes,90,19.3,46.4,0.0545,block,regular,right-foot,false
2026,Uruguay vs Cabo Verde,,Uruguay,Maximiliano Araújo,40,9.5,36.6,0.036,miss,assisted,head,false
2026,Uruguay vs Cabo Verde,,Cabo Verde,Ryan Mendes,90,15.1,72.2,0.0357,block,assisted,right-foot,false
2026,Uruguay vs Spain,,Spain,Alex Baena,42,14.1,54.3,0.1426,goal,assisted,right-foot,true
2026,Uruguay vs Spain,,Uruguay,Nicolás de la Cruz,85,29.9,53.6,0.0184,save,assisted,right-foot,false
2026,Uruguay vs Spain,,Spain,Ferran Torres,86,15.7,49,0.3823,post,assisted,right-foot,false
2026,Uruguay vs Spain,,Spain,Pau Cubarsí,16,8.1,44.3,0.0482,miss,corner,head,false
2026,Uruguay vs Spain,,Uruguay,Rodrigo Bentancur,36,27.5,54.6,0.0191,miss,assisted,right-foot,false
2026,Uruguay vs Spain,,Spain,Dani Olmo,63,13.5,53.8,0.1709,miss,assisted,right-foot,false
2026,Uruguay vs Spain,,Uruguay,Darwin Núñez,39,56.9,49.5,0.0089,miss,fast-break,right-foot,false
2026,Uruguay vs Spain,,Spain,Lamine Yamal,17,14.7,72.3,0.029,block,assisted,left-foot,false
2026,Uruguay vs Spain,,Spain,Pau Cubarsí,20,4.5,56.3,0.1242,miss,corner,head,false
2026,Uruguay vs Spain,,Spain,Mikel Oyarzabal,45,31.8,39.9,0.0118,miss,assisted,left-foot,false
2026,Uruguay vs Spain,,Uruguay,Agustín Canobbio,32,14.3,34.6,0.0714,block,set-piece,right-foot,false
2026,Uruguay vs Spain,,Uruguay,Federico Viñas,64,3.9,39.7,0.0832,miss,assisted,left-foot,false
2026,Uzbekistan vs Colombia,,Colombia,Luis Díaz,32,7,32.1,0.1342,post,assisted,left-foot,false
2026,Uzbekistan vs Colombia,,Colombia,Jaminton Campaz,90,7.6,45.8,0.1785,goal,assisted,head,true
2026,Uzbekistan vs Colombia,,Colombia,Davinson Sánchez,64,7.6,45.2,0.0667,miss,corner,head,false
2026,Uzbekistan vs Colombia,,Colombia,Jefferson Lerma,86,10.2,39.3,0.0858,miss,corner,right-foot,false
2026,Uzbekistan vs Colombia,,Uzbekistan,Dostonbek Khamdamov,90,7.6,36.4,0.0357,miss,assisted,head,false
2026,Uzbekistan vs Colombia,,Colombia,Jefferson Lerma,45,8.4,64.8,0.0655,miss,corner,left-foot,false
2026,Uzbekistan vs Colombia,,Colombia,Luis Díaz,65,13.4,40.7,0.1483,goal,assisted,right-foot,true
2026,Uzbekistan vs Colombia,,Colombia,Daniel Muñoz,40,8.1,47.2,0.4773,goal,assisted,right-foot,true
2026,Uzbekistan vs Colombia,,Colombia,Johan Mojica,82,28.4,30.1,0.0154,miss,assisted,left-foot,false
2026,Uzbekistan vs Colombia,,Colombia,James Rodríguez,40,13.2,53.6,0.0767,block,assisted,left-foot,false
2026,Uzbekistan vs Colombia,,Uzbekistan,Bekhruz Karimov,90,26.8,66.4,0.0081,post,regular,right-foot,false
2026,Uzbekistan vs Colombia,,Colombia,Gustavo Puerta,45,20.9,63.8,0.01,block,corner,right-foot,false
2026,Uzbekistan vs Colombia,,Uzbekistan,Azizbek Amanov,90,26,29.9,0.0112,block,throw-in-set-piece,right-foot,false
2026,Uzbekistan vs Colombia,,Uzbekistan,Bekhruz Karimov,45,20.3,64.2,0.022,miss,corner,right-foot,false
2026,Uzbekistan vs Colombia,,Colombia,Jhon Arias,64,12.6,47.6,0.1847,block,assisted,left-foot,false
2026,Uzbekistan vs Colombia,,Uzbekistan,Abbosbek Fayzullaev,60,1.5,48.9,0.9823,goal,regular,head,true
2026,Uzbekistan vs Colombia,,Uzbekistan,Dostonbek Khamdamov,88,19.7,73.2,0.019,block,assisted,left-foot,false
2026,Uzbekistan vs Colombia,,Colombia,Jhon Arias,17,21.3,64.6,0.0528,miss,assisted,right-foot,false
2026,Uzbekistan vs Colombia,,Colombia,James Rodríguez,45,32.4,59.1,0.0154,save,assisted,left-foot,false
2026,Uzbekistan vs Colombia,,Colombia,Jefferson Lerma,64,25.5,49.1,0.032,block,regular,right-foot,false
2026,Uzbekistan vs Colombia,,Colombia,Jaminton Campaz,87,16.9,65.8,0.0725,miss,regular,left-foot,false
2026,Uzbekistan vs Colombia,,Uzbekistan,Akmal Mozgovoy,90,10.3,34.5,0.0804,miss,assisted,right-foot,false
2026,Uzbekistan vs Colombia,,Uzbekistan,Eldor Shomurodov,60,9.2,67.7,0.0368,save,assisted,right-foot,false
